tools/scaninc/scaninc -M build/emerald-test/data/sound_data.d -g build/assets -I include -I "" data/sound_data.s
tools/scaninc/scaninc -M build/emerald-test/data/mystery_gift.d -g build/assets -I include -I "" data/mystery_gift.s
tools/scaninc/scaninc -M build/emerald-test/data/contest_ai_scripts.d -g build/assets -I include -I "" data/contest_ai_scripts.s
tools/scaninc/scaninc -M build/emerald-test/src/mini_printf.d -g build/assets -I include -I tools/agbcc/include src/mini_printf.c
tools/scaninc/scaninc -M build/emerald-test/data/maps.d -g build/assets -I include -I "" data/maps.s
tools/scaninc/scaninc -M build/emerald-test/data/map_events.d -g build/assets -I include -I "" data/map_events.s
tools/scaninc/scaninc -M build/emerald-test/data/event_scripts.d -g build/assets -I include -I "" data/event_scripts.s
tools/scaninc/scaninc -M build/emerald-test/data/battle_scripts_2.d -g build/assets -I include -I "" data/battle_scripts_2.s
tools/scaninc/scaninc -M build/emerald-test/data/battle_scripts_1.d -g build/assets -I include -I "" data/battle_scripts_1.s
tools/scaninc/scaninc -M build/emerald-test/data/battle_anim_scripts.d -g build/assets -I include -I "" data/battle_anim_scripts.s
tools/scaninc/scaninc -M build/emerald-test/test/battle/weather/sunlight.d -g build/assets -I include -I tools/agbcc/include test/battle/weather/sunlight.c
tools/scaninc/scaninc -M build/emerald-test/test/battle/weather/strong_winds.d -g build/assets -I include -I tools/agbcc/include test/battle/weather/strong_winds.c
tools/scaninc/scaninc -M build/emerald-test/test/battle/weather/snow.d -g build/assets -I include -I tools/agbcc/include test/battle/weather/snow.c
tools/scaninc/scaninc -M build/emerald-test/test/battle/weather/sandstorm.d -g build/assets -I include -I tools/agbcc/include test/battle/weather/sandstorm.c
tools/scaninc/scaninc -M build/emerald-test/test/battle/weather/rain.d -g build/assets -I include -I tools/agbcc/include test/battle/weather/rain.c
tools/scaninc/scaninc -M build/emerald-test/test/battle/weather/hail.d -g build/assets -I include -I tools/agbcc/include test/battle/weather/hail.c
tools/scaninc/scaninc -M build/emerald-test/test/battle/volatiles/confusion.d -g build/assets -I include -I tools/agbcc/include test/battle/volatiles/confusion.c
tools/scaninc/scaninc -M build/emerald-test/test/battle/status1/sleep.d -g build/assets -I include -I tools/agbcc/include test/battle/status1/sleep.c
tools/scaninc/scaninc -M build/emerald-test/test/battle/status1/poison.d -g build/assets -I include -I tools/agbcc/include test/battle/status1/poison.c
tools/scaninc/scaninc -M build/emerald-test/test/battle/status1/paralysis.d -g build/assets -I include -I tools/agbcc/include test/battle/status1/paralysis.c
tools/scaninc/scaninc -M build/emerald-test/test/battle/status1/frostbite.d -g build/assets -I include -I tools/agbcc/include test/battle/status1/frostbite.c
tools/scaninc/scaninc -M build/emerald-test/test/battle/status1/freeze.d -g build/assets -I include -I tools/agbcc/include test/battle/status1/freeze.c
tools/scaninc/scaninc -M build/emerald-test/test/battle/status1/burn.d -g build/assets -I include -I tools/agbcc/include test/battle/status1/burn.c
tools/scaninc/scaninc -M build/emerald-test/test/battle/status1/bad_poison.d -g build/assets -I include -I tools/agbcc/include test/battle/status1/bad_poison.c
tools/scaninc/scaninc -M build/emerald-test/test/battle/starting_status/terrain.d -g build/assets -I include -I tools/agbcc/include test/battle/starting_status/terrain.c
tools/scaninc/scaninc -M build/emerald-test/test/battle/starting_status/hazards.d -g build/assets -I include -I tools/agbcc/include test/battle/starting_status/hazards.c
tools/scaninc/scaninc -M build/emerald-test/test/battle/move_flags/strike_count.d -g build/assets -I include -I tools/agbcc/include test/battle/move_flags/strike_count.c
tools/scaninc/scaninc -M build/emerald-test/test/battle/move_flags/recoil.d -g build/assets -I include -I tools/agbcc/include test/battle/move_flags/recoil.c
tools/scaninc/scaninc -M build/emerald-test/test/battle/move_flags/powder.d -g build/assets -I include -I tools/agbcc/include test/battle/move_flags/powder.c
tools/scaninc/scaninc -M build/emerald-test/test/battle/move_flags/move_has_no_effect_on_same_type.d -g build/assets -I include -I tools/agbcc/include test/battle/move_flags/move_has_no_effect_on_same_type.c
tools/scaninc/scaninc -M build/emerald-test/test/battle/move_flags/minimize_double_damage.d -g build/assets -I include -I tools/agbcc/include test/battle/move_flags/minimize_double_damage.c
tools/scaninc/scaninc -M build/emerald-test/test/battle/move_flags/ignore_type_if_flying_and_ungrounded.d -g build/assets -I include -I tools/agbcc/include test/battle/move_flags/ignore_type_if_flying_and_ungrounded.c
tools/scaninc/scaninc -M build/emerald-test/test/battle/move_flags/ignores_target_ability.d -g build/assets -I include -I tools/agbcc/include test/battle/move_flags/ignores_target_ability.c
tools/scaninc/scaninc -M build/emerald-test/test/battle/move_flags/explosion.d -g build/assets -I include -I tools/agbcc/include test/battle/move_flags/explosion.c
tools/scaninc/scaninc -M build/emerald-test/test/battle/move_flags/damages_underwater.d -g build/assets -I include -I tools/agbcc/include test/battle/move_flags/damages_underwater.c
tools/scaninc/scaninc -M build/emerald-test/test/battle/move_flags/damages_underground.d -g build/assets -I include -I tools/agbcc/include test/battle/move_flags/damages_underground.c
tools/scaninc/scaninc -M build/emerald-test/test/battle/move_flags/damages_airborne_double_damage.d -g build/assets -I include -I tools/agbcc/include test/battle/move_flags/damages_airborne_double_damage.c
tools/scaninc/scaninc -M build/emerald-test/test/battle/move_flags/critical_hit_stage.d -g build/assets -I include -I tools/agbcc/include test/battle/move_flags/critical_hit_stage.c
tools/scaninc/scaninc -M build/emerald-test/test/battle/move_flags/cant_use_twice.d -g build/assets -I include -I tools/agbcc/include test/battle/move_flags/cant_use_twice.c
tools/scaninc/scaninc -M build/emerald-test/test/battle/move_flags/always_hits_in_rain.d -g build/assets -I include -I tools/agbcc/include test/battle/move_flags/always_hits_in_rain.c
tools/scaninc/scaninc -M build/emerald-test/test/battle/move_flags/always_hits_in_hail_snow.d -g build/assets -I include -I tools/agbcc/include test/battle/move_flags/always_hits_in_hail_snow.c
tools/scaninc/scaninc -M build/emerald-test/test/battle/move_flags/accuracy_50_in_sun.d -g build/assets -I include -I tools/agbcc/include test/battle/move_flags/accuracy_50_in_sun.c
tools/scaninc/scaninc -M build/emerald-test/test/battle/move_effect/yawn.d -g build/assets -I include -I tools/agbcc/include test/battle/move_effect/yawn.c
tools/scaninc/scaninc -M build/emerald-test/test/battle/move_effect/wonder_room.d -g build/assets -I include -I tools/agbcc/include test/battle/move_effect/wonder_room.c
tools/scaninc/scaninc -M build/emerald-test/test/battle/move_effect/wish.d -g build/assets -I include -I tools/agbcc/include test/battle/move_effect/wish.c
tools/scaninc/scaninc -M build/emerald-test/test/battle/move_effect/will_o_wisp.d -g build/assets -I include -I tools/agbcc/include test/battle/move_effect/will_o_wisp.c
tools/scaninc/scaninc -M build/emerald-test/test/battle/move_effect/weather_ball.d -g build/assets -I include -I tools/agbcc/include test/battle/move_effect/weather_ball.c
tools/scaninc/scaninc -M build/emerald-test/test/battle/move_effect/water_sport.d -g build/assets -I include -I tools/agbcc/include test/battle/move_effect/water_sport.c
tools/scaninc/scaninc -M build/emerald-test/test/battle/move_effect/victory_dance.d -g build/assets -I include -I tools/agbcc/include test/battle/move_effect/victory_dance.c
tools/scaninc/scaninc -M build/emerald-test/test/battle/move_effect/venom_drench.d -g build/assets -I include -I tools/agbcc/include test/battle/move_effect/venom_drench.c
tools/scaninc/scaninc -M build/emerald-test/test/battle/move_effect/uproar.d -g build/assets -I include -I tools/agbcc/include test/battle/move_effect/uproar.c
tools/scaninc/scaninc -M build/emerald-test/test/battle/move_effect/upper_hand.d -g build/assets -I include -I tools/agbcc/include test/battle/move_effect/upper_hand.c
tools/scaninc/scaninc -M build/emerald-test/test/battle/move_effect/two_typed_move.d -g build/assets -I include -I tools/agbcc/include test/battle/move_effect/two_typed_move.c
tools/scaninc/scaninc -M build/emerald-test/test/battle/move_effect/two_turns_attack.d -g build/assets -I include -I tools/agbcc/include test/battle/move_effect/two_turns_attack.c
tools/scaninc/scaninc -M build/emerald-test/test/battle/move_effect/trump_card.d -g build/assets -I include -I tools/agbcc/include test/battle/move_effect/trump_card.c
tools/scaninc/scaninc -M build/emerald-test/test/battle/move_effect/triple_kick.d -g build/assets -I include -I tools/agbcc/include test/battle/move_effect/triple_kick.c
tools/scaninc/scaninc -M build/emerald-test/test/battle/move_effect/trick_room.d -g build/assets -I include -I tools/agbcc/include test/battle/move_effect/trick_room.c
tools/scaninc/scaninc -M build/emerald-test/test/battle/move_effect/trick.d -g build/assets -I include -I tools/agbcc/include test/battle/move_effect/trick.c
tools/scaninc/scaninc -M build/emerald-test/test/battle/move_effect/transform.d -g build/assets -I include -I tools/agbcc/include test/battle/move_effect/transform.c
tools/scaninc/scaninc -M build/emerald-test/test/battle/move_effect/toxic_thread.d -g build/assets -I include -I tools/agbcc/include test/battle/move_effect/toxic_thread.c
tools/scaninc/scaninc -M build/emerald-test/test/battle/move_effect/toxic_spikes.d -g build/assets -I include -I tools/agbcc/include test/battle/move_effect/toxic_spikes.c
tools/scaninc/scaninc -M build/emerald-test/test/battle/move_effect/toxic.d -g build/assets -I include -I tools/agbcc/include test/battle/move_effect/toxic.c
tools/scaninc/scaninc -M build/emerald-test/test/battle/move_effect/torment.d -g build/assets -I include -I tools/agbcc/include test/battle/move_effect/torment.c
tools/scaninc/scaninc -M build/emerald-test/test/battle/move_effect/topsy_turvy.d -g build/assets -I include -I tools/agbcc/include test/battle/move_effect/topsy_turvy.c
tools/scaninc/scaninc -M build/emerald-test/test/battle/move_effect/tidy_up.d -g build/assets -I include -I tools/agbcc/include test/battle/move_effect/tidy_up.c
tools/scaninc/scaninc -M build/emerald-test/test/battle/move_effect/tickle.d -g build/assets -I include -I tools/agbcc/include test/battle/move_effect/tickle.c
tools/scaninc/scaninc -M build/emerald-test/test/battle/move_effect/third_type.d -g build/assets -I include -I tools/agbcc/include test/battle/move_effect/third_type.c
tools/scaninc/scaninc -M build/emerald-test/test/battle/move_effect/terrain_pulse.d -g build/assets -I include -I tools/agbcc/include test/battle/move_effect/terrain_pulse.c
tools/scaninc/scaninc -M build/emerald-test/test/battle/move_effect/terrain_boost.d -g build/assets -I include -I tools/agbcc/include test/battle/move_effect/terrain_boost.c
tools/scaninc/scaninc -M build/emerald-test/test/battle/move_effect/tera_starstorm.d -g build/assets -I include -I tools/agbcc/include test/battle/move_effect/tera_starstorm.c
tools/scaninc/scaninc -M build/emerald-test/test/battle/move_effect/tera_blast.d -g build/assets -I include -I tools/agbcc/include test/battle/move_effect/tera_blast.c
tools/scaninc/scaninc -M build/emerald-test/test/battle/move_effect/teleport.d -g build/assets -I include -I tools/agbcc/include test/battle/move_effect/teleport.c
tools/scaninc/scaninc -M build/emerald-test/test/battle/move_effect/telekinesis.d -g build/assets -I include -I tools/agbcc/include test/battle/move_effect/telekinesis.c
tools/scaninc/scaninc -M build/emerald-test/test/battle/move_effect/teatime.d -g build/assets -I include -I tools/agbcc/include test/battle/move_effect/teatime.c
tools/scaninc/scaninc -M build/emerald-test/test/battle/move_effect/taunt.d -g build/assets -I include -I tools/agbcc/include test/battle/move_effect/taunt.c
tools/scaninc/scaninc -M build/emerald-test/test/battle/move_effect/tar_shot.d -g build/assets -I include -I tools/agbcc/include test/battle/move_effect/tar_shot.c
tools/scaninc/scaninc -M build/emerald-test/test/battle/move_effect/take_heart.d -g build/assets -I include -I tools/agbcc/include test/battle/move_effect/take_heart.c
tools/scaninc/scaninc -M build/emerald-test/test/battle/move_effect/tailwind.d -g build/assets -I include -I tools/agbcc/include test/battle/move_effect/tailwind.c
tools/scaninc/scaninc -M build/emerald-test/test/battle/move_effect/synthesis.d -g build/assets -I include -I tools/agbcc/include test/battle/move_effect/synthesis.c
tools/scaninc/scaninc -M build/emerald-test/test/battle/move_effect/synchronoise.d -g build/assets -I include -I tools/agbcc/include test/battle/move_effect/synchronoise.c
tools/scaninc/scaninc -M build/emerald-test/test/battle/move_effect/swallow.d -g build/assets -I include -I tools/agbcc/include test/battle/move_effect/swallow.c
tools/scaninc/scaninc -M build/emerald-test/test/battle/move_effect/swagger.d -g build/assets -I include -I tools/agbcc/include test/battle/move_effect/swagger.c
tools/scaninc/scaninc -M build/emerald-test/test/battle/move_effect/super_effective_on_arg.d -g build/assets -I include -I tools/agbcc/include test/battle/move_effect/super_effective_on_arg.c
tools/scaninc/scaninc -M build/emerald-test/test/battle/move_effect/sunny_day.d -g build/assets -I include -I tools/agbcc/include test/battle/move_effect/sunny_day.c
tools/scaninc/scaninc -M build/emerald-test/test/battle/move_effect/sucker_punch.d -g build/assets -I include -I tools/agbcc/include test/battle/move_effect/sucker_punch.c
tools/scaninc/scaninc -M build/emerald-test/test/battle/move_effect/substitute.d -g build/assets -I include -I tools/agbcc/include test/battle/move_effect/substitute.c
tools/scaninc/scaninc -M build/emerald-test/test/battle/move_effect/stuff_cheeks.d -g build/assets -I include -I tools/agbcc/include test/battle/move_effect/stuff_cheeks.c
tools/scaninc/scaninc -M build/emerald-test/test/battle/move_effect/struggle.d -g build/assets -I include -I tools/agbcc/include test/battle/move_effect/struggle.c
tools/scaninc/scaninc -M build/emerald-test/test/battle/move_effect/strength_sap.d -g build/assets -I include -I tools/agbcc/include test/battle/move_effect/strength_sap.c
tools/scaninc/scaninc -M build/emerald-test/test/battle/move_effect/stored_power.d -g build/assets -I include -I tools/agbcc/include test/battle/move_effect/stored_power.c
tools/scaninc/scaninc -M build/emerald-test/test/battle/move_effect/stone_axe.d -g build/assets -I include -I tools/agbcc/include test/battle/move_effect/stone_axe.c
tools/scaninc/scaninc -M build/emerald-test/test/battle/move_effect/stomping_tantrum.d -g build/assets -I include -I tools/agbcc/include test/battle/move_effect/stomping_tantrum.c
tools/scaninc/scaninc -M build/emerald-test/test/battle/move_effect/stockpile.d -g build/assets -I include -I tools/agbcc/include test/battle/move_effect/stockpile.c
tools/scaninc/scaninc -M build/emerald-test/test/battle/move_effect/sticky_web.d -g build/assets -I include -I tools/agbcc/include test/battle/move_effect/sticky_web.c
tools/scaninc/scaninc -M build/emerald-test/test/battle/move_effect/steel_roller.d -g build/assets -I include -I tools/agbcc/include test/battle/move_effect/steel_roller.c
tools/scaninc/scaninc -M build/emerald-test/test/battle/move_effect/stealth_rock.d -g build/assets -I include -I tools/agbcc/include test/battle/move_effect/stealth_rock.c
tools/scaninc/scaninc -M build/emerald-test/test/battle/move_effect/steal_item.d -g build/assets -I include -I tools/agbcc/include test/battle/move_effect/steal_item.c
tools/scaninc/scaninc -M build/emerald-test/test/battle/move_effect/spit_up.d -g build/assets -I include -I tools/agbcc/include test/battle/move_effect/spit_up.c
tools/scaninc/scaninc -M build/emerald-test/test/battle/move_effect/spite.d -g build/assets -I include -I tools/agbcc/include test/battle/move_effect/spite.c
tools/scaninc/scaninc -M build/emerald-test/test/battle/move_effect/spikes.d -g build/assets -I include -I tools/agbcc/include test/battle/move_effect/spikes.c
tools/scaninc/scaninc -M build/emerald-test/test/battle/move_effect/spicy_extract.d -g build/assets -I include -I tools/agbcc/include test/battle/move_effect/spicy_extract.c
tools/scaninc/scaninc -M build/emerald-test/test/battle/move_effect/speed_up.d -g build/assets -I include -I tools/agbcc/include test/battle/move_effect/speed_up.c
tools/scaninc/scaninc -M build/emerald-test/test/battle/move_effect/speed_up_2.d -g build/assets -I include -I tools/agbcc/include test/battle/move_effect/speed_up_2.c
tools/scaninc/scaninc -M build/emerald-test/test/battle/move_effect/speed_swap.d -g build/assets -I include -I tools/agbcc/include test/battle/move_effect/speed_swap.c
tools/scaninc/scaninc -M build/emerald-test/test/battle/move_effect/speed_down.d -g build/assets -I include -I tools/agbcc/include test/battle/move_effect/speed_down.c
tools/scaninc/scaninc -M build/emerald-test/test/battle/move_effect/speed_down_2.d -g build/assets -I include -I tools/agbcc/include test/battle/move_effect/speed_down_2.c
tools/scaninc/scaninc -M build/emerald-test/test/battle/move_effect/special_defense_up.d -g build/assets -I include -I tools/agbcc/include test/battle/move_effect/special_defense_up.c
tools/scaninc/scaninc -M build/emerald-test/test/battle/move_effect/special_defense_up_2.d -g build/assets -I include -I tools/agbcc/include test/battle/move_effect/special_defense_up_2.c
tools/scaninc/scaninc -M build/emerald-test/test/battle/move_effect/special_defense_down.d -g build/assets -I include -I tools/agbcc/include test/battle/move_effect/special_defense_down.c
tools/scaninc/scaninc -M build/emerald-test/test/battle/move_effect/special_defense_down_2.d -g build/assets -I include -I tools/agbcc/include test/battle/move_effect/special_defense_down_2.c
tools/scaninc/scaninc -M build/emerald-test/test/battle/move_effect/special_attack_up.d -g build/assets -I include -I tools/agbcc/include test/battle/move_effect/special_attack_up.c
tools/scaninc/scaninc -M build/emerald-test/test/battle/move_effect/special_attack_up_3.d -g build/assets -I include -I tools/agbcc/include test/battle/move_effect/special_attack_up_3.c
tools/scaninc/scaninc -M build/emerald-test/test/battle/move_effect/special_attack_up_2.d -g build/assets -I include -I tools/agbcc/include test/battle/move_effect/special_attack_up_2.c
tools/scaninc/scaninc -M build/emerald-test/test/battle/move_effect/special_attack_down.d -g build/assets -I include -I tools/agbcc/include test/battle/move_effect/special_attack_down.c
tools/scaninc/scaninc -M build/emerald-test/test/battle/move_effect/special_attack_down_2.d -g build/assets -I include -I tools/agbcc/include test/battle/move_effect/special_attack_down_2.c
tools/scaninc/scaninc -M build/emerald-test/test/battle/move_effect/solar_beam.d -g build/assets -I include -I tools/agbcc/include test/battle/move_effect/solar_beam.c
tools/scaninc/scaninc -M build/emerald-test/test/battle/move_effect/softboiled.d -g build/assets -I include -I tools/agbcc/include test/battle/move_effect/softboiled.c
tools/scaninc/scaninc -M build/emerald-test/test/battle/move_effect/soak.d -g build/assets -I include -I tools/agbcc/include test/battle/move_effect/soak.c
tools/scaninc/scaninc -M build/emerald-test/test/battle/move_effect/snowscape.d -g build/assets -I include -I tools/agbcc/include test/battle/move_effect/snowscape.c
tools/scaninc/scaninc -M build/emerald-test/test/battle/move_effect/snore.d -g build/assets -I include -I tools/agbcc/include test/battle/move_effect/snore.c
tools/scaninc/scaninc -M build/emerald-test/test/battle/move_effect/snipe_shot.d -g build/assets -I include -I tools/agbcc/include test/battle/move_effect/snipe_shot.c
tools/scaninc/scaninc -M build/emerald-test/test/battle/move_effect/snatch.d -g build/assets -I include -I tools/agbcc/include test/battle/move_effect/snatch.c
tools/scaninc/scaninc -M build/emerald-test/test/battle/move_effect/smack_down.d -g build/assets -I include -I tools/agbcc/include test/battle/move_effect/smack_down.c
tools/scaninc/scaninc -M build/emerald-test/test/battle/move_effect/sleep_talk.d -g build/assets -I include -I tools/agbcc/include test/battle/move_effect/sleep_talk.c
tools/scaninc/scaninc -M build/emerald-test/test/battle/move_effect/sleep.d -g build/assets -I include -I tools/agbcc/include test/battle/move_effect/sleep.c
tools/scaninc/scaninc -M build/emerald-test/test/battle/move_effect/sky_drop.d -g build/assets -I include -I tools/agbcc/include test/battle/move_effect/sky_drop.c
tools/scaninc/scaninc -M build/emerald-test/test/battle/move_effect/skill_swap.d -g build/assets -I include -I tools/agbcc/include test/battle/move_effect/skill_swap.c
tools/scaninc/scaninc -M build/emerald-test/test/battle/move_effect/sketch.d -g build/assets -I include -I tools/agbcc/include test/battle/move_effect/sketch.c
tools/scaninc/scaninc -M build/emerald-test/test/battle/move_effect/shore_up.d -g build/assets -I include -I tools/agbcc/include test/battle/move_effect/shore_up.c
tools/scaninc/scaninc -M build/emerald-test/test/battle/move_effect/shift_gear.d -g build/assets -I include -I tools/agbcc/include test/battle/move_effect/shift_gear.c
tools/scaninc/scaninc -M build/emerald-test/test/battle/move_effect/shell_trap.d -g build/assets -I include -I tools/agbcc/include test/battle/move_effect/shell_trap.c
tools/scaninc/scaninc -M build/emerald-test/test/battle/move_effect/shell_smash.d -g build/assets -I include -I tools/agbcc/include test/battle/move_effect/shell_smash.c
tools/scaninc/scaninc -M build/emerald-test/test/battle/move_effect/shell_side_arm.d -g build/assets -I include -I tools/agbcc/include test/battle/move_effect/shell_side_arm.c
tools/scaninc/scaninc -M build/emerald-test/test/battle/move_effect/shed_tail.d -g build/assets -I include -I tools/agbcc/include test/battle/move_effect/shed_tail.c
tools/scaninc/scaninc -M build/emerald-test/test/battle/move_effect/semi_invulnerable.d -g build/assets -I include -I tools/agbcc/include test/battle/move_effect/semi_invulnerable.c
tools/scaninc/scaninc -M build/emerald-test/test/battle/move_effect_secondary/wrap.d -g build/assets -I include -I tools/agbcc/include test/battle/move_effect_secondary/wrap.c
tools/scaninc/scaninc -M build/emerald-test/test/battle/move_effect_secondary/tri_attack.d -g build/assets -I include -I tools/agbcc/include test/battle/move_effect_secondary/tri_attack.c
tools/scaninc/scaninc -M build/emerald-test/test/battle/move_effect_secondary/trap_both.d -g build/assets -I include -I tools/agbcc/include test/battle/move_effect_secondary/trap_both.c
tools/scaninc/scaninc -M build/emerald-test/test/battle/move_effect_secondary/throat_chop.d -g build/assets -I include -I tools/agbcc/include test/battle/move_effect_secondary/throat_chop.c
tools/scaninc/scaninc -M build/emerald-test/test/battle/move_effect_secondary/thrash.d -g build/assets -I include -I tools/agbcc/include test/battle/move_effect_secondary/thrash.c
tools/scaninc/scaninc -M build/emerald-test/test/battle/move_effect_secondary/syrup_bomb.d -g build/assets -I include -I tools/agbcc/include test/battle/move_effect_secondary/syrup_bomb.c
tools/scaninc/scaninc -M build/emerald-test/test/battle/move_effect_secondary/stealth_rock.d -g build/assets -I include -I tools/agbcc/include test/battle/move_effect_secondary/stealth_rock.c
tools/scaninc/scaninc -M build/emerald-test/test/battle/move_effect_secondary/steal_stats.d -g build/assets -I include -I tools/agbcc/include test/battle/move_effect_secondary/steal_stats.c
tools/scaninc/scaninc -M build/emerald-test/test/battle/move_effect_secondary/spd_minus_2.d -g build/assets -I include -I tools/agbcc/include test/battle/move_effect_secondary/spd_minus_2.c
tools/scaninc/scaninc -M build/emerald-test/test/battle/move_effect_secondary/sp_atk_minus_2.d -g build/assets -I include -I tools/agbcc/include test/battle/move_effect_secondary/sp_atk_minus_2.c
tools/scaninc/scaninc -M build/emerald-test/test/battle/move_effect_secondary/smack_down.d -g build/assets -I include -I tools/agbcc/include test/battle/move_effect_secondary/smack_down.c
tools/scaninc/scaninc -M build/emerald-test/test/battle/move_effect_secondary/secret_power.d -g build/assets -I include -I tools/agbcc/include test/battle/move_effect_secondary/secret_power.c
tools/scaninc/scaninc -M build/emerald-test/test/battle/move_effect_secondary/salt_cure.d -g build/assets -I include -I tools/agbcc/include test/battle/move_effect_secondary/salt_cure.c
tools/scaninc/scaninc -M build/emerald-test/test/battle/move_effect_secondary/remove_status.d -g build/assets -I include -I tools/agbcc/include test/battle/move_effect_secondary/remove_status.c
tools/scaninc/scaninc -M build/emerald-test/test/battle/move_effect_secondary/reflect.d -g build/assets -I include -I tools/agbcc/include test/battle/move_effect_secondary/reflect.c
tools/scaninc/scaninc -M build/emerald-test/test/battle/move_effect_secondary/recoil_hp_25.d -g build/assets -I include -I tools/agbcc/include test/battle/move_effect_secondary/recoil_hp_25.c
tools/scaninc/scaninc -M build/emerald-test/test/battle/move_effect_secondary/recharge.d -g build/assets -I include -I tools/agbcc/include test/battle/move_effect_secondary/recharge.c
tools/scaninc/scaninc -M build/emerald-test/test/battle/move_effect_secondary/psychic_noise.d -g build/assets -I include -I tools/agbcc/include test/battle/move_effect_secondary/psychic_noise.c
tools/scaninc/scaninc -M build/emerald-test/test/battle/move_effect_secondary/poison.d -g build/assets -I include -I tools/agbcc/include test/battle/move_effect_secondary/poison.c
tools/scaninc/scaninc -M build/emerald-test/test/battle/move_effect_secondary/pay_day.d -g build/assets -I include -I tools/agbcc/include test/battle/move_effect_secondary/pay_day.c
tools/scaninc/scaninc -M build/emerald-test/test/battle/move_effect_secondary/paralysis.d -g build/assets -I include -I tools/agbcc/include test/battle/move_effect_secondary/paralysis.c
tools/scaninc/scaninc -M build/emerald-test/test/battle/move_effect_secondary/order_up.d -g build/assets -I include -I tools/agbcc/include test/battle/move_effect_secondary/order_up.c
tools/scaninc/scaninc -M build/emerald-test/test/battle/move_effect_secondary/light_screen.d -g build/assets -I include -I tools/agbcc/include test/battle/move_effect_secondary/light_screen.c
tools/scaninc/scaninc -M build/emerald-test/test/battle/move_effect_secondary/leech_seed.d -g build/assets -I include -I tools/agbcc/include test/battle/move_effect_secondary/leech_seed.c
tools/scaninc/scaninc -M build/emerald-test/test/battle/move_effect_secondary/ion_deluge.d -g build/assets -I include -I tools/agbcc/include test/battle/move_effect_secondary/ion_deluge.c
tools/scaninc/scaninc -M build/emerald-test/test/battle/move_effect_secondary/incinerate.d -g build/assets -I include -I tools/agbcc/include test/battle/move_effect_secondary/incinerate.c
tools/scaninc/scaninc -M build/emerald-test/test/battle/move_effect_secondary/haze.d -g build/assets -I include -I tools/agbcc/include test/battle/move_effect_secondary/haze.c
tools/scaninc/scaninc -M build/emerald-test/test/battle/move_effect_secondary/freeze.d -g build/assets -I include -I tools/agbcc/include test/battle/move_effect_secondary/freeze.c
tools/scaninc/scaninc -M build/emerald-test/test/battle/move_effect_secondary/flinch.d -g build/assets -I include -I tools/agbcc/include test/battle/move_effect_secondary/flinch.c
tools/scaninc/scaninc -M build/emerald-test/test/battle/move_effect_secondary/flame_burst.d -g build/assets -I include -I tools/agbcc/include test/battle/move_effect_secondary/flame_burst.c
tools/scaninc/scaninc -M build/emerald-test/test/battle/move_effect_secondary/eerie_spell.d -g build/assets -I include -I tools/agbcc/include test/battle/move_effect_secondary/eerie_spell.c
tools/scaninc/scaninc -M build/emerald-test/test/battle/move_effect_secondary/dire_claw.d -g build/assets -I include -I tools/agbcc/include test/battle/move_effect_secondary/dire_claw.c
tools/scaninc/scaninc -M build/emerald-test/test/battle/move_effect_secondary/def_minus_1.d -g build/assets -I include -I tools/agbcc/include test/battle/move_effect_secondary/def_minus_1.c
tools/scaninc/scaninc -M build/emerald-test/test/battle/move_effect_secondary/confusion.d -g build/assets -I include -I tools/agbcc/include test/battle/move_effect_secondary/confusion.c
tools/scaninc/scaninc -M build/emerald-test/test/battle/move_effect_secondary/clear_smog.d -g build/assets -I include -I tools/agbcc/include test/battle/move_effect_secondary/clear_smog.c
tools/scaninc/scaninc -M build/emerald-test/test/battle/move_effect_secondary/burn.d -g build/assets -I include -I tools/agbcc/include test/battle/move_effect_secondary/burn.c
tools/scaninc/scaninc -M build/emerald-test/test/battle/move_effect_secondary/bug_bite.d -g build/assets -I include -I tools/agbcc/include test/battle/move_effect_secondary/bug_bite.c
tools/scaninc/scaninc -M build/emerald-test/test/battle/move_effect_secondary/break_screens.d -g build/assets -I include -I tools/agbcc/include test/battle/move_effect_secondary/break_screens.c
tools/scaninc/scaninc -M build/emerald-test/test/battle/move_effect_secondary/aromatherapy.d -g build/assets -I include -I tools/agbcc/include test/battle/move_effect_secondary/aromatherapy.c
tools/scaninc/scaninc -M build/emerald-test/test/battle/move_effects_combined/triple_arrows.d -g build/assets -I include -I tools/agbcc/include test/battle/move_effects_combined/triple_arrows.c
tools/scaninc/scaninc -M build/emerald-test/test/battle/move_effects_combined/toxic_thread.d -g build/assets -I include -I tools/agbcc/include test/battle/move_effects_combined/toxic_thread.c
tools/scaninc/scaninc -M build/emerald-test/test/battle/move_effects_combined/relic_song.d -g build/assets -I include -I tools/agbcc/include test/battle/move_effects_combined/relic_song.c
tools/scaninc/scaninc -M build/emerald-test/test/battle/move_effects_combined/mind_blown.d -g build/assets -I include -I tools/agbcc/include test/battle/move_effects_combined/mind_blown.c
tools/scaninc/scaninc -M build/emerald-test/test/battle/move_effects_combined/make_it_rain.d -g build/assets -I include -I tools/agbcc/include test/battle/move_effects_combined/make_it_rain.c
tools/scaninc/scaninc -M build/emerald-test/test/battle/move_effects_combined/infernal_parade.d -g build/assets -I include -I tools/agbcc/include test/battle/move_effects_combined/infernal_parade.c
tools/scaninc/scaninc -M build/emerald-test/test/battle/move_effects_combined/hyperspace_fury.d -g build/assets -I include -I tools/agbcc/include test/battle/move_effects_combined/hyperspace_fury.c
tools/scaninc/scaninc -M build/emerald-test/test/battle/move_effects_combined/hurricane.d -g build/assets -I include -I tools/agbcc/include test/battle/move_effects_combined/hurricane.c
tools/scaninc/scaninc -M build/emerald-test/test/battle/move_effects_combined/flinch_status.d -g build/assets -I include -I tools/agbcc/include test/battle/move_effects_combined/flinch_status.c
tools/scaninc/scaninc -M build/emerald-test/test/battle/move_effects_combined/barb_barrage.d -g build/assets -I include -I tools/agbcc/include test/battle/move_effects_combined/barb_barrage.c
tools/scaninc/scaninc -M build/emerald-test/test/battle/move_effects_combined/axe_kick.d -g build/assets -I include -I tools/agbcc/include test/battle/move_effects_combined/axe_kick.c
tools/scaninc/scaninc -M build/emerald-test/test/battle/move_effect/sandstorm.d -g build/assets -I include -I tools/agbcc/include test/battle/move_effect/sandstorm.c
tools/scaninc/scaninc -M build/emerald-test/test/battle/move_effect/safeguard.d -g build/assets -I include -I tools/agbcc/include test/battle/move_effect/safeguard.c
tools/scaninc/scaninc -M build/emerald-test/test/battle/move_effect/round.d -g build/assets -I include -I tools/agbcc/include test/battle/move_effect/round.c
tools/scaninc/scaninc -M build/emerald-test/test/battle/move_effect/rototiller.d -g build/assets -I include -I tools/agbcc/include test/battle/move_effect/rototiller.c
tools/scaninc/scaninc -M build/emerald-test/test/battle/move_effect/roost.d -g build/assets -I include -I tools/agbcc/include test/battle/move_effect/roost.c
tools/scaninc/scaninc -M build/emerald-test/test/battle/move_effect/rollout.d -g build/assets -I include -I tools/agbcc/include test/battle/move_effect/rollout.c
tools/scaninc/scaninc -M build/emerald-test/test/battle/move_effect/role_play.d -g build/assets -I include -I tools/agbcc/include test/battle/move_effect/role_play.c
tools/scaninc/scaninc -M build/emerald-test/test/battle/move_effect/roar.d -g build/assets -I include -I tools/agbcc/include test/battle/move_effect/roar.c
tools/scaninc/scaninc -M build/emerald-test/test/battle/move_effect/rising_voltage.d -g build/assets -I include -I tools/agbcc/include test/battle/move_effect/rising_voltage.c
tools/scaninc/scaninc -M build/emerald-test/test/battle/move_effect/revival_blessing.d -g build/assets -I include -I tools/agbcc/include test/battle/move_effect/revival_blessing.c
tools/scaninc/scaninc -M build/emerald-test/test/battle/move_effect/revenge.d -g build/assets -I include -I tools/agbcc/include test/battle/move_effect/revenge.c
tools/scaninc/scaninc -M build/emerald-test/test/battle/move_effect/revelation_dance.d -g build/assets -I include -I tools/agbcc/include test/battle/move_effect/revelation_dance.c
tools/scaninc/scaninc -M build/emerald-test/test/battle/move_effect/return.d -g build/assets -I include -I tools/agbcc/include test/battle/move_effect/return.c
tools/scaninc/scaninc -M build/emerald-test/test/battle/move_effect/retaliate.d -g build/assets -I include -I tools/agbcc/include test/battle/move_effect/retaliate.c
tools/scaninc/scaninc -M build/emerald-test/test/battle/move_effect/restore_hp.d -g build/assets -I include -I tools/agbcc/include test/battle/move_effect/restore_hp.c
tools/scaninc/scaninc -M build/emerald-test/test/battle/move_effect/rest.d -g build/assets -I include -I tools/agbcc/include test/battle/move_effect/rest.c
tools/scaninc/scaninc -M build/emerald-test/test/battle/move_effect/refresh.d -g build/assets -I include -I tools/agbcc/include test/battle/move_effect/refresh.c
tools/scaninc/scaninc -M build/emerald-test/test/battle/move_effect/reflect_type.d -g build/assets -I include -I tools/agbcc/include test/battle/move_effect/reflect_type.c
tools/scaninc/scaninc -M build/emerald-test/test/battle/move_effect/reflect_damage.d -g build/assets -I include -I tools/agbcc/include test/battle/move_effect/reflect_damage.c
tools/scaninc/scaninc -M build/emerald-test/test/battle/move_effect/reflect.d -g build/assets -I include -I tools/agbcc/include test/battle/move_effect/reflect.c
tools/scaninc/scaninc -M build/emerald-test/test/battle/move_effect/recycle.d -g build/assets -I include -I tools/agbcc/include test/battle/move_effect/recycle.c
tools/scaninc/scaninc -M build/emerald-test/test/battle/move_effect/recoil_if_miss.d -g build/assets -I include -I tools/agbcc/include test/battle/move_effect/recoil_if_miss.c
tools/scaninc/scaninc -M build/emerald-test/test/battle/move_effect/recoil.d -g build/assets -I include -I tools/agbcc/include test/battle/move_effect/recoil.c
tools/scaninc/scaninc -M build/emerald-test/test/battle/move_effect/rapid_spin.d -g build/assets -I include -I tools/agbcc/include test/battle/move_effect/rapid_spin.c
tools/scaninc/scaninc -M build/emerald-test/test/battle/move_effect/rain_dance.d -g build/assets -I include -I tools/agbcc/include test/battle/move_effect/rain_dance.c
tools/scaninc/scaninc -M build/emerald-test/test/battle/move_effect/raging_bull.d -g build/assets -I include -I tools/agbcc/include test/battle/move_effect/raging_bull.c
tools/scaninc/scaninc -M build/emerald-test/test/battle/move_effect/rage_fist.d -g build/assets -I include -I tools/agbcc/include test/battle/move_effect/rage_fist.c
tools/scaninc/scaninc -M build/emerald-test/test/battle/move_effect/rage.d -g build/assets -I include -I tools/agbcc/include test/battle/move_effect/rage.c
tools/scaninc/scaninc -M build/emerald-test/test/battle/move_effect/quiver_dance.d -g build/assets -I include -I tools/agbcc/include test/battle/move_effect/quiver_dance.c
tools/scaninc/scaninc -M build/emerald-test/test/battle/move_effect/quash.d -g build/assets -I include -I tools/agbcc/include test/battle/move_effect/quash.c
tools/scaninc/scaninc -M build/emerald-test/test/battle/move_effect/pursuit.d -g build/assets -I include -I tools/agbcc/include test/battle/move_effect/pursuit.c
tools/scaninc/scaninc -M build/emerald-test/test/battle/move_effect/purify.d -g build/assets -I include -I tools/agbcc/include test/battle/move_effect/purify.c
tools/scaninc/scaninc -M build/emerald-test/test/battle/move_effect/punishment.d -g build/assets -I include -I tools/agbcc/include test/battle/move_effect/punishment.c
tools/scaninc/scaninc -M build/emerald-test/test/battle/move_effect/psywave.d -g build/assets -I include -I tools/agbcc/include test/battle/move_effect/psywave.c
tools/scaninc/scaninc -M build/emerald-test/test/battle/move_effect/psyshock.d -g build/assets -I include -I tools/agbcc/include test/battle/move_effect/psyshock.c
tools/scaninc/scaninc -M build/emerald-test/test/battle/move_effect/psych_up.d -g build/assets -I include -I tools/agbcc/include test/battle/move_effect/psych_up.c
tools/scaninc/scaninc -M build/emerald-test/test/battle/move_effect/psycho_shift.d -g build/assets -I include -I tools/agbcc/include test/battle/move_effect/psycho_shift.c
tools/scaninc/scaninc -M build/emerald-test/test/battle/move_effect/psychic_terrain.d -g build/assets -I include -I tools/agbcc/include test/battle/move_effect/psychic_terrain.c
tools/scaninc/scaninc -M build/emerald-test/test/battle/move_effect/psyblade.d -g build/assets -I include -I tools/agbcc/include test/battle/move_effect/psyblade.c
tools/scaninc/scaninc -M build/emerald-test/test/battle/move_effect/protect.d -g build/assets -I include -I tools/agbcc/include test/battle/move_effect/protect.c
tools/scaninc/scaninc -M build/emerald-test/test/battle/move_effect/present.d -g build/assets -I include -I tools/agbcc/include test/battle/move_effect/present.c
tools/scaninc/scaninc -M build/emerald-test/test/battle/move_effect/power_trick.d -g build/assets -I include -I tools/agbcc/include test/battle/move_effect/power_trick.c
tools/scaninc/scaninc -M build/emerald-test/test/battle/move_effect/power_swap.d -g build/assets -I include -I tools/agbcc/include test/battle/move_effect/power_swap.c
tools/scaninc/scaninc -M build/emerald-test/test/battle/move_effect/power_split.d -g build/assets -I include -I tools/agbcc/include test/battle/move_effect/power_split.c
tools/scaninc/scaninc -M build/emerald-test/test/battle/move_effect/power_based_on_user_hp.d -g build/assets -I include -I tools/agbcc/include test/battle/move_effect/power_based_on_user_hp.c
tools/scaninc/scaninc -M build/emerald-test/test/battle/move_effect/power_based_on_target_hp.d -g build/assets -I include -I tools/agbcc/include test/battle/move_effect/power_based_on_target_hp.c
tools/scaninc/scaninc -M build/emerald-test/test/battle/move_effect/powder.d -g build/assets -I include -I tools/agbcc/include test/battle/move_effect/powder.c
tools/scaninc/scaninc -M build/emerald-test/test/battle/move_effect/population_bomb.d -g build/assets -I include -I tools/agbcc/include test/battle/move_effect/population_bomb.c
tools/scaninc/scaninc -M build/emerald-test/test/battle/move_effect/poltergeist.d -g build/assets -I include -I tools/agbcc/include test/battle/move_effect/poltergeist.c
tools/scaninc/scaninc -M build/emerald-test/test/battle/move_effect/poison.d -g build/assets -I include -I tools/agbcc/include test/battle/move_effect/poison.c
tools/scaninc/scaninc -M build/emerald-test/test/battle/move_effect/pledge.d -g build/assets -I include -I tools/agbcc/include test/battle/move_effect/pledge.c
tools/scaninc/scaninc -M build/emerald-test/test/battle/move_effect/placeholder.d -g build/assets -I include -I tools/agbcc/include test/battle/move_effect/placeholder.c
tools/scaninc/scaninc -M build/emerald-test/test/battle/move_effect/photon_geyser.d -g build/assets -I include -I tools/agbcc/include test/battle/move_effect/photon_geyser.c
tools/scaninc/scaninc -M build/emerald-test/test/battle/move_effect/perish_song.d -g build/assets -I include -I tools/agbcc/include test/battle/move_effect/perish_song.c
tools/scaninc/scaninc -M build/emerald-test/test/battle/move_effect/payback.d -g build/assets -I include -I tools/agbcc/include test/battle/move_effect/payback.c
tools/scaninc/scaninc -M build/emerald-test/test/battle/move_effect/parting_shot.d -g build/assets -I include -I tools/agbcc/include test/battle/move_effect/parting_shot.c
tools/scaninc/scaninc -M build/emerald-test/test/battle/move_effect/paralyze.d -g build/assets -I include -I tools/agbcc/include test/battle/move_effect/paralyze.c
tools/scaninc/scaninc -M build/emerald-test/test/battle/move_effect/pain_split.d -g build/assets -I include -I tools/agbcc/include test/battle/move_effect/pain_split.c
tools/scaninc/scaninc -M build/emerald-test/test/battle/move_effect/overwrite_ability.d -g build/assets -I include -I tools/agbcc/include test/battle/move_effect/overwrite_ability.c
tools/scaninc/scaninc -M build/emerald-test/test/battle/move_effect/order_up.d -g build/assets -I include -I tools/agbcc/include test/battle/move_effect/order_up.c
tools/scaninc/scaninc -M build/emerald-test/test/battle/move_effect/ohko.d -g build/assets -I include -I tools/agbcc/include test/battle/move_effect/ohko.c
tools/scaninc/scaninc -M build/emerald-test/test/battle/move_effect/octolock.d -g build/assets -I include -I tools/agbcc/include test/battle/move_effect/octolock.c
tools/scaninc/scaninc -M build/emerald-test/test/battle/move_effect/no_retreat.d -g build/assets -I include -I tools/agbcc/include test/battle/move_effect/no_retreat.c
tools/scaninc/scaninc -M build/emerald-test/test/battle/move_effect/noble_roar.d -g build/assets -I include -I tools/agbcc/include test/battle/move_effect/noble_roar.c
tools/scaninc/scaninc -M build/emerald-test/test/battle/move_effect/nightmare.d -g build/assets -I include -I tools/agbcc/include test/battle/move_effect/nightmare.c
tools/scaninc/scaninc -M build/emerald-test/test/battle/move_effect/nature_power.d -g build/assets -I include -I tools/agbcc/include test/battle/move_effect/nature_power.c
tools/scaninc/scaninc -M build/emerald-test/test/battle/move_effect/natural_gift.d -g build/assets -I include -I tools/agbcc/include test/battle/move_effect/natural_gift.c
tools/scaninc/scaninc -M build/emerald-test/test/battle/move_effect/multi_hit.d -g build/assets -I include -I tools/agbcc/include test/battle/move_effect/multi_hit.c
tools/scaninc/scaninc -M build/emerald-test/test/battle/move_effect/mud_sport.d -g build/assets -I include -I tools/agbcc/include test/battle/move_effect/mud_sport.c
tools/scaninc/scaninc -M build/emerald-test/test/battle/move_effect/morning_sun.d -g build/assets -I include -I tools/agbcc/include test/battle/move_effect/morning_sun.c
tools/scaninc/scaninc -M build/emerald-test/test/battle/move_effect/moonlight.d -g build/assets -I include -I tools/agbcc/include test/battle/move_effect/moonlight.c
tools/scaninc/scaninc -M build/emerald-test/test/battle/move_effect/misty_terrain.d -g build/assets -I include -I tools/agbcc/include test/battle/move_effect/misty_terrain.c
tools/scaninc/scaninc -M build/emerald-test/test/battle/move_effect/mist.d -g build/assets -I include -I tools/agbcc/include test/battle/move_effect/mist.c
tools/scaninc/scaninc -M build/emerald-test/test/battle/move_effect/mirror_move.d -g build/assets -I include -I tools/agbcc/include test/battle/move_effect/mirror_move.c
tools/scaninc/scaninc -M build/emerald-test/test/battle/move_effect/miracle_eye.d -g build/assets -I include -I tools/agbcc/include test/battle/move_effect/miracle_eye.c
tools/scaninc/scaninc -M build/emerald-test/test/battle/move_effect/minimize.d -g build/assets -I include -I tools/agbcc/include test/battle/move_effect/minimize.c
tools/scaninc/scaninc -M build/emerald-test/test/battle/move_effect/mimic.d -g build/assets -I include -I tools/agbcc/include test/battle/move_effect/mimic.c
tools/scaninc/scaninc -M build/emerald-test/test/battle/move_effect/metronome.d -g build/assets -I include -I tools/agbcc/include test/battle/move_effect/metronome.c
tools/scaninc/scaninc -M build/emerald-test/test/battle/move_effect/memento.d -g build/assets -I include -I tools/agbcc/include test/battle/move_effect/memento.c
tools/scaninc/scaninc -M build/emerald-test/test/battle/move_effect/me_first.d -g build/assets -I include -I tools/agbcc/include test/battle/move_effect/me_first.c
tools/scaninc/scaninc -M build/emerald-test/test/battle/move_effect/mean_look.d -g build/assets -I include -I tools/agbcc/include test/battle/move_effect/mean_look.c
tools/scaninc/scaninc -M build/emerald-test/test/battle/move_effect/max_hp_50_recoil.d -g build/assets -I include -I tools/agbcc/include test/battle/move_effect/max_hp_50_recoil.c
tools/scaninc/scaninc -M build/emerald-test/test/battle/move_effect/mat_block.d -g build/assets -I include -I tools/agbcc/include test/battle/move_effect/mat_block.c
tools/scaninc/scaninc -M build/emerald-test/test/battle/move_effect/magnitude.d -g build/assets -I include -I tools/agbcc/include test/battle/move_effect/magnitude.c
tools/scaninc/scaninc -M build/emerald-test/test/battle/move_effect/magnet_rise.d -g build/assets -I include -I tools/agbcc/include test/battle/move_effect/magnet_rise.c
tools/scaninc/scaninc -M build/emerald-test/test/battle/move_effect/magnetic_flux.d -g build/assets -I include -I tools/agbcc/include test/battle/move_effect/magnetic_flux.c
tools/scaninc/scaninc -M build/emerald-test/test/battle/move_effect/magic_room.d -g build/assets -I include -I tools/agbcc/include test/battle/move_effect/magic_room.c
tools/scaninc/scaninc -M build/emerald-test/test/battle/move_effect/magic_coat.d -g build/assets -I include -I tools/agbcc/include test/battle/move_effect/magic_coat.c
tools/scaninc/scaninc -M build/emerald-test/test/battle/move_effect/lunar_dance.d -g build/assets -I include -I tools/agbcc/include test/battle/move_effect/lunar_dance.c
tools/scaninc/scaninc -M build/emerald-test/test/battle/move_effect/lucky_chant.d -g build/assets -I include -I tools/agbcc/include test/battle/move_effect/lucky_chant.c
tools/scaninc/scaninc -M build/emerald-test/test/battle/move_effect/low_kick.d -g build/assets -I include -I tools/agbcc/include test/battle/move_effect/low_kick.c
tools/scaninc/scaninc -M build/emerald-test/test/battle/move_effect/lock_on.d -g build/assets -I include -I tools/agbcc/include test/battle/move_effect/lock_on.c
tools/scaninc/scaninc -M build/emerald-test/test/battle/move_effect/light_screen.d -g build/assets -I include -I tools/agbcc/include test/battle/move_effect/light_screen.c
tools/scaninc/scaninc -M build/emerald-test/test/battle/move_effect/life_dew.d -g build/assets -I include -I tools/agbcc/include test/battle/move_effect/life_dew.c
tools/scaninc/scaninc -M build/emerald-test/test/battle/move_effect/level_damage.d -g build/assets -I include -I tools/agbcc/include test/battle/move_effect/level_damage.c
tools/scaninc/scaninc -M build/emerald-test/test/battle/move_effect/leech_seed.d -g build/assets -I include -I tools/agbcc/include test/battle/move_effect/leech_seed.c
tools/scaninc/scaninc -M build/emerald-test/test/battle/move_effect/last_respects.d -g build/assets -I include -I tools/agbcc/include test/battle/move_effect/last_respects.c
tools/scaninc/scaninc -M build/emerald-test/test/battle/move_effect/last_resort.d -g build/assets -I include -I tools/agbcc/include test/battle/move_effect/last_resort.c
tools/scaninc/scaninc -M build/emerald-test/test/battle/move_effect/lash_out.d -g build/assets -I include -I tools/agbcc/include test/battle/move_effect/lash_out.c
tools/scaninc/scaninc -M build/emerald-test/test/battle/move_effect/laser_focus.d -g build/assets -I include -I tools/agbcc/include test/battle/move_effect/laser_focus.c
tools/scaninc/scaninc -M build/emerald-test/test/battle/move_effect/knock_off.d -g build/assets -I include -I tools/agbcc/include test/battle/move_effect/knock_off.c
tools/scaninc/scaninc -M build/emerald-test/test/battle/move_effect/jungle_healing.d -g build/assets -I include -I tools/agbcc/include test/battle/move_effect/jungle_healing.c
tools/scaninc/scaninc -M build/emerald-test/test/battle/move_effect/ivy_cudgel.d -g build/assets -I include -I tools/agbcc/include test/battle/move_effect/ivy_cudgel.c
tools/scaninc/scaninc -M build/emerald-test/test/battle/move_effect/ion_deluge.d -g build/assets -I include -I tools/agbcc/include test/battle/move_effect/ion_deluge.c
tools/scaninc/scaninc -M build/emerald-test/test/battle/move_effect/instruct.d -g build/assets -I include -I tools/agbcc/include test/battle/move_effect/instruct.c
tools/scaninc/scaninc -M build/emerald-test/test/battle/move_effect/ingrain.d -g build/assets -I include -I tools/agbcc/include test/battle/move_effect/ingrain.c
tools/scaninc/scaninc -M build/emerald-test/test/battle/move_effect/imprison.d -g build/assets -I include -I tools/agbcc/include test/battle/move_effect/imprison.c
tools/scaninc/scaninc -M build/emerald-test/test/battle/move_effect/ice_spinner.d -g build/assets -I include -I tools/agbcc/include test/battle/move_effect/ice_spinner.c
tools/scaninc/scaninc -M build/emerald-test/test/battle/move_effect/hydro_steam.d -g build/assets -I include -I tools/agbcc/include test/battle/move_effect/hydro_steam.c
tools/scaninc/scaninc -M build/emerald-test/test/battle/move_effect/hold_hands.d -g build/assets -I include -I tools/agbcc/include test/battle/move_effect/hold_hands.c
tools/scaninc/scaninc -M build/emerald-test/test/battle/move_effect/hit_switch_target.d -g build/assets -I include -I tools/agbcc/include test/battle/move_effect/hit_switch_target.c
tools/scaninc/scaninc -M build/emerald-test/test/battle/move_effect/hit_escape.d -g build/assets -I include -I tools/agbcc/include test/battle/move_effect/hit_escape.c
tools/scaninc/scaninc -M build/emerald-test/test/battle/move_effect/hit_enemy_heal_ally.d -g build/assets -I include -I tools/agbcc/include test/battle/move_effect/hit_enemy_heal_ally.c
tools/scaninc/scaninc -M build/emerald-test/test/battle/move_effect/hidden_power.d -g build/assets -I include -I tools/agbcc/include test/battle/move_effect/hidden_power.c
tools/scaninc/scaninc -M build/emerald-test/test/battle/move_effect/helping_hand.d -g build/assets -I include -I tools/agbcc/include test/battle/move_effect/helping_hand.c
tools/scaninc/scaninc -M build/emerald-test/test/battle/move_effect/heat_crash.d -g build/assets -I include -I tools/agbcc/include test/battle/move_effect/heat_crash.c
tools/scaninc/scaninc -M build/emerald-test/test/battle/move_effect/heart_swap.d -g build/assets -I include -I tools/agbcc/include test/battle/move_effect/heart_swap.c
tools/scaninc/scaninc -M build/emerald-test/test/battle/move_effect/heal_pulse.d -g build/assets -I include -I tools/agbcc/include test/battle/move_effect/heal_pulse.c
tools/scaninc/scaninc -M build/emerald-test/test/battle/move_effect/healing_wish.d -g build/assets -I include -I tools/agbcc/include test/battle/move_effect/healing_wish.c
tools/scaninc/scaninc -M build/emerald-test/test/battle/move_effect/heal_block.d -g build/assets -I include -I tools/agbcc/include test/battle/move_effect/heal_block.c
tools/scaninc/scaninc -M build/emerald-test/test/battle/move_effect/heal_bell.d -g build/assets -I include -I tools/agbcc/include test/battle/move_effect/heal_bell.c
tools/scaninc/scaninc -M build/emerald-test/test/battle/move_effect/haze.d -g build/assets -I include -I tools/agbcc/include test/battle/move_effect/haze.c
tools/scaninc/scaninc -M build/emerald-test/test/battle/move_effect/happy_hour.d -g build/assets -I include -I tools/agbcc/include test/battle/move_effect/happy_hour.c
tools/scaninc/scaninc -M build/emerald-test/test/battle/move_effect/hail.d -g build/assets -I include -I tools/agbcc/include test/battle/move_effect/hail.c
tools/scaninc/scaninc -M build/emerald-test/test/battle/move_effect/gyro_ball.d -g build/assets -I include -I tools/agbcc/include test/battle/move_effect/gyro_ball.c
tools/scaninc/scaninc -M build/emerald-test/test/battle/move_effect/guard_swap.d -g build/assets -I include -I tools/agbcc/include test/battle/move_effect/guard_swap.c
tools/scaninc/scaninc -M build/emerald-test/test/battle/move_effect/guard_split.d -g build/assets -I include -I tools/agbcc/include test/battle/move_effect/guard_split.c
tools/scaninc/scaninc -M build/emerald-test/test/battle/move_effect/grudge.d -g build/assets -I include -I tools/agbcc/include test/battle/move_effect/grudge.c
tools/scaninc/scaninc -M build/emerald-test/test/battle/move_effect/growth.d -g build/assets -I include -I tools/agbcc/include test/battle/move_effect/growth.c
tools/scaninc/scaninc -M build/emerald-test/test/battle/move_effect/gravity.d -g build/assets -I include -I tools/agbcc/include test/battle/move_effect/gravity.c
tools/scaninc/scaninc -M build/emerald-test/test/battle/move_effect/grav_apple.d -g build/assets -I include -I tools/agbcc/include test/battle/move_effect/grav_apple.c
tools/scaninc/scaninc -M build/emerald-test/test/battle/move_effect/grassy_terrain.d -g build/assets -I include -I tools/agbcc/include test/battle/move_effect/grassy_terrain.c
tools/scaninc/scaninc -M build/emerald-test/test/battle/move_effect/grassy_glide.d -g build/assets -I include -I tools/agbcc/include test/battle/move_effect/grassy_glide.c
tools/scaninc/scaninc -M build/emerald-test/test/battle/move_effect/glaive_rush.d -g build/assets -I include -I tools/agbcc/include test/battle/move_effect/glaive_rush.c
tools/scaninc/scaninc -M build/emerald-test/test/battle/move_effect/geomancy.d -g build/assets -I include -I tools/agbcc/include test/battle/move_effect/geomancy.c
tools/scaninc/scaninc -M build/emerald-test/test/battle/move_effect/gear_up.d -g build/assets -I include -I tools/agbcc/include test/battle/move_effect/gear_up.c
tools/scaninc/scaninc -M build/emerald-test/test/battle/move_effect/gastro_acid.d -g build/assets -I include -I tools/agbcc/include test/battle/move_effect/gastro_acid.c
tools/scaninc/scaninc -M build/emerald-test/test/battle/move_effect/future_sight.d -g build/assets -I include -I tools/agbcc/include test/battle/move_effect/future_sight.c
tools/scaninc/scaninc -M build/emerald-test/test/battle/move_effect/fusion_combo.d -g build/assets -I include -I tools/agbcc/include test/battle/move_effect/fusion_combo.c
tools/scaninc/scaninc -M build/emerald-test/test/battle/move_effect/fury_cutter.d -g build/assets -I include -I tools/agbcc/include test/battle/move_effect/fury_cutter.c
tools/scaninc/scaninc -M build/emerald-test/test/battle/move_effect/frustration.d -g build/assets -I include -I tools/agbcc/include test/battle/move_effect/frustration.c
tools/scaninc/scaninc -M build/emerald-test/test/battle/move_effect/foul_play.d -g build/assets -I include -I tools/agbcc/include test/battle/move_effect/foul_play.c
tools/scaninc/scaninc -M build/emerald-test/test/battle/move_effect/foresight.d -g build/assets -I include -I tools/agbcc/include test/battle/move_effect/foresight.c
tools/scaninc/scaninc -M build/emerald-test/test/battle/move_effect/follow_me.d -g build/assets -I include -I tools/agbcc/include test/battle/move_effect/follow_me.c
tools/scaninc/scaninc -M build/emerald-test/test/battle/move_effect/focus_punch.d -g build/assets -I include -I tools/agbcc/include test/battle/move_effect/focus_punch.c
tools/scaninc/scaninc -M build/emerald-test/test/battle/move_effect/focus_energy.d -g build/assets -I include -I tools/agbcc/include test/battle/move_effect/focus_energy.c
tools/scaninc/scaninc -M build/emerald-test/test/battle/move_effect/flower_shield.d -g build/assets -I include -I tools/agbcc/include test/battle/move_effect/flower_shield.c
tools/scaninc/scaninc -M build/emerald-test/test/battle/move_effect/fling.d -g build/assets -I include -I tools/agbcc/include test/battle/move_effect/fling.c
tools/scaninc/scaninc -M build/emerald-test/test/battle/move_effect/flatter.d -g build/assets -I include -I tools/agbcc/include test/battle/move_effect/flatter.c
tools/scaninc/scaninc -M build/emerald-test/test/battle/move_effect/flail.d -g build/assets -I include -I tools/agbcc/include test/battle/move_effect/flail.c
tools/scaninc/scaninc -M build/emerald-test/test/battle/move_effect/fixed_percent_damage.d -g build/assets -I include -I tools/agbcc/include test/battle/move_effect/fixed_percent_damage.c
tools/scaninc/scaninc -M build/emerald-test/test/battle/move_effect/fixed_hp_damage.d -g build/assets -I include -I tools/agbcc/include test/battle/move_effect/fixed_hp_damage.c
tools/scaninc/scaninc -M build/emerald-test/test/battle/move_effect/first_turn_only.d -g build/assets -I include -I tools/agbcc/include test/battle/move_effect/first_turn_only.c
tools/scaninc/scaninc -M build/emerald-test/test/battle/move_effect/final_gambit.d -g build/assets -I include -I tools/agbcc/include test/battle/move_effect/final_gambit.c
tools/scaninc/scaninc -M build/emerald-test/test/battle/move_effect/fillet_away.d -g build/assets -I include -I tools/agbcc/include test/battle/move_effect/fillet_away.c
tools/scaninc/scaninc -M build/emerald-test/test/battle/move_effect/fickle_beam.d -g build/assets -I include -I tools/agbcc/include test/battle/move_effect/fickle_beam.c
tools/scaninc/scaninc -M build/emerald-test/test/battle/move_effect/fell_stinger.d -g build/assets -I include -I tools/agbcc/include test/battle/move_effect/fell_stinger.c
tools/scaninc/scaninc -M build/emerald-test/test/battle/move_effect/false_swipe.d -g build/assets -I include -I tools/agbcc/include test/battle/move_effect/false_swipe.c
tools/scaninc/scaninc -M build/emerald-test/test/battle/move_effect/fairy_lock.d -g build/assets -I include -I tools/agbcc/include test/battle/move_effect/fairy_lock.c
tools/scaninc/scaninc -M build/emerald-test/test/battle/move_effect/fail_if_not_arg_type.d -g build/assets -I include -I tools/agbcc/include test/battle/move_effect/fail_if_not_arg_type.c
tools/scaninc/scaninc -M build/emerald-test/test/battle/move_effect/facade.d -g build/assets -I include -I tools/agbcc/include test/battle/move_effect/facade.c
tools/scaninc/scaninc -M build/emerald-test/test/battle/move_effect/extreme_evoboost.d -g build/assets -I include -I tools/agbcc/include test/battle/move_effect/extreme_evoboost.c
tools/scaninc/scaninc -M build/emerald-test/test/battle/move_effect/evasion_up.d -g build/assets -I include -I tools/agbcc/include test/battle/move_effect/evasion_up.c
tools/scaninc/scaninc -M build/emerald-test/test/battle/move_effect/evasion_up_2.d -g build/assets -I include -I tools/agbcc/include test/battle/move_effect/evasion_up_2.c
tools/scaninc/scaninc -M build/emerald-test/test/battle/move_effect/evasion_down.d -g build/assets -I include -I tools/agbcc/include test/battle/move_effect/evasion_down.c
tools/scaninc/scaninc -M build/emerald-test/test/battle/move_effect/evasion_down_2.d -g build/assets -I include -I tools/agbcc/include test/battle/move_effect/evasion_down_2.c
tools/scaninc/scaninc -M build/emerald-test/test/battle/move_effect/entrainment.d -g build/assets -I include -I tools/agbcc/include test/battle/move_effect/entrainment.c
tools/scaninc/scaninc -M build/emerald-test/test/battle/move_effect/endure.d -g build/assets -I include -I tools/agbcc/include test/battle/move_effect/endure.c
tools/scaninc/scaninc -M build/emerald-test/test/battle/move_effect/endeavor.d -g build/assets -I include -I tools/agbcc/include test/battle/move_effect/endeavor.c
tools/scaninc/scaninc -M build/emerald-test/test/battle/move_effect/encore.d -g build/assets -I include -I tools/agbcc/include test/battle/move_effect/encore.c
tools/scaninc/scaninc -M build/emerald-test/test/battle/move_effect/embargo.d -g build/assets -I include -I tools/agbcc/include test/battle/move_effect/embargo.c
tools/scaninc/scaninc -M build/emerald-test/test/battle/move_effect/electro_ball.d -g build/assets -I include -I tools/agbcc/include test/battle/move_effect/electro_ball.c
tools/scaninc/scaninc -M build/emerald-test/test/battle/move_effect/electrify.d -g build/assets -I include -I tools/agbcc/include test/battle/move_effect/electrify.c
tools/scaninc/scaninc -M build/emerald-test/test/battle/move_effect/electric_terrain.d -g build/assets -I include -I tools/agbcc/include test/battle/move_effect/electric_terrain.c
tools/scaninc/scaninc -M build/emerald-test/test/battle/move_effect/echoed_voice.d -g build/assets -I include -I tools/agbcc/include test/battle/move_effect/echoed_voice.c
tools/scaninc/scaninc -M build/emerald-test/test/battle/move_effect/earthquake.d -g build/assets -I include -I tools/agbcc/include test/battle/move_effect/earthquake.c
tools/scaninc/scaninc -M build/emerald-test/test/battle/move_effect/dynamax_double_dmg.d -g build/assets -I include -I tools/agbcc/include test/battle/move_effect/dynamax_double_dmg.c
tools/scaninc/scaninc -M build/emerald-test/test/battle/move_effect/dream_eater.d -g build/assets -I include -I tools/agbcc/include test/battle/move_effect/dream_eater.c
tools/scaninc/scaninc -M build/emerald-test/test/battle/move_effect/dragon_darts.d -g build/assets -I include -I tools/agbcc/include test/battle/move_effect/dragon_darts.c
tools/scaninc/scaninc -M build/emerald-test/test/battle/move_effect/dragon_dance.d -g build/assets -I include -I tools/agbcc/include test/battle/move_effect/dragon_dance.c
tools/scaninc/scaninc -M build/emerald-test/test/battle/move_effect/dragon_cheer.d -g build/assets -I include -I tools/agbcc/include test/battle/move_effect/dragon_cheer.c
tools/scaninc/scaninc -M build/emerald-test/test/battle/move_effect/double_power_on_arg_status.d -g build/assets -I include -I tools/agbcc/include test/battle/move_effect/double_power_on_arg_status.c
tools/scaninc/scaninc -M build/emerald-test/test/battle/move_effect/doodle.d -g build/assets -I include -I tools/agbcc/include test/battle/move_effect/doodle.c
tools/scaninc/scaninc -M build/emerald-test/test/battle/move_effect/do_nothing.d -g build/assets -I include -I tools/agbcc/include test/battle/move_effect/do_nothing.c
tools/scaninc/scaninc -M build/emerald-test/test/battle/move_effect/disable.d -g build/assets -I include -I tools/agbcc/include test/battle/move_effect/disable.c
tools/scaninc/scaninc -M build/emerald-test/test/battle/move_effect/destiny_bond.d -g build/assets -I include -I tools/agbcc/include test/battle/move_effect/destiny_bond.c
tools/scaninc/scaninc -M build/emerald-test/test/battle/move_effect/defog.d -g build/assets -I include -I tools/agbcc/include test/battle/move_effect/defog.c
tools/scaninc/scaninc -M build/emerald-test/test/battle/move_effect/defense_up.d -g build/assets -I include -I tools/agbcc/include test/battle/move_effect/defense_up.c
tools/scaninc/scaninc -M build/emerald-test/test/battle/move_effect/defense_up_3.d -g build/assets -I include -I tools/agbcc/include test/battle/move_effect/defense_up_3.c
tools/scaninc/scaninc -M build/emerald-test/test/battle/move_effect/defense_up_2.d -g build/assets -I include -I tools/agbcc/include test/battle/move_effect/defense_up_2.c
tools/scaninc/scaninc -M build/emerald-test/test/battle/move_effect/defense_down.d -g build/assets -I include -I tools/agbcc/include test/battle/move_effect/defense_down.c
tools/scaninc/scaninc -M build/emerald-test/test/battle/move_effect/defense_down_2.d -g build/assets -I include -I tools/agbcc/include test/battle/move_effect/defense_down_2.c
tools/scaninc/scaninc -M build/emerald-test/test/battle/move_effect/defense_curl.d -g build/assets -I include -I tools/agbcc/include test/battle/move_effect/defense_curl.c
tools/scaninc/scaninc -M build/emerald-test/test/battle/move_effect/decorate.d -g build/assets -I include -I tools/agbcc/include test/battle/move_effect/decorate.c
tools/scaninc/scaninc -M build/emerald-test/test/battle/move_effect/dark_void.d -g build/assets -I include -I tools/agbcc/include test/battle/move_effect/dark_void.c
tools/scaninc/scaninc -M build/emerald-test/test/battle/move_effect/curse.d -g build/assets -I include -I tools/agbcc/include test/battle/move_effect/curse.c
tools/scaninc/scaninc -M build/emerald-test/test/battle/move_effect/court_change.d -g build/assets -I include -I tools/agbcc/include test/battle/move_effect/court_change.c
tools/scaninc/scaninc -M build/emerald-test/test/battle/move_effect/cosmic_power.d -g build/assets -I include -I tools/agbcc/include test/battle/move_effect/cosmic_power.c
tools/scaninc/scaninc -M build/emerald-test/test/battle/move_effect/corrosive_gas.d -g build/assets -I include -I tools/agbcc/include test/battle/move_effect/corrosive_gas.c
tools/scaninc/scaninc -M build/emerald-test/test/battle/move_effect/core_enforcer.d -g build/assets -I include -I tools/agbcc/include test/battle/move_effect/core_enforcer.c
tools/scaninc/scaninc -M build/emerald-test/test/battle/move_effect/copycat.d -g build/assets -I include -I tools/agbcc/include test/battle/move_effect/copycat.c
tools/scaninc/scaninc -M build/emerald-test/test/battle/move_effect/conversion.d -g build/assets -I include -I tools/agbcc/include test/battle/move_effect/conversion.c
tools/scaninc/scaninc -M build/emerald-test/test/battle/move_effect/conversion_2.d -g build/assets -I include -I tools/agbcc/include test/battle/move_effect/conversion_2.c
tools/scaninc/scaninc -M build/emerald-test/test/battle/move_effect/confuse.d -g build/assets -I include -I tools/agbcc/include test/battle/move_effect/confuse.c
tools/scaninc/scaninc -M build/emerald-test/test/battle/move_effect/collision_course.d -g build/assets -I include -I tools/agbcc/include test/battle/move_effect/collision_course.c
tools/scaninc/scaninc -M build/emerald-test/test/battle/move_effect/coil.d -g build/assets -I include -I tools/agbcc/include test/battle/move_effect/coil.c
tools/scaninc/scaninc -M build/emerald-test/test/battle/move_effect/coaching.d -g build/assets -I include -I tools/agbcc/include test/battle/move_effect/coaching.c
tools/scaninc/scaninc -M build/emerald-test/test/battle/move_effect/clangorous_soul.d -g build/assets -I include -I tools/agbcc/include test/battle/move_effect/clangorous_soul.c
tools/scaninc/scaninc -M build/emerald-test/test/battle/move_effect/chloroblast.d -g build/assets -I include -I tools/agbcc/include test/battle/move_effect/chloroblast.c
tools/scaninc/scaninc -M build/emerald-test/test/battle/move_effect/chilly_reception.d -g build/assets -I include -I tools/agbcc/include test/battle/move_effect/chilly_reception.c
tools/scaninc/scaninc -M build/emerald-test/test/battle/move_effect/charge.d -g build/assets -I include -I tools/agbcc/include test/battle/move_effect/charge.c
tools/scaninc/scaninc -M build/emerald-test/test/battle/move_effect/change_type_on_item.d -g build/assets -I include -I tools/agbcc/include test/battle/move_effect/change_type_on_item.c
tools/scaninc/scaninc -M build/emerald-test/test/battle/move_effect/celebrate.d -g build/assets -I include -I tools/agbcc/include test/battle/move_effect/celebrate.c
tools/scaninc/scaninc -M build/emerald-test/test/battle/move_effect/ceaseless_edge.d -g build/assets -I include -I tools/agbcc/include test/battle/move_effect/ceaseless_edge.c
tools/scaninc/scaninc -M build/emerald-test/test/battle/move_effect/captivate.d -g build/assets -I include -I tools/agbcc/include test/battle/move_effect/captivate.c
tools/scaninc/scaninc -M build/emerald-test/test/battle/move_effect/camouflage.d -g build/assets -I include -I tools/agbcc/include test/battle/move_effect/camouflage.c
tools/scaninc/scaninc -M build/emerald-test/test/battle/move_effect/calm_mind.d -g build/assets -I include -I tools/agbcc/include test/battle/move_effect/calm_mind.c
tools/scaninc/scaninc -M build/emerald-test/test/battle/move_effect/bulk_up.d -g build/assets -I include -I tools/agbcc/include test/battle/move_effect/bulk_up.c
tools/scaninc/scaninc -M build/emerald-test/test/battle/move_effect/brine.d -g build/assets -I include -I tools/agbcc/include test/battle/move_effect/brine.c
tools/scaninc/scaninc -M build/emerald-test/test/battle/move_effect/bolt_beak.d -g build/assets -I include -I tools/agbcc/include test/battle/move_effect/bolt_beak.c
tools/scaninc/scaninc -M build/emerald-test/test/battle/move_effect/body_press.d -g build/assets -I include -I tools/agbcc/include test/battle/move_effect/body_press.c
tools/scaninc/scaninc -M build/emerald-test/test/battle/move_effect/bide.d -g build/assets -I include -I tools/agbcc/include test/battle/move_effect/bide.c
tools/scaninc/scaninc -M build/emerald-test/test/battle/move_effect/bestow.d -g build/assets -I include -I tools/agbcc/include test/battle/move_effect/bestow.c
tools/scaninc/scaninc -M build/emerald-test/test/battle/move_effect/belly_drum.d -g build/assets -I include -I tools/agbcc/include test/battle/move_effect/belly_drum.c
tools/scaninc/scaninc -M build/emerald-test/test/battle/move_effect/belch.d -g build/assets -I include -I tools/agbcc/include test/battle/move_effect/belch.c
tools/scaninc/scaninc -M build/emerald-test/test/battle/move_effect/beat_up.d -g build/assets -I include -I tools/agbcc/include test/battle/move_effect/beat_up.c
tools/scaninc/scaninc -M build/emerald-test/test/battle/move_effect/beak_blast.d -g build/assets -I include -I tools/agbcc/include test/battle/move_effect/beak_blast.c
tools/scaninc/scaninc -M build/emerald-test/test/battle/move_effect/baton_pass.d -g build/assets -I include -I tools/agbcc/include test/battle/move_effect/baton_pass.c
tools/scaninc/scaninc -M build/emerald-test/test/battle/move_effect/autotomize.d -g build/assets -I include -I tools/agbcc/include test/battle/move_effect/autotomize.c
tools/scaninc/scaninc -M build/emerald-test/test/battle/move_effect/aurora_veil.d -g build/assets -I include -I tools/agbcc/include test/battle/move_effect/aurora_veil.c
tools/scaninc/scaninc -M build/emerald-test/test/battle/move_effect/aura_wheel.d -g build/assets -I include -I tools/agbcc/include test/battle/move_effect/aura_wheel.c
tools/scaninc/scaninc -M build/emerald-test/test/battle/move_effect/attract.d -g build/assets -I include -I tools/agbcc/include test/battle/move_effect/attract.c
tools/scaninc/scaninc -M build/emerald-test/test/battle/move_effect/attack_up_user_ally.d -g build/assets -I include -I tools/agbcc/include test/battle/move_effect/attack_up_user_ally.c
tools/scaninc/scaninc -M build/emerald-test/test/battle/move_effect/attack_up.d -g build/assets -I include -I tools/agbcc/include test/battle/move_effect/attack_up.c
tools/scaninc/scaninc -M build/emerald-test/test/battle/move_effect/attack_up_2.d -g build/assets -I include -I tools/agbcc/include test/battle/move_effect/attack_up_2.c
tools/scaninc/scaninc -M build/emerald-test/test/battle/move_effect/attack_spatk_up.d -g build/assets -I include -I tools/agbcc/include test/battle/move_effect/attack_spatk_up.c
tools/scaninc/scaninc -M build/emerald-test/test/battle/move_effect/attack_down.d -g build/assets -I include -I tools/agbcc/include test/battle/move_effect/attack_down.c
tools/scaninc/scaninc -M build/emerald-test/test/battle/move_effect/attack_down_2.d -g build/assets -I include -I tools/agbcc/include test/battle/move_effect/attack_down_2.c
tools/scaninc/scaninc -M build/emerald-test/test/battle/move_effect/attack_accuracy_up.d -g build/assets -I include -I tools/agbcc/include test/battle/move_effect/attack_accuracy_up.c
tools/scaninc/scaninc -M build/emerald-test/test/battle/move_effect/assurance.d -g build/assets -I include -I tools/agbcc/include test/battle/move_effect/assurance.c
tools/scaninc/scaninc -M build/emerald-test/test/battle/move_effect/assist.d -g build/assets -I include -I tools/agbcc/include test/battle/move_effect/assist.c
tools/scaninc/scaninc -M build/emerald-test/test/battle/move_effect/aromatic_mist.d -g build/assets -I include -I tools/agbcc/include test/battle/move_effect/aromatic_mist.c
tools/scaninc/scaninc -M build/emerald-test/test/battle/move_effect/aqua_ring.d -g build/assets -I include -I tools/agbcc/include test/battle/move_effect/aqua_ring.c
tools/scaninc/scaninc -M build/emerald-test/test/battle/move_effect/ally_switch.d -g build/assets -I include -I tools/agbcc/include test/battle/move_effect/ally_switch.c
tools/scaninc/scaninc -M build/emerald-test/test/battle/move_effect/after_you.d -g build/assets -I include -I tools/agbcc/include test/battle/move_effect/after_you.c
tools/scaninc/scaninc -M build/emerald-test/test/battle/move_effect/acupressure.d -g build/assets -I include -I tools/agbcc/include test/battle/move_effect/acupressure.c
tools/scaninc/scaninc -M build/emerald-test/test/battle/move_effect/acrobatics.d -g build/assets -I include -I tools/agbcc/include test/battle/move_effect/acrobatics.c
tools/scaninc/scaninc -M build/emerald-test/test/battle/move_effect/accuracy_up.d -g build/assets -I include -I tools/agbcc/include test/battle/move_effect/accuracy_up.c
tools/scaninc/scaninc -M build/emerald-test/test/battle/move_effect/accuracy_up_2.d -g build/assets -I include -I tools/agbcc/include test/battle/move_effect/accuracy_up_2.c
tools/scaninc/scaninc -M build/emerald-test/test/battle/move_effect/accuracy_down.d -g build/assets -I include -I tools/agbcc/include test/battle/move_effect/accuracy_down.c
tools/scaninc/scaninc -M build/emerald-test/test/battle/move_effect/accuracy_down_2.d -g build/assets -I include -I tools/agbcc/include test/battle/move_effect/accuracy_down_2.c
tools/scaninc/scaninc -M build/emerald-test/test/battle/move_effect/absorb.d -g build/assets -I include -I tools/agbcc/include test/battle/move_effect/absorb.c
tools/scaninc/scaninc -M build/emerald-test/test/battle/move_animations/smack_down.d -g build/assets -I include -I tools/agbcc/include test/battle/move_animations/smack_down.c
tools/scaninc/scaninc -M build/emerald-test/test/battle/move_animations/all_anims.d -g build/assets -I include -I tools/agbcc/include test/battle/move_animations/all_anims.c
tools/scaninc/scaninc -M build/emerald-test/test/battle/item_effect/throw_ball.d -g build/assets -I include -I tools/agbcc/include test/battle/item_effect/throw_ball.c
tools/scaninc/scaninc -M build/emerald-test/test/battle/item_effect/set_mist.d -g build/assets -I include -I tools/agbcc/include test/battle/item_effect/set_mist.c
tools/scaninc/scaninc -M build/emerald-test/test/battle/item_effect/revive.d -g build/assets -I include -I tools/agbcc/include test/battle/item_effect/revive.c
tools/scaninc/scaninc -M build/emerald-test/test/battle/item_effect/restore_pp.d -g build/assets -I include -I tools/agbcc/include test/battle/item_effect/restore_pp.c
tools/scaninc/scaninc -M build/emerald-test/test/battle/item_effect/restore_hp.d -g build/assets -I include -I tools/agbcc/include test/battle/item_effect/restore_hp.c
tools/scaninc/scaninc -M build/emerald-test/test/battle/item_effect/poke_flute.d -g build/assets -I include -I tools/agbcc/include test/battle/item_effect/poke_flute.c
tools/scaninc/scaninc -M build/emerald-test/test/battle/item_effect/increase_stat.d -g build/assets -I include -I tools/agbcc/include test/battle/item_effect/increase_stat.c
tools/scaninc/scaninc -M build/emerald-test/test/battle/item_effect/heal_and_cure_status.d -g build/assets -I include -I tools/agbcc/include test/battle/item_effect/heal_and_cure_status.c
tools/scaninc/scaninc -M build/emerald-test/test/battle/item_effect/escape.d -g build/assets -I include -I tools/agbcc/include test/battle/item_effect/escape.c
tools/scaninc/scaninc -M build/emerald-test/test/battle/item_effect/dire_hit.d -g build/assets -I include -I tools/agbcc/include test/battle/item_effect/dire_hit.c
tools/scaninc/scaninc -M build/emerald-test/test/battle/item_effect/cure_status.d -g build/assets -I include -I tools/agbcc/include test/battle/item_effect/cure_status.c
tools/scaninc/scaninc -M build/emerald-test/test/battle/hold_effect/zoom_lens.d -g build/assets -I include -I tools/agbcc/include test/battle/hold_effect/zoom_lens.c
tools/scaninc/scaninc -M build/emerald-test/test/battle/hold_effect/z_crystal.d -g build/assets -I include -I tools/agbcc/include test/battle/hold_effect/z_crystal.c
tools/scaninc/scaninc -M build/emerald-test/test/battle/hold_effect/wise_glasses.d -g build/assets -I include -I tools/agbcc/include test/battle/hold_effect/wise_glasses.c
tools/scaninc/scaninc -M build/emerald-test/test/battle/hold_effect/wide_lens.d -g build/assets -I include -I tools/agbcc/include test/battle/hold_effect/wide_lens.c
tools/scaninc/scaninc -M build/emerald-test/test/battle/hold_effect/white_herb.d -g build/assets -I include -I tools/agbcc/include test/battle/hold_effect/white_herb.c
tools/scaninc/scaninc -M build/emerald-test/test/battle/hold_effect/weakness_policy.d -g build/assets -I include -I tools/agbcc/include test/battle/hold_effect/weakness_policy.c
tools/scaninc/scaninc -M build/emerald-test/test/battle/hold_effect/utility_umbrella.d -g build/assets -I include -I tools/agbcc/include test/battle/hold_effect/utility_umbrella.c
tools/scaninc/scaninc -M build/emerald-test/test/battle/hold_effect/type_power.d -g build/assets -I include -I tools/agbcc/include test/battle/hold_effect/type_power.c
tools/scaninc/scaninc -M build/emerald-test/test/battle/hold_effect/toxic_orb.d -g build/assets -I include -I tools/agbcc/include test/battle/hold_effect/toxic_orb.c
tools/scaninc/scaninc -M build/emerald-test/test/battle/hold_effect/throat_spray.d -g build/assets -I include -I tools/agbcc/include test/battle/hold_effect/throat_spray.c
tools/scaninc/scaninc -M build/emerald-test/test/battle/hold_effect/thick_club.d -g build/assets -I include -I tools/agbcc/include test/battle/hold_effect/thick_club.c
tools/scaninc/scaninc -M build/emerald-test/test/battle/hold_effect/terrain_seed.d -g build/assets -I include -I tools/agbcc/include test/battle/hold_effect/terrain_seed.c
tools/scaninc/scaninc -M build/emerald-test/test/battle/hold_effect/terrain_extender.d -g build/assets -I include -I tools/agbcc/include test/battle/hold_effect/terrain_extender.c
tools/scaninc/scaninc -M build/emerald-test/test/battle/hold_effect/sticky_barb.d -g build/assets -I include -I tools/agbcc/include test/battle/hold_effect/sticky_barb.c
tools/scaninc/scaninc -M build/emerald-test/test/battle/hold_effect/speed_up.d -g build/assets -I include -I tools/agbcc/include test/battle/hold_effect/speed_up.c
tools/scaninc/scaninc -M build/emerald-test/test/battle/hold_effect/sp_defense_up.d -g build/assets -I include -I tools/agbcc/include test/battle/hold_effect/sp_defense_up.c
tools/scaninc/scaninc -M build/emerald-test/test/battle/hold_effect/sp_attack_up.d -g build/assets -I include -I tools/agbcc/include test/battle/hold_effect/sp_attack_up.c
tools/scaninc/scaninc -M build/emerald-test/test/battle/hold_effect/soul_dew.d -g build/assets -I include -I tools/agbcc/include test/battle/hold_effect/soul_dew.c
tools/scaninc/scaninc -M build/emerald-test/test/battle/hold_effect/snowball.d -g build/assets -I include -I tools/agbcc/include test/battle/hold_effect/snowball.c
tools/scaninc/scaninc -M build/emerald-test/test/battle/hold_effect/smooth_rock.d -g build/assets -I include -I tools/agbcc/include test/battle/hold_effect/smooth_rock.c
tools/scaninc/scaninc -M build/emerald-test/test/battle/hold_effect/shell_bell.d -g build/assets -I include -I tools/agbcc/include test/battle/hold_effect/shell_bell.c
tools/scaninc/scaninc -M build/emerald-test/test/battle/hold_effect/shed_shell.d -g build/assets -I include -I tools/agbcc/include test/battle/hold_effect/shed_shell.c
tools/scaninc/scaninc -M build/emerald-test/test/battle/hold_effect/scope_lens.d -g build/assets -I include -I tools/agbcc/include test/battle/hold_effect/scope_lens.c
tools/scaninc/scaninc -M build/emerald-test/test/battle/hold_effect/safety_goggles.d -g build/assets -I include -I tools/agbcc/include test/battle/hold_effect/safety_goggles.c
tools/scaninc/scaninc -M build/emerald-test/test/battle/hold_effect/rowap_berry.d -g build/assets -I include -I tools/agbcc/include test/battle/hold_effect/rowap_berry.c
tools/scaninc/scaninc -M build/emerald-test/test/battle/hold_effect/room_service.d -g build/assets -I include -I tools/agbcc/include test/battle/hold_effect/room_service.c
tools/scaninc/scaninc -M build/emerald-test/test/battle/hold_effect/rocky_helmet.d -g build/assets -I include -I tools/agbcc/include test/battle/hold_effect/rocky_helmet.c
tools/scaninc/scaninc -M build/emerald-test/test/battle/hold_effect/ring_target.d -g build/assets -I include -I tools/agbcc/include test/battle/hold_effect/ring_target.c
tools/scaninc/scaninc -M build/emerald-test/test/battle/hold_effect/restore_pp.d -g build/assets -I include -I tools/agbcc/include test/battle/hold_effect/restore_pp.c
tools/scaninc/scaninc -M build/emerald-test/test/battle/hold_effect/restore_pct_hp.d -g build/assets -I include -I tools/agbcc/include test/battle/hold_effect/restore_pct_hp.c
tools/scaninc/scaninc -M build/emerald-test/test/battle/hold_effect/restore_hp.d -g build/assets -I include -I tools/agbcc/include test/battle/hold_effect/restore_hp.c
tools/scaninc/scaninc -M build/emerald-test/test/battle/hold_effect/resist_berry.d -g build/assets -I include -I tools/agbcc/include test/battle/hold_effect/resist_berry.c
tools/scaninc/scaninc -M build/emerald-test/test/battle/hold_effect/repel.d -g build/assets -I include -I tools/agbcc/include test/battle/hold_effect/repel.c
tools/scaninc/scaninc -M build/emerald-test/test/battle/hold_effect/red_card.d -g build/assets -I include -I tools/agbcc/include test/battle/hold_effect/red_card.c
tools/scaninc/scaninc -M build/emerald-test/test/battle/hold_effect/random_stat_up.d -g build/assets -I include -I tools/agbcc/include test/battle/hold_effect/random_stat_up.c
tools/scaninc/scaninc -M build/emerald-test/test/battle/hold_effect/quick_powder.d -g build/assets -I include -I tools/agbcc/include test/battle/hold_effect/quick_powder.c
tools/scaninc/scaninc -M build/emerald-test/test/battle/hold_effect/quick_claw.d -g build/assets -I include -I tools/agbcc/include test/battle/hold_effect/quick_claw.c
tools/scaninc/scaninc -M build/emerald-test/test/battle/hold_effect/punching_glove.d -g build/assets -I include -I tools/agbcc/include test/battle/hold_effect/punching_glove.c
tools/scaninc/scaninc -M build/emerald-test/test/battle/hold_effect/protective_pads.d -g build/assets -I include -I tools/agbcc/include test/battle/hold_effect/protective_pads.c
tools/scaninc/scaninc -M build/emerald-test/test/battle/hold_effect/primal_orb.d -g build/assets -I include -I tools/agbcc/include test/battle/hold_effect/primal_orb.c
tools/scaninc/scaninc -M build/emerald-test/test/battle/hold_effect/prevent_evolve.d -g build/assets -I include -I tools/agbcc/include test/battle/hold_effect/prevent_evolve.c
tools/scaninc/scaninc -M build/emerald-test/test/battle/hold_effect/power_item.d -g build/assets -I include -I tools/agbcc/include test/battle/hold_effect/power_item.c
tools/scaninc/scaninc -M build/emerald-test/test/battle/hold_effect/power_herb.d -g build/assets -I include -I tools/agbcc/include test/battle/hold_effect/power_herb.c
tools/scaninc/scaninc -M build/emerald-test/test/battle/hold_effect/plate.d -g build/assets -I include -I tools/agbcc/include test/battle/hold_effect/plate.c
tools/scaninc/scaninc -M build/emerald-test/test/battle/hold_effect/ogerpon_mask.d -g build/assets -I include -I tools/agbcc/include test/battle/hold_effect/ogerpon_mask.c
tools/scaninc/scaninc -M build/emerald-test/test/battle/hold_effect/muscle_band.d -g build/assets -I include -I tools/agbcc/include test/battle/hold_effect/muscle_band.c
tools/scaninc/scaninc -M build/emerald-test/test/battle/hold_effect/mirror_herb.d -g build/assets -I include -I tools/agbcc/include test/battle/hold_effect/mirror_herb.c
tools/scaninc/scaninc -M build/emerald-test/test/battle/hold_effect/micle_berry.d -g build/assets -I include -I tools/agbcc/include test/battle/hold_effect/micle_berry.c
tools/scaninc/scaninc -M build/emerald-test/test/battle/hold_effect/metronome.d -g build/assets -I include -I tools/agbcc/include test/battle/hold_effect/metronome.c
tools/scaninc/scaninc -M build/emerald-test/test/battle/hold_effect/metal_powder.d -g build/assets -I include -I tools/agbcc/include test/battle/hold_effect/metal_powder.c
tools/scaninc/scaninc -M build/emerald-test/test/battle/hold_effect/mental_herb.d -g build/assets -I include -I tools/agbcc/include test/battle/hold_effect/mental_herb.c
tools/scaninc/scaninc -M build/emerald-test/test/battle/hold_effect/memory.d -g build/assets -I include -I tools/agbcc/include test/battle/hold_effect/memory.c
tools/scaninc/scaninc -M build/emerald-test/test/battle/hold_effect/mega_stone.d -g build/assets -I include -I tools/agbcc/include test/battle/hold_effect/mega_stone.c
tools/scaninc/scaninc -M build/emerald-test/test/battle/hold_effect/maranga_berry.d -g build/assets -I include -I tools/agbcc/include test/battle/hold_effect/maranga_berry.c
tools/scaninc/scaninc -M build/emerald-test/test/battle/hold_effect/macho_brace.d -g build/assets -I include -I tools/agbcc/include test/battle/hold_effect/macho_brace.c
tools/scaninc/scaninc -M build/emerald-test/test/battle/hold_effect/lustrous_orb.d -g build/assets -I include -I tools/agbcc/include test/battle/hold_effect/lustrous_orb.c
tools/scaninc/scaninc -M build/emerald-test/test/battle/hold_effect/luminous_moss.d -g build/assets -I include -I tools/agbcc/include test/battle/hold_effect/luminous_moss.c
tools/scaninc/scaninc -M build/emerald-test/test/battle/hold_effect/lucky_punch.d -g build/assets -I include -I tools/agbcc/include test/battle/hold_effect/lucky_punch.c
tools/scaninc/scaninc -M build/emerald-test/test/battle/hold_effect/lucky_egg.d -g build/assets -I include -I tools/agbcc/include test/battle/hold_effect/lucky_egg.c
tools/scaninc/scaninc -M build/emerald-test/test/battle/hold_effect/loaded_dice.d -g build/assets -I include -I tools/agbcc/include test/battle/hold_effect/loaded_dice.c
tools/scaninc/scaninc -M build/emerald-test/test/battle/hold_effect/light_clay.d -g build/assets -I include -I tools/agbcc/include test/battle/hold_effect/light_clay.c
tools/scaninc/scaninc -M build/emerald-test/test/battle/hold_effect/light_ball.d -g build/assets -I include -I tools/agbcc/include test/battle/hold_effect/light_ball.c
tools/scaninc/scaninc -M build/emerald-test/test/battle/hold_effect/life_orb.d -g build/assets -I include -I tools/agbcc/include test/battle/hold_effect/life_orb.c
tools/scaninc/scaninc -M build/emerald-test/test/battle/hold_effect/leftovers.d -g build/assets -I include -I tools/agbcc/include test/battle/hold_effect/leftovers.c
tools/scaninc/scaninc -M build/emerald-test/test/battle/hold_effect/leek.d -g build/assets -I include -I tools/agbcc/include test/battle/hold_effect/leek.c
tools/scaninc/scaninc -M build/emerald-test/test/battle/hold_effect/lagging_tail.d -g build/assets -I include -I tools/agbcc/include test/battle/hold_effect/lagging_tail.c
tools/scaninc/scaninc -M build/emerald-test/test/battle/hold_effect/kee_berry.d -g build/assets -I include -I tools/agbcc/include test/battle/hold_effect/kee_berry.c
tools/scaninc/scaninc -M build/emerald-test/test/battle/hold_effect/jaboca_berry.d -g build/assets -I include -I tools/agbcc/include test/battle/hold_effect/jaboca_berry.c
tools/scaninc/scaninc -M build/emerald-test/test/battle/hold_effect/iron_ball.d -g build/assets -I include -I tools/agbcc/include test/battle/hold_effect/iron_ball.c
tools/scaninc/scaninc -M build/emerald-test/test/battle/hold_effect/icy_rock.d -g build/assets -I include -I tools/agbcc/include test/battle/hold_effect/icy_rock.c
tools/scaninc/scaninc -M build/emerald-test/test/battle/hold_effect/heavy_duty_boots.d -g build/assets -I include -I tools/agbcc/include test/battle/hold_effect/heavy_duty_boots.c
tools/scaninc/scaninc -M build/emerald-test/test/battle/hold_effect/heat_rock.d -g build/assets -I include -I tools/agbcc/include test/battle/hold_effect/heat_rock.c
tools/scaninc/scaninc -M build/emerald-test/test/battle/hold_effect/griseous_orb.d -g build/assets -I include -I tools/agbcc/include test/battle/hold_effect/griseous_orb.c
tools/scaninc/scaninc -M build/emerald-test/test/battle/hold_effect/grip_claw.d -g build/assets -I include -I tools/agbcc/include test/battle/hold_effect/grip_claw.c
tools/scaninc/scaninc -M build/emerald-test/test/battle/hold_effect/gems.d -g build/assets -I include -I tools/agbcc/include test/battle/hold_effect/gems.c
tools/scaninc/scaninc -M build/emerald-test/test/battle/hold_effect/friendship_up.d -g build/assets -I include -I tools/agbcc/include test/battle/hold_effect/friendship_up.c
tools/scaninc/scaninc -M build/emerald-test/test/battle/hold_effect/focus_sash.d -g build/assets -I include -I tools/agbcc/include test/battle/hold_effect/focus_sash.c
tools/scaninc/scaninc -M build/emerald-test/test/battle/hold_effect/focus_band.d -g build/assets -I include -I tools/agbcc/include test/battle/hold_effect/focus_band.c
tools/scaninc/scaninc -M build/emerald-test/test/battle/hold_effect/float_stone.d -g build/assets -I include -I tools/agbcc/include test/battle/hold_effect/float_stone.c
tools/scaninc/scaninc -M build/emerald-test/test/battle/hold_effect/flinch.d -g build/assets -I include -I tools/agbcc/include test/battle/hold_effect/flinch.c
tools/scaninc/scaninc -M build/emerald-test/test/battle/hold_effect/flame_orb.d -g build/assets -I include -I tools/agbcc/include test/battle/hold_effect/flame_orb.c
tools/scaninc/scaninc -M build/emerald-test/test/battle/hold_effect/exp_share.d -g build/assets -I include -I tools/agbcc/include test/battle/hold_effect/exp_share.c
tools/scaninc/scaninc -M build/emerald-test/test/battle/hold_effect/expert_belt.d -g build/assets -I include -I tools/agbcc/include test/battle/hold_effect/expert_belt.c
tools/scaninc/scaninc -M build/emerald-test/test/battle/hold_effect/eviolite.d -g build/assets -I include -I tools/agbcc/include test/battle/hold_effect/eviolite.c
tools/scaninc/scaninc -M build/emerald-test/test/battle/hold_effect/evasion_up.d -g build/assets -I include -I tools/agbcc/include test/battle/hold_effect/evasion_up.c
tools/scaninc/scaninc -M build/emerald-test/test/battle/hold_effect/enigma_berry.d -g build/assets -I include -I tools/agbcc/include test/battle/hold_effect/enigma_berry.c
tools/scaninc/scaninc -M build/emerald-test/test/battle/hold_effect/eject_pack.d -g build/assets -I include -I tools/agbcc/include test/battle/hold_effect/eject_pack.c
tools/scaninc/scaninc -M build/emerald-test/test/battle/hold_effect/eject_button.d -g build/assets -I include -I tools/agbcc/include test/battle/hold_effect/eject_button.c
tools/scaninc/scaninc -M build/emerald-test/test/battle/hold_effect/drive.d -g build/assets -I include -I tools/agbcc/include test/battle/hold_effect/drive.c
tools/scaninc/scaninc -M build/emerald-test/test/battle/hold_effect/double_prize.d -g build/assets -I include -I tools/agbcc/include test/battle/hold_effect/double_prize.c
tools/scaninc/scaninc -M build/emerald-test/test/battle/hold_effect/destiny_knot.d -g build/assets -I include -I tools/agbcc/include test/battle/hold_effect/destiny_knot.c
tools/scaninc/scaninc -M build/emerald-test/test/battle/hold_effect/defense_up.d -g build/assets -I include -I tools/agbcc/include test/battle/hold_effect/defense_up.c
tools/scaninc/scaninc -M build/emerald-test/test/battle/hold_effect/deep_sea_tooth.d -g build/assets -I include -I tools/agbcc/include test/battle/hold_effect/deep_sea_tooth.c
tools/scaninc/scaninc -M build/emerald-test/test/battle/hold_effect/deep_sea_scale.d -g build/assets -I include -I tools/agbcc/include test/battle/hold_effect/deep_sea_scale.c
tools/scaninc/scaninc -M build/emerald-test/test/battle/hold_effect/damp_rock.d -g build/assets -I include -I tools/agbcc/include test/battle/hold_effect/damp_rock.c
tools/scaninc/scaninc -M build/emerald-test/test/battle/hold_effect/custap_berry.d -g build/assets -I include -I tools/agbcc/include test/battle/hold_effect/custap_berry.c
tools/scaninc/scaninc -M build/emerald-test/test/battle/hold_effect/cure_status.d -g build/assets -I include -I tools/agbcc/include test/battle/hold_effect/cure_status.c
tools/scaninc/scaninc -M build/emerald-test/test/battle/hold_effect/cure_slp.d -g build/assets -I include -I tools/agbcc/include test/battle/hold_effect/cure_slp.c
tools/scaninc/scaninc -M build/emerald-test/test/battle/hold_effect/cure_psn.d -g build/assets -I include -I tools/agbcc/include test/battle/hold_effect/cure_psn.c
tools/scaninc/scaninc -M build/emerald-test/test/battle/hold_effect/cure_par.d -g build/assets -I include -I tools/agbcc/include test/battle/hold_effect/cure_par.c
tools/scaninc/scaninc -M build/emerald-test/test/battle/hold_effect/cure_frz.d -g build/assets -I include -I tools/agbcc/include test/battle/hold_effect/cure_frz.c
tools/scaninc/scaninc -M build/emerald-test/test/battle/hold_effect/cure_confusion.d -g build/assets -I include -I tools/agbcc/include test/battle/hold_effect/cure_confusion.c
tools/scaninc/scaninc -M build/emerald-test/test/battle/hold_effect/cure_brn.d -g build/assets -I include -I tools/agbcc/include test/battle/hold_effect/cure_brn.c
tools/scaninc/scaninc -M build/emerald-test/test/battle/hold_effect/critical_up.d -g build/assets -I include -I tools/agbcc/include test/battle/hold_effect/critical_up.c
tools/scaninc/scaninc -M build/emerald-test/test/battle/hold_effect/covert_cloak.d -g build/assets -I include -I tools/agbcc/include test/battle/hold_effect/covert_cloak.c
tools/scaninc/scaninc -M build/emerald-test/test/battle/hold_effect/confuse_sweet.d -g build/assets -I include -I tools/agbcc/include test/battle/hold_effect/confuse_sweet.c
tools/scaninc/scaninc -M build/emerald-test/test/battle/hold_effect/confuse_spicy.d -g build/assets -I include -I tools/agbcc/include test/battle/hold_effect/confuse_spicy.c
tools/scaninc/scaninc -M build/emerald-test/test/battle/hold_effect/confuse_sour.d -g build/assets -I include -I tools/agbcc/include test/battle/hold_effect/confuse_sour.c
tools/scaninc/scaninc -M build/emerald-test/test/battle/hold_effect/confuse_dry.d -g build/assets -I include -I tools/agbcc/include test/battle/hold_effect/confuse_dry.c
tools/scaninc/scaninc -M build/emerald-test/test/battle/hold_effect/confuse_bitter.d -g build/assets -I include -I tools/agbcc/include test/battle/hold_effect/confuse_bitter.c
tools/scaninc/scaninc -M build/emerald-test/test/battle/hold_effect/clear_amulet.d -g build/assets -I include -I tools/agbcc/include test/battle/hold_effect/clear_amulet.c
tools/scaninc/scaninc -M build/emerald-test/test/battle/hold_effect/choice_specs.d -g build/assets -I include -I tools/agbcc/include test/battle/hold_effect/choice_specs.c
tools/scaninc/scaninc -M build/emerald-test/test/battle/hold_effect/choice_scarf.d -g build/assets -I include -I tools/agbcc/include test/battle/hold_effect/choice_scarf.c
tools/scaninc/scaninc -M build/emerald-test/test/battle/hold_effect/choice_band.d -g build/assets -I include -I tools/agbcc/include test/battle/hold_effect/choice_band.c
tools/scaninc/scaninc -M build/emerald-test/test/battle/hold_effect/cell_battery.d -g build/assets -I include -I tools/agbcc/include test/battle/hold_effect/cell_battery.c
tools/scaninc/scaninc -M build/emerald-test/test/battle/hold_effect/can_always_run.d -g build/assets -I include -I tools/agbcc/include test/battle/hold_effect/can_always_run.c
tools/scaninc/scaninc -M build/emerald-test/test/battle/hold_effect/booster_energy.d -g build/assets -I include -I tools/agbcc/include test/battle/hold_effect/booster_energy.c
tools/scaninc/scaninc -M build/emerald-test/test/battle/hold_effect/blunder_policy.d -g build/assets -I include -I tools/agbcc/include test/battle/hold_effect/blunder_policy.c
tools/scaninc/scaninc -M build/emerald-test/test/battle/hold_effect/black_sludge.d -g build/assets -I include -I tools/agbcc/include test/battle/hold_effect/black_sludge.c
tools/scaninc/scaninc -M build/emerald-test/test/battle/hold_effect/binding_band.d -g build/assets -I include -I tools/agbcc/include test/battle/hold_effect/binding_band.c
tools/scaninc/scaninc -M build/emerald-test/test/battle/hold_effect/big_root.d -g build/assets -I include -I tools/agbcc/include test/battle/hold_effect/big_root.c
tools/scaninc/scaninc -M build/emerald-test/test/battle/hold_effect/berserk_gene.d -g build/assets -I include -I tools/agbcc/include test/battle/hold_effect/berserk_gene.c
tools/scaninc/scaninc -M build/emerald-test/test/battle/hold_effect/attack_up.d -g build/assets -I include -I tools/agbcc/include test/battle/hold_effect/attack_up.c
tools/scaninc/scaninc -M build/emerald-test/test/battle/hold_effect/assault_vest.d -g build/assets -I include -I tools/agbcc/include test/battle/hold_effect/assault_vest.c
tools/scaninc/scaninc -M build/emerald-test/test/battle/hold_effect/air_balloon.d -g build/assets -I include -I tools/agbcc/include test/battle/hold_effect/air_balloon.c
tools/scaninc/scaninc -M build/emerald-test/test/battle/hold_effect/adrenaline_orb.d -g build/assets -I include -I tools/agbcc/include test/battle/hold_effect/adrenaline_orb.c
tools/scaninc/scaninc -M build/emerald-test/test/battle/hold_effect/adamant_orb.d -g build/assets -I include -I tools/agbcc/include test/battle/hold_effect/adamant_orb.c
tools/scaninc/scaninc -M build/emerald-test/test/battle/hold_effect/absorb_bulb.d -g build/assets -I include -I tools/agbcc/include test/battle/hold_effect/absorb_bulb.c
tools/scaninc/scaninc -M build/emerald-test/test/battle/hold_effect/ability_shield.d -g build/assets -I include -I tools/agbcc/include test/battle/hold_effect/ability_shield.c
tools/scaninc/scaninc -M build/emerald-test/test/battle/gimmick/zmove.d -g build/assets -I include -I tools/agbcc/include test/battle/gimmick/zmove.c
tools/scaninc/scaninc -M build/emerald-test/test/battle/gimmick/terastal.d -g build/assets -I include -I tools/agbcc/include test/battle/gimmick/terastal.c
tools/scaninc/scaninc -M build/emerald-test/test/battle/gimmick/dynamax.d -g build/assets -I include -I tools/agbcc/include test/battle/gimmick/dynamax.c
tools/scaninc/scaninc -M build/emerald-test/test/battle/form_change/ultra_burst.d -g build/assets -I include -I tools/agbcc/include test/battle/form_change/ultra_burst.c
tools/scaninc/scaninc -M build/emerald-test/test/battle/form_change/status.d -g build/assets -I include -I tools/agbcc/include test/battle/form_change/status.c
tools/scaninc/scaninc -M build/emerald-test/test/battle/form_change/primal_reversion.d -g build/assets -I include -I tools/agbcc/include test/battle/form_change/primal_reversion.c
tools/scaninc/scaninc -M build/emerald-test/test/battle/form_change/mega_evolution.d -g build/assets -I include -I tools/agbcc/include test/battle/form_change/mega_evolution.c
tools/scaninc/scaninc -M build/emerald-test/test/battle/form_change/gigantamax.d -g build/assets -I include -I tools/agbcc/include test/battle/form_change/gigantamax.c
tools/scaninc/scaninc -M build/emerald-test/test/battle/form_change/faint.d -g build/assets -I include -I tools/agbcc/include test/battle/form_change/faint.c
tools/scaninc/scaninc -M build/emerald-test/test/battle/form_change/end_battle_environment.d -g build/assets -I include -I tools/agbcc/include test/battle/form_change/end_battle_environment.c
tools/scaninc/scaninc -M build/emerald-test/test/battle/form_change/end_battle.d -g build/assets -I include -I tools/agbcc/include test/battle/form_change/end_battle.c
tools/scaninc/scaninc -M build/emerald-test/test/battle/form_change/begin_battle.d -g build/assets -I include -I tools/agbcc/include test/battle/form_change/begin_battle.c
tools/scaninc/scaninc -M build/emerald-test/test/battle/form_change/battle_switch.d -g build/assets -I include -I tools/agbcc/include test/battle/form_change/battle_switch.c
tools/scaninc/scaninc -M build/emerald-test/test/battle/form_change/battle_after_move.d -g build/assets -I include -I tools/agbcc/include test/battle/form_change/battle_after_move.c
tools/scaninc/scaninc -M build/emerald-test/test/battle/ai/values_moves_over_splash.d -g build/assets -I include -I tools/agbcc/include test/battle/ai/values_moves_over_splash.c
tools/scaninc/scaninc -M build/emerald-test/test/battle/ai/gimmick_z_move.d -g build/assets -I include -I tools/agbcc/include test/battle/ai/gimmick_z_move.c
tools/scaninc/scaninc -M build/emerald-test/test/battle/ai/gimmick_mega.d -g build/assets -I include -I tools/agbcc/include test/battle/ai/gimmick_mega.c
tools/scaninc/scaninc -M build/emerald-test/test/battle/ai/gimmick_dynamax.d -g build/assets -I include -I tools/agbcc/include test/battle/ai/gimmick_dynamax.c
tools/scaninc/scaninc -M build/emerald-test/test/battle/ai/check_bad_move.d -g build/assets -I include -I tools/agbcc/include test/battle/ai/check_bad_move.c
tools/scaninc/scaninc -M build/emerald-test/test/battle/ai/ai_twelves.d -g build/assets -I include -I tools/agbcc/include test/battle/ai/ai_twelves.c
tools/scaninc/scaninc -M build/emerald-test/test/battle/ai/ai_trytofaint.d -g build/assets -I include -I tools/agbcc/include test/battle/ai/ai_trytofaint.c
tools/scaninc/scaninc -M build/emerald-test/test/battle/ai/ai_thinking_time.d -g build/assets -I include -I tools/agbcc/include test/battle/ai/ai_thinking_time.c
tools/scaninc/scaninc -M build/emerald-test/test/battle/ai/ai_test_test_runner.d -g build/assets -I include -I tools/agbcc/include test/battle/ai/ai_test_test_runner.c
tools/scaninc/scaninc -M build/emerald-test/test/battle/ai/ai_switching.d -g build/assets -I include -I tools/agbcc/include test/battle/ai/ai_switching.c
tools/scaninc/scaninc -M build/emerald-test/test/battle/ai/ai_smart_tera.d -g build/assets -I include -I tools/agbcc/include test/battle/ai/ai_smart_tera.c
tools/scaninc/scaninc -M build/emerald-test/test/battle/ai/ai_pp_stall_prevention.d -g build/assets -I include -I tools/agbcc/include test/battle/ai/ai_pp_stall_prevention.c
tools/scaninc/scaninc -M build/emerald-test/test/battle/ai/ai_powerful_status.d -g build/assets -I include -I tools/agbcc/include test/battle/ai/ai_powerful_status.c
tools/scaninc/scaninc -M build/emerald-test/test/battle/ai/ai_multi.d -g build/assets -I include -I tools/agbcc/include test/battle/ai/ai_multi.c
tools/scaninc/scaninc -M build/emerald-test/test/battle/ai/ai_flag_sequence_switching.d -g build/assets -I include -I tools/agbcc/include test/battle/ai/ai_flag_sequence_switching.c
tools/scaninc/scaninc -M build/emerald-test/test/battle/ai/ai_flag_risky.d -g build/assets -I include -I tools/agbcc/include test/battle/ai/ai_flag_risky.c
tools/scaninc/scaninc -M build/emerald-test/test/battle/ai/ai_flag_predict_switch.d -g build/assets -I include -I tools/agbcc/include test/battle/ai/ai_flag_predict_switch.c
tools/scaninc/scaninc -M build/emerald-test/test/battle/ai/ai_flag_predict_move.d -g build/assets -I include -I tools/agbcc/include test/battle/ai/ai_flag_predict_move.c
tools/scaninc/scaninc -M build/emerald-test/test/battle/ai/ai_flag_predict_ability.d -g build/assets -I include -I tools/agbcc/include test/battle/ai/ai_flag_predict_ability.c
tools/scaninc/scaninc -M build/emerald-test/test/battle/ai/ai_flag_attacks_partner.d -g build/assets -I include -I tools/agbcc/include test/battle/ai/ai_flag_attacks_partner.c
tools/scaninc/scaninc -M build/emerald-test/test/battle/ai/ai_doubles.d -g build/assets -I include -I tools/agbcc/include test/battle/ai/ai_doubles.c
tools/scaninc/scaninc -M build/emerald-test/test/battle/ai/ai_double_ace.d -g build/assets -I include -I tools/agbcc/include test/battle/ai/ai_double_ace.c
tools/scaninc/scaninc -M build/emerald-test/test/battle/ai/ai_choice.d -g build/assets -I include -I tools/agbcc/include test/battle/ai/ai_choice.c
tools/scaninc/scaninc -M build/emerald-test/test/battle/ai/ai_check_viability.d -g build/assets -I include -I tools/agbcc/include test/battle/ai/ai_check_viability.c
tools/scaninc/scaninc -M build/emerald-test/test/battle/ai/ai_calc_best_move_score.d -g build/assets -I include -I tools/agbcc/include test/battle/ai/ai_calc_best_move_score.c
tools/scaninc/scaninc -M build/emerald-test/test/battle/ai/ai.d -g build/assets -I include -I tools/agbcc/include test/battle/ai/ai.c
tools/scaninc/scaninc -M build/emerald-test/test/battle/ai/ai_assume_status_moves.d -g build/assets -I include -I tools/agbcc/include test/battle/ai/ai_assume_status_moves.c
tools/scaninc/scaninc -M build/emerald-test/test/battle/ai/ai_assume_stab.d -g build/assets -I include -I tools/agbcc/include test/battle/ai/ai_assume_stab.c
tools/scaninc/scaninc -M build/emerald-test/test/battle/ability/zero_to_hero.d -g build/assets -I include -I tools/agbcc/include test/battle/ability/zero_to_hero.c
tools/scaninc/scaninc -M build/emerald-test/test/battle/ability/zen_mode.d -g build/assets -I include -I tools/agbcc/include test/battle/ability/zen_mode.c
tools/scaninc/scaninc -M build/emerald-test/test/battle/ability/wonder_skin.d -g build/assets -I include -I tools/agbcc/include test/battle/ability/wonder_skin.c
tools/scaninc/scaninc -M build/emerald-test/test/battle/ability/wonder_guard.d -g build/assets -I include -I tools/agbcc/include test/battle/ability/wonder_guard.c
tools/scaninc/scaninc -M build/emerald-test/test/battle/ability/wind_rider.d -g build/assets -I include -I tools/agbcc/include test/battle/ability/wind_rider.c
tools/scaninc/scaninc -M build/emerald-test/test/battle/ability/wind_power.d -g build/assets -I include -I tools/agbcc/include test/battle/ability/wind_power.c
tools/scaninc/scaninc -M build/emerald-test/test/battle/ability/wimp_out.d -g build/assets -I include -I tools/agbcc/include test/battle/ability/wimp_out.c
tools/scaninc/scaninc -M build/emerald-test/test/battle/ability/white_smoke.d -g build/assets -I include -I tools/agbcc/include test/battle/ability/white_smoke.c
tools/scaninc/scaninc -M build/emerald-test/test/battle/ability/well_baked_body.d -g build/assets -I include -I tools/agbcc/include test/battle/ability/well_baked_body.c
tools/scaninc/scaninc -M build/emerald-test/test/battle/ability/weak_armor.d -g build/assets -I include -I tools/agbcc/include test/battle/ability/weak_armor.c
tools/scaninc/scaninc -M build/emerald-test/test/battle/ability/water_veil.d -g build/assets -I include -I tools/agbcc/include test/battle/ability/water_veil.c
tools/scaninc/scaninc -M build/emerald-test/test/battle/ability/water_compaction.d -g build/assets -I include -I tools/agbcc/include test/battle/ability/water_compaction.c
tools/scaninc/scaninc -M build/emerald-test/test/battle/ability/water_bubble.d -g build/assets -I include -I tools/agbcc/include test/battle/ability/water_bubble.c
tools/scaninc/scaninc -M build/emerald-test/test/battle/ability/water_absorb.d -g build/assets -I include -I tools/agbcc/include test/battle/ability/water_absorb.c
tools/scaninc/scaninc -M build/emerald-test/test/battle/ability/wandering_spirit.d -g build/assets -I include -I tools/agbcc/include test/battle/ability/wandering_spirit.c
tools/scaninc/scaninc -M build/emerald-test/test/battle/ability/volt_absorb.d -g build/assets -I include -I tools/agbcc/include test/battle/ability/volt_absorb.c
tools/scaninc/scaninc -M build/emerald-test/test/battle/ability/vital_spirit.d -g build/assets -I include -I tools/agbcc/include test/battle/ability/vital_spirit.c
tools/scaninc/scaninc -M build/emerald-test/test/battle/ability/victory_star.d -g build/assets -I include -I tools/agbcc/include test/battle/ability/victory_star.c
tools/scaninc/scaninc -M build/emerald-test/test/battle/ability/vessel_of_ruin.d -g build/assets -I include -I tools/agbcc/include test/battle/ability/vessel_of_ruin.c
tools/scaninc/scaninc -M build/emerald-test/test/battle/ability/unseen_fist.d -g build/assets -I include -I tools/agbcc/include test/battle/ability/unseen_fist.c
tools/scaninc/scaninc -M build/emerald-test/test/battle/ability/unnerve.d -g build/assets -I include -I tools/agbcc/include test/battle/ability/unnerve.c
tools/scaninc/scaninc -M build/emerald-test/test/battle/ability/unburden.d -g build/assets -I include -I tools/agbcc/include test/battle/ability/unburden.c
tools/scaninc/scaninc -M build/emerald-test/test/battle/ability/unaware.d -g build/assets -I include -I tools/agbcc/include test/battle/ability/unaware.c
tools/scaninc/scaninc -M build/emerald-test/test/battle/ability/turboblaze.d -g build/assets -I include -I tools/agbcc/include test/battle/ability/turboblaze.c
tools/scaninc/scaninc -M build/emerald-test/test/battle/ability/truant.d -g build/assets -I include -I tools/agbcc/include test/battle/ability/truant.c
tools/scaninc/scaninc -M build/emerald-test/test/battle/ability/triage.d -g build/assets -I include -I tools/agbcc/include test/battle/ability/triage.c
tools/scaninc/scaninc -M build/emerald-test/test/battle/ability/transistor.d -g build/assets -I include -I tools/agbcc/include test/battle/ability/transistor.c
tools/scaninc/scaninc -M build/emerald-test/test/battle/ability/trace.d -g build/assets -I include -I tools/agbcc/include test/battle/ability/trace.c
tools/scaninc/scaninc -M build/emerald-test/test/battle/ability/toxic_debris.d -g build/assets -I include -I tools/agbcc/include test/battle/ability/toxic_debris.c
tools/scaninc/scaninc -M build/emerald-test/test/battle/ability/toxic_chain.d -g build/assets -I include -I tools/agbcc/include test/battle/ability/toxic_chain.c
tools/scaninc/scaninc -M build/emerald-test/test/battle/ability/toxic_boost.d -g build/assets -I include -I tools/agbcc/include test/battle/ability/toxic_boost.c
tools/scaninc/scaninc -M build/emerald-test/test/battle/ability/tough_claws.d -g build/assets -I include -I tools/agbcc/include test/battle/ability/tough_claws.c
tools/scaninc/scaninc -M build/emerald-test/test/battle/ability/torrent.d -g build/assets -I include -I tools/agbcc/include test/battle/ability/torrent.c
tools/scaninc/scaninc -M build/emerald-test/test/battle/ability/tinted_lens.d -g build/assets -I include -I tools/agbcc/include test/battle/ability/tinted_lens.c
tools/scaninc/scaninc -M build/emerald-test/test/battle/ability/thick_fat.d -g build/assets -I include -I tools/agbcc/include test/battle/ability/thick_fat.c
tools/scaninc/scaninc -M build/emerald-test/test/battle/ability/thermal_exchange.d -g build/assets -I include -I tools/agbcc/include test/battle/ability/thermal_exchange.c
tools/scaninc/scaninc -M build/emerald-test/test/battle/ability/teravolt.d -g build/assets -I include -I tools/agbcc/include test/battle/ability/teravolt.c
tools/scaninc/scaninc -M build/emerald-test/test/battle/ability/tera_shift.d -g build/assets -I include -I tools/agbcc/include test/battle/ability/tera_shift.c
tools/scaninc/scaninc -M build/emerald-test/test/battle/ability/tera_shell.d -g build/assets -I include -I tools/agbcc/include test/battle/ability/tera_shell.c
tools/scaninc/scaninc -M build/emerald-test/test/battle/ability/teraform_zero.d -g build/assets -I include -I tools/agbcc/include test/battle/ability/teraform_zero.c
tools/scaninc/scaninc -M build/emerald-test/test/battle/ability/telepathy.d -g build/assets -I include -I tools/agbcc/include test/battle/ability/telepathy.c
tools/scaninc/scaninc -M build/emerald-test/test/battle/ability/technician.d -g build/assets -I include -I tools/agbcc/include test/battle/ability/technician.c
tools/scaninc/scaninc -M build/emerald-test/test/battle/ability/tangling_hair.d -g build/assets -I include -I tools/agbcc/include test/battle/ability/tangling_hair.c
tools/scaninc/scaninc -M build/emerald-test/test/battle/ability/tangled_feet.d -g build/assets -I include -I tools/agbcc/include test/battle/ability/tangled_feet.c
tools/scaninc/scaninc -M build/emerald-test/test/battle/ability/tablets_of_ruin.d -g build/assets -I include -I tools/agbcc/include test/battle/ability/tablets_of_ruin.c
tools/scaninc/scaninc -M build/emerald-test/test/battle/ability/synchronize.d -g build/assets -I include -I tools/agbcc/include test/battle/ability/synchronize.c
tools/scaninc/scaninc -M build/emerald-test/test/battle/ability/symbiosis.d -g build/assets -I include -I tools/agbcc/include test/battle/ability/symbiosis.c
tools/scaninc/scaninc -M build/emerald-test/test/battle/ability/sword_of_ruin.d -g build/assets -I include -I tools/agbcc/include test/battle/ability/sword_of_ruin.c
tools/scaninc/scaninc -M build/emerald-test/test/battle/ability/swift_swim.d -g build/assets -I include -I tools/agbcc/include test/battle/ability/swift_swim.c
tools/scaninc/scaninc -M build/emerald-test/test/battle/ability/sweet_veil.d -g build/assets -I include -I tools/agbcc/include test/battle/ability/sweet_veil.c
tools/scaninc/scaninc -M build/emerald-test/test/battle/ability/swarm.d -g build/assets -I include -I tools/agbcc/include test/battle/ability/swarm.c
tools/scaninc/scaninc -M build/emerald-test/test/battle/ability/surge_surfer.d -g build/assets -I include -I tools/agbcc/include test/battle/ability/surge_surfer.c
tools/scaninc/scaninc -M build/emerald-test/test/battle/ability/supreme_overlord.d -g build/assets -I include -I tools/agbcc/include test/battle/ability/supreme_overlord.c
tools/scaninc/scaninc -M build/emerald-test/test/battle/ability/supersweet_syrup.d -g build/assets -I include -I tools/agbcc/include test/battle/ability/supersweet_syrup.c
tools/scaninc/scaninc -M build/emerald-test/test/battle/ability/super_luck.d -g build/assets -I include -I tools/agbcc/include test/battle/ability/super_luck.c
tools/scaninc/scaninc -M build/emerald-test/test/battle/ability/suction_cups.d -g build/assets -I include -I tools/agbcc/include test/battle/ability/suction_cups.c
tools/scaninc/scaninc -M build/emerald-test/test/battle/ability/sturdy.d -g build/assets -I include -I tools/agbcc/include test/battle/ability/sturdy.c
tools/scaninc/scaninc -M build/emerald-test/test/battle/ability/strong_jaw.d -g build/assets -I include -I tools/agbcc/include test/battle/ability/strong_jaw.c
tools/scaninc/scaninc -M build/emerald-test/test/battle/ability/storm_drain.d -g build/assets -I include -I tools/agbcc/include test/battle/ability/storm_drain.c
tools/scaninc/scaninc -M build/emerald-test/test/battle/ability/sticky_hold.d -g build/assets -I include -I tools/agbcc/include test/battle/ability/sticky_hold.c
tools/scaninc/scaninc -M build/emerald-test/test/battle/ability/stench.d -g build/assets -I include -I tools/agbcc/include test/battle/ability/stench.c
tools/scaninc/scaninc -M build/emerald-test/test/battle/ability/steely_spirit.d -g build/assets -I include -I tools/agbcc/include test/battle/ability/steely_spirit.c
tools/scaninc/scaninc -M build/emerald-test/test/battle/ability/steelworker.d -g build/assets -I include -I tools/agbcc/include test/battle/ability/steelworker.c
tools/scaninc/scaninc -M build/emerald-test/test/battle/ability/steam_engine.d -g build/assets -I include -I tools/agbcc/include test/battle/ability/steam_engine.c
tools/scaninc/scaninc -M build/emerald-test/test/battle/ability/steadfast.d -g build/assets -I include -I tools/agbcc/include test/battle/ability/steadfast.c
tools/scaninc/scaninc -M build/emerald-test/test/battle/ability/static.d -g build/assets -I include -I tools/agbcc/include test/battle/ability/static.c
tools/scaninc/scaninc -M build/emerald-test/test/battle/ability/stance_change.d -g build/assets -I include -I tools/agbcc/include test/battle/ability/stance_change.c
tools/scaninc/scaninc -M build/emerald-test/test/battle/ability/stamina.d -g build/assets -I include -I tools/agbcc/include test/battle/ability/stamina.c
tools/scaninc/scaninc -M build/emerald-test/test/battle/ability/stalwart.d -g build/assets -I include -I tools/agbcc/include test/battle/ability/stalwart.c
tools/scaninc/scaninc -M build/emerald-test/test/battle/ability/stall.d -g build/assets -I include -I tools/agbcc/include test/battle/ability/stall.c
tools/scaninc/scaninc -M build/emerald-test/test/battle/ability/stakeout.d -g build/assets -I include -I tools/agbcc/include test/battle/ability/stakeout.c
tools/scaninc/scaninc -M build/emerald-test/test/battle/ability/spicy_spray.d -g build/assets -I include -I tools/agbcc/include test/battle/ability/spicy_spray.c
tools/scaninc/scaninc -M build/emerald-test/test/battle/ability/speed_boost.d -g build/assets -I include -I tools/agbcc/include test/battle/ability/speed_boost.c
tools/scaninc/scaninc -M build/emerald-test/test/battle/ability/soundproof.d -g build/assets -I include -I tools/agbcc/include test/battle/ability/soundproof.c
tools/scaninc/scaninc -M build/emerald-test/test/battle/ability/soul_heart.d -g build/assets -I include -I tools/agbcc/include test/battle/ability/soul_heart.c
tools/scaninc/scaninc -M build/emerald-test/test/battle/ability/solid_rock.d -g build/assets -I include -I tools/agbcc/include test/battle/ability/solid_rock.c
tools/scaninc/scaninc -M build/emerald-test/test/battle/ability/solar_power.d -g build/assets -I include -I tools/agbcc/include test/battle/ability/solar_power.c
tools/scaninc/scaninc -M build/emerald-test/test/battle/ability/snow_warning.d -g build/assets -I include -I tools/agbcc/include test/battle/ability/snow_warning.c
tools/scaninc/scaninc -M build/emerald-test/test/battle/ability/snow_cloak.d -g build/assets -I include -I tools/agbcc/include test/battle/ability/snow_cloak.c
tools/scaninc/scaninc -M build/emerald-test/test/battle/ability/slush_rush.d -g build/assets -I include -I tools/agbcc/include test/battle/ability/slush_rush.c
tools/scaninc/scaninc -M build/emerald-test/test/battle/ability/slow_start.d -g build/assets -I include -I tools/agbcc/include test/battle/ability/slow_start.c
tools/scaninc/scaninc -M build/emerald-test/test/battle/ability/skill_link.d -g build/assets -I include -I tools/agbcc/include test/battle/ability/skill_link.c
tools/scaninc/scaninc -M build/emerald-test/test/battle/ability/simple.d -g build/assets -I include -I tools/agbcc/include test/battle/ability/simple.c
tools/scaninc/scaninc -M build/emerald-test/test/battle/ability/shields_down.d -g build/assets -I include -I tools/agbcc/include test/battle/ability/shields_down.c
tools/scaninc/scaninc -M build/emerald-test/test/battle/ability/shield_dust.d -g build/assets -I include -I tools/agbcc/include test/battle/ability/shield_dust.c
tools/scaninc/scaninc -M build/emerald-test/test/battle/ability/shell_armor.d -g build/assets -I include -I tools/agbcc/include test/battle/ability/shell_armor.c
tools/scaninc/scaninc -M build/emerald-test/test/battle/ability/sheer_force.d -g build/assets -I include -I tools/agbcc/include test/battle/ability/sheer_force.c
tools/scaninc/scaninc -M build/emerald-test/test/battle/ability/shed_skin.d -g build/assets -I include -I tools/agbcc/include test/battle/ability/shed_skin.c
tools/scaninc/scaninc -M build/emerald-test/test/battle/ability/sharpness.d -g build/assets -I include -I tools/agbcc/include test/battle/ability/sharpness.c
tools/scaninc/scaninc -M build/emerald-test/test/battle/ability/shadow_tag.d -g build/assets -I include -I tools/agbcc/include test/battle/ability/shadow_tag.c
tools/scaninc/scaninc -M build/emerald-test/test/battle/ability/shadow_shield.d -g build/assets -I include -I tools/agbcc/include test/battle/ability/shadow_shield.c
tools/scaninc/scaninc -M build/emerald-test/test/battle/ability/serene_grace.d -g build/assets -I include -I tools/agbcc/include test/battle/ability/serene_grace.c
tools/scaninc/scaninc -M build/emerald-test/test/battle/ability/seed_sower.d -g build/assets -I include -I tools/agbcc/include test/battle/ability/seed_sower.c
tools/scaninc/scaninc -M build/emerald-test/test/battle/ability/screen_cleaner.d -g build/assets -I include -I tools/agbcc/include test/battle/ability/screen_cleaner.c
tools/scaninc/scaninc -M build/emerald-test/test/battle/ability/scrappy.d -g build/assets -I include -I tools/agbcc/include test/battle/ability/scrappy.c
tools/scaninc/scaninc -M build/emerald-test/test/battle/ability/schooling.d -g build/assets -I include -I tools/agbcc/include test/battle/ability/schooling.c
tools/scaninc/scaninc -M build/emerald-test/test/battle/ability/sap_sipper.d -g build/assets -I include -I tools/agbcc/include test/battle/ability/sap_sipper.c
tools/scaninc/scaninc -M build/emerald-test/test/battle/ability/sand_veil.d -g build/assets -I include -I tools/agbcc/include test/battle/ability/sand_veil.c
tools/scaninc/scaninc -M build/emerald-test/test/battle/ability/sand_stream.d -g build/assets -I include -I tools/agbcc/include test/battle/ability/sand_stream.c
tools/scaninc/scaninc -M build/emerald-test/test/battle/ability/sand_spit.d -g build/assets -I include -I tools/agbcc/include test/battle/ability/sand_spit.c
tools/scaninc/scaninc -M build/emerald-test/test/battle/ability/sand_rush.d -g build/assets -I include -I tools/agbcc/include test/battle/ability/sand_rush.c
tools/scaninc/scaninc -M build/emerald-test/test/battle/ability/sand_force.d -g build/assets -I include -I tools/agbcc/include test/battle/ability/sand_force.c
tools/scaninc/scaninc -M build/emerald-test/test/battle/ability/run_away.d -g build/assets -I include -I tools/agbcc/include test/battle/ability/run_away.c
tools/scaninc/scaninc -M build/emerald-test/test/battle/ability/rocky_payload.d -g build/assets -I include -I tools/agbcc/include test/battle/ability/rocky_payload.c
tools/scaninc/scaninc -M build/emerald-test/test/battle/ability/rock_head.d -g build/assets -I include -I tools/agbcc/include test/battle/ability/rock_head.c
tools/scaninc/scaninc -M build/emerald-test/test/battle/ability/rks_system.d -g build/assets -I include -I tools/agbcc/include test/battle/ability/rks_system.c
tools/scaninc/scaninc -M build/emerald-test/test/battle/ability/rivalry.d -g build/assets -I include -I tools/agbcc/include test/battle/ability/rivalry.c
tools/scaninc/scaninc -M build/emerald-test/test/battle/ability/regenerator.d -g build/assets -I include -I tools/agbcc/include test/battle/ability/regenerator.c
tools/scaninc/scaninc -M build/emerald-test/test/battle/ability/refrigerate.d -g build/assets -I include -I tools/agbcc/include test/battle/ability/refrigerate.c
tools/scaninc/scaninc -M build/emerald-test/test/battle/ability/reckless.d -g build/assets -I include -I tools/agbcc/include test/battle/ability/reckless.c
tools/scaninc/scaninc -M build/emerald-test/test/battle/ability/receiver.d -g build/assets -I include -I tools/agbcc/include test/battle/ability/receiver.c
tools/scaninc/scaninc -M build/emerald-test/test/battle/ability/rattled.d -g build/assets -I include -I tools/agbcc/include test/battle/ability/rattled.c
tools/scaninc/scaninc -M build/emerald-test/test/battle/ability/rain_dish.d -g build/assets -I include -I tools/agbcc/include test/battle/ability/rain_dish.c
tools/scaninc/scaninc -M build/emerald-test/test/battle/ability/quick_feet.d -g build/assets -I include -I tools/agbcc/include test/battle/ability/quick_feet.c
tools/scaninc/scaninc -M build/emerald-test/test/battle/ability/quick_draw.d -g build/assets -I include -I tools/agbcc/include test/battle/ability/quick_draw.c
tools/scaninc/scaninc -M build/emerald-test/test/battle/ability/queenly_majesty.d -g build/assets -I include -I tools/agbcc/include test/battle/ability/queenly_majesty.c
tools/scaninc/scaninc -M build/emerald-test/test/battle/ability/quark_drive.d -g build/assets -I include -I tools/agbcc/include test/battle/ability/quark_drive.c
tools/scaninc/scaninc -M build/emerald-test/test/battle/ability/purifying_salt.d -g build/assets -I include -I tools/agbcc/include test/battle/ability/purifying_salt.c
tools/scaninc/scaninc -M build/emerald-test/test/battle/ability/pure_power.d -g build/assets -I include -I tools/agbcc/include test/battle/ability/pure_power.c
tools/scaninc/scaninc -M build/emerald-test/test/battle/ability/punk_rock.d -g build/assets -I include -I tools/agbcc/include test/battle/ability/punk_rock.c
tools/scaninc/scaninc -M build/emerald-test/test/battle/ability/psychic_surge.d -g build/assets -I include -I tools/agbcc/include test/battle/ability/psychic_surge.c
tools/scaninc/scaninc -M build/emerald-test/test/battle/ability/protosynthesis.d -g build/assets -I include -I tools/agbcc/include test/battle/ability/protosynthesis.c
tools/scaninc/scaninc -M build/emerald-test/test/battle/ability/protean.d -g build/assets -I include -I tools/agbcc/include test/battle/ability/protean.c
tools/scaninc/scaninc -M build/emerald-test/test/battle/ability/propeller_tail.d -g build/assets -I include -I tools/agbcc/include test/battle/ability/propeller_tail.c
tools/scaninc/scaninc -M build/emerald-test/test/battle/ability/prism_armor.d -g build/assets -I include -I tools/agbcc/include test/battle/ability/prism_armor.c
tools/scaninc/scaninc -M build/emerald-test/test/battle/ability/primordial_sea.d -g build/assets -I include -I tools/agbcc/include test/battle/ability/primordial_sea.c
tools/scaninc/scaninc -M build/emerald-test/test/battle/ability/pressure.d -g build/assets -I include -I tools/agbcc/include test/battle/ability/pressure.c
tools/scaninc/scaninc -M build/emerald-test/test/battle/ability/prankster.d -g build/assets -I include -I tools/agbcc/include test/battle/ability/prankster.c
tools/scaninc/scaninc -M build/emerald-test/test/battle/ability/power_spot.d -g build/assets -I include -I tools/agbcc/include test/battle/ability/power_spot.c
tools/scaninc/scaninc -M build/emerald-test/test/battle/ability/power_of_alchemy.d -g build/assets -I include -I tools/agbcc/include test/battle/ability/power_of_alchemy.c
tools/scaninc/scaninc -M build/emerald-test/test/battle/ability/power_construct.d -g build/assets -I include -I tools/agbcc/include test/battle/ability/power_construct.c
tools/scaninc/scaninc -M build/emerald-test/test/battle/ability/poison_touch.d -g build/assets -I include -I tools/agbcc/include test/battle/ability/poison_touch.c
tools/scaninc/scaninc -M build/emerald-test/test/battle/ability/poison_puppeteer.d -g build/assets -I include -I tools/agbcc/include test/battle/ability/poison_puppeteer.c
tools/scaninc/scaninc -M build/emerald-test/test/battle/ability/poison_point.d -g build/assets -I include -I tools/agbcc/include test/battle/ability/poison_point.c
tools/scaninc/scaninc -M build/emerald-test/test/battle/ability/poison_heal.d -g build/assets -I include -I tools/agbcc/include test/battle/ability/poison_heal.c
tools/scaninc/scaninc -M build/emerald-test/test/battle/ability/plus.d -g build/assets -I include -I tools/agbcc/include test/battle/ability/plus.c
tools/scaninc/scaninc -M build/emerald-test/test/battle/ability/pixilate.d -g build/assets -I include -I tools/agbcc/include test/battle/ability/pixilate.c
tools/scaninc/scaninc -M build/emerald-test/test/battle/ability/pickup.d -g build/assets -I include -I tools/agbcc/include test/battle/ability/pickup.c
tools/scaninc/scaninc -M build/emerald-test/test/battle/ability/pickpocket.d -g build/assets -I include -I tools/agbcc/include test/battle/ability/pickpocket.c
tools/scaninc/scaninc -M build/emerald-test/test/battle/ability/perish_body.d -g build/assets -I include -I tools/agbcc/include test/battle/ability/perish_body.c
tools/scaninc/scaninc -M build/emerald-test/test/battle/ability/pastel_veil.d -g build/assets -I include -I tools/agbcc/include test/battle/ability/pastel_veil.c
tools/scaninc/scaninc -M build/emerald-test/test/battle/ability/parental_bond.d -g build/assets -I include -I tools/agbcc/include test/battle/ability/parental_bond.c
tools/scaninc/scaninc -M build/emerald-test/test/battle/ability/own_tempo.d -g build/assets -I include -I tools/agbcc/include test/battle/ability/own_tempo.c
tools/scaninc/scaninc -M build/emerald-test/test/battle/ability/overgrow.d -g build/assets -I include -I tools/agbcc/include test/battle/ability/overgrow.c
tools/scaninc/scaninc -M build/emerald-test/test/battle/ability/overcoat.d -g build/assets -I include -I tools/agbcc/include test/battle/ability/overcoat.c
tools/scaninc/scaninc -M build/emerald-test/test/battle/ability/orichalcum_pulse.d -g build/assets -I include -I tools/agbcc/include test/battle/ability/orichalcum_pulse.c
tools/scaninc/scaninc -M build/emerald-test/test/battle/ability/opportunist.d -g build/assets -I include -I tools/agbcc/include test/battle/ability/opportunist.c
tools/scaninc/scaninc -M build/emerald-test/test/battle/ability/oblivious.d -g build/assets -I include -I tools/agbcc/include test/battle/ability/oblivious.c
tools/scaninc/scaninc -M build/emerald-test/test/battle/ability/normalize.d -g build/assets -I include -I tools/agbcc/include test/battle/ability/normalize.c
tools/scaninc/scaninc -M build/emerald-test/test/battle/ability/no_guard.d -g build/assets -I include -I tools/agbcc/include test/battle/ability/no_guard.c
tools/scaninc/scaninc -M build/emerald-test/test/battle/ability/neutralizing_gas.d -g build/assets -I include -I tools/agbcc/include test/battle/ability/neutralizing_gas.c
tools/scaninc/scaninc -M build/emerald-test/test/battle/ability/neuroforce.d -g build/assets -I include -I tools/agbcc/include test/battle/ability/neuroforce.c
tools/scaninc/scaninc -M build/emerald-test/test/battle/ability/natural_cure.d -g build/assets -I include -I tools/agbcc/include test/battle/ability/natural_cure.c
tools/scaninc/scaninc -M build/emerald-test/test/battle/ability/mycelium_might.d -g build/assets -I include -I tools/agbcc/include test/battle/ability/mycelium_might.c
tools/scaninc/scaninc -M build/emerald-test/test/battle/ability/mummy.d -g build/assets -I include -I tools/agbcc/include test/battle/ability/mummy.c
tools/scaninc/scaninc -M build/emerald-test/test/battle/ability/multitype.d -g build/assets -I include -I tools/agbcc/include test/battle/ability/multitype.c
tools/scaninc/scaninc -M build/emerald-test/test/battle/ability/multiscale.d -g build/assets -I include -I tools/agbcc/include test/battle/ability/multiscale.c
tools/scaninc/scaninc -M build/emerald-test/test/battle/ability/moxie.d -g build/assets -I include -I tools/agbcc/include test/battle/ability/moxie.c
tools/scaninc/scaninc -M build/emerald-test/test/battle/ability/motor_drive.d -g build/assets -I include -I tools/agbcc/include test/battle/ability/motor_drive.c
tools/scaninc/scaninc -M build/emerald-test/test/battle/ability/moody.d -g build/assets -I include -I tools/agbcc/include test/battle/ability/moody.c
tools/scaninc/scaninc -M build/emerald-test/test/battle/ability/mold_breaker.d -g build/assets -I include -I tools/agbcc/include test/battle/ability/mold_breaker.c
tools/scaninc/scaninc -M build/emerald-test/test/battle/ability/misty_surge.d -g build/assets -I include -I tools/agbcc/include test/battle/ability/misty_surge.c
tools/scaninc/scaninc -M build/emerald-test/test/battle/ability/mirror_armor.d -g build/assets -I include -I tools/agbcc/include test/battle/ability/mirror_armor.c
tools/scaninc/scaninc -M build/emerald-test/test/battle/ability/minus.d -g build/assets -I include -I tools/agbcc/include test/battle/ability/minus.c
tools/scaninc/scaninc -M build/emerald-test/test/battle/ability/minds_eye.d -g build/assets -I include -I tools/agbcc/include test/battle/ability/minds_eye.c
tools/scaninc/scaninc -M build/emerald-test/test/battle/ability/mimicry.d -g build/assets -I include -I tools/agbcc/include test/battle/ability/mimicry.c
tools/scaninc/scaninc -M build/emerald-test/test/battle/ability/merciless.d -g build/assets -I include -I tools/agbcc/include test/battle/ability/merciless.c
tools/scaninc/scaninc -M build/emerald-test/test/battle/ability/mega_sol.d -g build/assets -I include -I tools/agbcc/include test/battle/ability/mega_sol.c
tools/scaninc/scaninc -M build/emerald-test/test/battle/ability/mega_launcher.d -g build/assets -I include -I tools/agbcc/include test/battle/ability/mega_launcher.c
tools/scaninc/scaninc -M build/emerald-test/test/battle/ability/marvel_scale.d -g build/assets -I include -I tools/agbcc/include test/battle/ability/marvel_scale.c
tools/scaninc/scaninc -M build/emerald-test/test/battle/ability/magnet_pull.d -g build/assets -I include -I tools/agbcc/include test/battle/ability/magnet_pull.c
tools/scaninc/scaninc -M build/emerald-test/test/battle/ability/magma_armor.d -g build/assets -I include -I tools/agbcc/include test/battle/ability/magma_armor.c
tools/scaninc/scaninc -M build/emerald-test/test/battle/ability/magician.d -g build/assets -I include -I tools/agbcc/include test/battle/ability/magician.c
tools/scaninc/scaninc -M build/emerald-test/test/battle/ability/magic_guard.d -g build/assets -I include -I tools/agbcc/include test/battle/ability/magic_guard.c
tools/scaninc/scaninc -M build/emerald-test/test/battle/ability/magic_bounce.d -g build/assets -I include -I tools/agbcc/include test/battle/ability/magic_bounce.c
tools/scaninc/scaninc -M build/emerald-test/test/battle/ability/long_reach.d -g build/assets -I include -I tools/agbcc/include test/battle/ability/long_reach.c
tools/scaninc/scaninc -M build/emerald-test/test/battle/ability/liquid_voice.d -g build/assets -I include -I tools/agbcc/include test/battle/ability/liquid_voice.c
tools/scaninc/scaninc -M build/emerald-test/test/battle/ability/liquid_ooze.d -g build/assets -I include -I tools/agbcc/include test/battle/ability/liquid_ooze.c
tools/scaninc/scaninc -M build/emerald-test/test/battle/ability/lingering_aroma.d -g build/assets -I include -I tools/agbcc/include test/battle/ability/lingering_aroma.c
tools/scaninc/scaninc -M build/emerald-test/test/battle/ability/limber.d -g build/assets -I include -I tools/agbcc/include test/battle/ability/limber.c
tools/scaninc/scaninc -M build/emerald-test/test/battle/ability/lightning_rod.d -g build/assets -I include -I tools/agbcc/include test/battle/ability/lightning_rod.c
tools/scaninc/scaninc -M build/emerald-test/test/battle/ability/light_metal.d -g build/assets -I include -I tools/agbcc/include test/battle/ability/light_metal.c
tools/scaninc/scaninc -M build/emerald-test/test/battle/ability/libero.d -g build/assets -I include -I tools/agbcc/include test/battle/ability/libero.c
tools/scaninc/scaninc -M build/emerald-test/test/battle/ability/levitate.d -g build/assets -I include -I tools/agbcc/include test/battle/ability/levitate.c
tools/scaninc/scaninc -M build/emerald-test/test/battle/ability/leaf_guard.d -g build/assets -I include -I tools/agbcc/include test/battle/ability/leaf_guard.c
tools/scaninc/scaninc -M build/emerald-test/test/battle/ability/klutz.d -g build/assets -I include -I tools/agbcc/include test/battle/ability/klutz.c
tools/scaninc/scaninc -M build/emerald-test/test/battle/ability/keen_eye.d -g build/assets -I include -I tools/agbcc/include test/battle/ability/keen_eye.c
tools/scaninc/scaninc -M build/emerald-test/test/battle/ability/justified.d -g build/assets -I include -I tools/agbcc/include test/battle/ability/justified.c
tools/scaninc/scaninc -M build/emerald-test/test/battle/ability/iron_fist.d -g build/assets -I include -I tools/agbcc/include test/battle/ability/iron_fist.c
tools/scaninc/scaninc -M build/emerald-test/test/battle/ability/iron_barbs.d -g build/assets -I include -I tools/agbcc/include test/battle/ability/iron_barbs.c
tools/scaninc/scaninc -M build/emerald-test/test/battle/ability/intrepid_sword.d -g build/assets -I include -I tools/agbcc/include test/battle/ability/intrepid_sword.c
tools/scaninc/scaninc -M build/emerald-test/test/battle/ability/intimidate.d -g build/assets -I include -I tools/agbcc/include test/battle/ability/intimidate.c
tools/scaninc/scaninc -M build/emerald-test/test/battle/ability/insomnia.d -g build/assets -I include -I tools/agbcc/include test/battle/ability/insomnia.c
tools/scaninc/scaninc -M build/emerald-test/test/battle/ability/inner_focus.d -g build/assets -I include -I tools/agbcc/include test/battle/ability/inner_focus.c
tools/scaninc/scaninc -M build/emerald-test/test/battle/ability/innards_out.d -g build/assets -I include -I tools/agbcc/include test/battle/ability/innards_out.c
tools/scaninc/scaninc -M build/emerald-test/test/battle/ability/infiltrator.d -g build/assets -I include -I tools/agbcc/include test/battle/ability/infiltrator.c
tools/scaninc/scaninc -M build/emerald-test/test/battle/ability/imposter.d -g build/assets -I include -I tools/agbcc/include test/battle/ability/imposter.c
tools/scaninc/scaninc -M build/emerald-test/test/battle/ability/immunity.d -g build/assets -I include -I tools/agbcc/include test/battle/ability/immunity.c
tools/scaninc/scaninc -M build/emerald-test/test/battle/ability/illusion.d -g build/assets -I include -I tools/agbcc/include test/battle/ability/illusion.c
tools/scaninc/scaninc -M build/emerald-test/test/battle/ability/illuminate.d -g build/assets -I include -I tools/agbcc/include test/battle/ability/illuminate.c
tools/scaninc/scaninc -M build/emerald-test/test/battle/ability/ice_scales.d -g build/assets -I include -I tools/agbcc/include test/battle/ability/ice_scales.c
tools/scaninc/scaninc -M build/emerald-test/test/battle/ability/ice_face.d -g build/assets -I include -I tools/agbcc/include test/battle/ability/ice_face.c
tools/scaninc/scaninc -M build/emerald-test/test/battle/ability/ice_body.d -g build/assets -I include -I tools/agbcc/include test/battle/ability/ice_body.c
tools/scaninc/scaninc -M build/emerald-test/test/battle/ability/hyper_cutter.d -g build/assets -I include -I tools/agbcc/include test/battle/ability/hyper_cutter.c
tools/scaninc/scaninc -M build/emerald-test/test/battle/ability/hydration.d -g build/assets -I include -I tools/agbcc/include test/battle/ability/hydration.c
tools/scaninc/scaninc -M build/emerald-test/test/battle/ability/hustle.d -g build/assets -I include -I tools/agbcc/include test/battle/ability/hustle.c
tools/scaninc/scaninc -M build/emerald-test/test/battle/ability/hunger_switch.d -g build/assets -I include -I tools/agbcc/include test/battle/ability/hunger_switch.c
tools/scaninc/scaninc -M build/emerald-test/test/battle/ability/huge_power.d -g build/assets -I include -I tools/agbcc/include test/battle/ability/huge_power.c
tools/scaninc/scaninc -M build/emerald-test/test/battle/ability/hospitality.d -g build/assets -I include -I tools/agbcc/include test/battle/ability/hospitality.c
tools/scaninc/scaninc -M build/emerald-test/test/battle/ability/honey_gather.d -g build/assets -I include -I tools/agbcc/include test/battle/ability/honey_gather.c
tools/scaninc/scaninc -M build/emerald-test/test/battle/ability/heavy_metal.d -g build/assets -I include -I tools/agbcc/include test/battle/ability/heavy_metal.c
tools/scaninc/scaninc -M build/emerald-test/test/battle/ability/heatproof.d -g build/assets -I include -I tools/agbcc/include test/battle/ability/heatproof.c
tools/scaninc/scaninc -M build/emerald-test/test/battle/ability/healer.d -g build/assets -I include -I tools/agbcc/include test/battle/ability/healer.c
tools/scaninc/scaninc -M build/emerald-test/test/battle/ability/harvest.d -g build/assets -I include -I tools/agbcc/include test/battle/ability/harvest.c
tools/scaninc/scaninc -M build/emerald-test/test/battle/ability/hadron_engine.d -g build/assets -I include -I tools/agbcc/include test/battle/ability/hadron_engine.c
tools/scaninc/scaninc -M build/emerald-test/test/battle/ability/guts.d -g build/assets -I include -I tools/agbcc/include test/battle/ability/guts.c
tools/scaninc/scaninc -M build/emerald-test/test/battle/ability/gulp_missile.d -g build/assets -I include -I tools/agbcc/include test/battle/ability/gulp_missile.c
tools/scaninc/scaninc -M build/emerald-test/test/battle/ability/guard_dog.d -g build/assets -I include -I tools/agbcc/include test/battle/ability/guard_dog.c
tools/scaninc/scaninc -M build/emerald-test/test/battle/ability/grim_neigh.d -g build/assets -I include -I tools/agbcc/include test/battle/ability/grim_neigh.c
tools/scaninc/scaninc -M build/emerald-test/test/battle/ability/grassy_surge.d -g build/assets -I include -I tools/agbcc/include test/battle/ability/grassy_surge.c
tools/scaninc/scaninc -M build/emerald-test/test/battle/ability/grass_pelt.d -g build/assets -I include -I tools/agbcc/include test/battle/ability/grass_pelt.c
tools/scaninc/scaninc -M build/emerald-test/test/battle/ability/gorilla_tactics.d -g build/assets -I include -I tools/agbcc/include test/battle/ability/gorilla_tactics.c
tools/scaninc/scaninc -M build/emerald-test/test/battle/ability/gooey.d -g build/assets -I include -I tools/agbcc/include test/battle/ability/gooey.c
tools/scaninc/scaninc -M build/emerald-test/test/battle/ability/good_as_gold.d -g build/assets -I include -I tools/agbcc/include test/battle/ability/good_as_gold.c
tools/scaninc/scaninc -M build/emerald-test/test/battle/ability/gluttony.d -g build/assets -I include -I tools/agbcc/include test/battle/ability/gluttony.c
tools/scaninc/scaninc -M build/emerald-test/test/battle/ability/galvanize.d -g build/assets -I include -I tools/agbcc/include test/battle/ability/galvanize.c
tools/scaninc/scaninc -M build/emerald-test/test/battle/ability/gale_wings.d -g build/assets -I include -I tools/agbcc/include test/battle/ability/gale_wings.c
tools/scaninc/scaninc -M build/emerald-test/test/battle/ability/fur_coat.d -g build/assets -I include -I tools/agbcc/include test/battle/ability/fur_coat.c
tools/scaninc/scaninc -M build/emerald-test/test/battle/ability/full_metal_body.d -g build/assets -I include -I tools/agbcc/include test/battle/ability/full_metal_body.c
tools/scaninc/scaninc -M build/emerald-test/test/battle/ability/frisk.d -g build/assets -I include -I tools/agbcc/include test/battle/ability/frisk.c
tools/scaninc/scaninc -M build/emerald-test/test/battle/ability/friend_guard.d -g build/assets -I include -I tools/agbcc/include test/battle/ability/friend_guard.c
tools/scaninc/scaninc -M build/emerald-test/test/battle/ability/forewarn.d -g build/assets -I include -I tools/agbcc/include test/battle/ability/forewarn.c
tools/scaninc/scaninc -M build/emerald-test/test/battle/ability/forecast.d -g build/assets -I include -I tools/agbcc/include test/battle/ability/forecast.c
tools/scaninc/scaninc -M build/emerald-test/test/battle/ability/fluffy.d -g build/assets -I include -I tools/agbcc/include test/battle/ability/fluffy.c
tools/scaninc/scaninc -M build/emerald-test/test/battle/ability/flower_veil.d -g build/assets -I include -I tools/agbcc/include test/battle/ability/flower_veil.c
tools/scaninc/scaninc -M build/emerald-test/test/battle/ability/flower_gift.d -g build/assets -I include -I tools/agbcc/include test/battle/ability/flower_gift.c
tools/scaninc/scaninc -M build/emerald-test/test/battle/ability/flash_fire.d -g build/assets -I include -I tools/agbcc/include test/battle/ability/flash_fire.c
tools/scaninc/scaninc -M build/emerald-test/test/battle/ability/flare_boost.d -g build/assets -I include -I tools/agbcc/include test/battle/ability/flare_boost.c
tools/scaninc/scaninc -M build/emerald-test/test/battle/ability/flame_body.d -g build/assets -I include -I tools/agbcc/include test/battle/ability/flame_body.c
tools/scaninc/scaninc -M build/emerald-test/test/battle/ability/filter.d -g build/assets -I include -I tools/agbcc/include test/battle/ability/filter.c
tools/scaninc/scaninc -M build/emerald-test/test/battle/ability/fairy_aura.d -g build/assets -I include -I tools/agbcc/include test/battle/ability/fairy_aura.c
tools/scaninc/scaninc -M build/emerald-test/test/battle/ability/emergency_exit.d -g build/assets -I include -I tools/agbcc/include test/battle/ability/emergency_exit.c
tools/scaninc/scaninc -M build/emerald-test/test/battle/ability/embody_aspect.d -g build/assets -I include -I tools/agbcc/include test/battle/ability/embody_aspect.c
tools/scaninc/scaninc -M build/emerald-test/test/battle/ability/electromorphosis.d -g build/assets -I include -I tools/agbcc/include test/battle/ability/electromorphosis.c
tools/scaninc/scaninc -M build/emerald-test/test/battle/ability/electric_surge.d -g build/assets -I include -I tools/agbcc/include test/battle/ability/electric_surge.c
tools/scaninc/scaninc -M build/emerald-test/test/battle/ability/effect_spore.d -g build/assets -I include -I tools/agbcc/include test/battle/ability/effect_spore.c
tools/scaninc/scaninc -M build/emerald-test/test/battle/ability/earth_eater.d -g build/assets -I include -I tools/agbcc/include test/battle/ability/earth_eater.c
tools/scaninc/scaninc -M build/emerald-test/test/battle/ability/early_bird.d -g build/assets -I include -I tools/agbcc/include test/battle/ability/early_bird.c
tools/scaninc/scaninc -M build/emerald-test/test/battle/ability/dry_skin.d -g build/assets -I include -I tools/agbcc/include test/battle/ability/dry_skin.c
tools/scaninc/scaninc -M build/emerald-test/test/battle/ability/drought.d -g build/assets -I include -I tools/agbcc/include test/battle/ability/drought.c
tools/scaninc/scaninc -M build/emerald-test/test/battle/ability/drizzle.d -g build/assets -I include -I tools/agbcc/include test/battle/ability/drizzle.c
tools/scaninc/scaninc -M build/emerald-test/test/battle/ability/dragons_maw.d -g build/assets -I include -I tools/agbcc/include test/battle/ability/dragons_maw.c
tools/scaninc/scaninc -M build/emerald-test/test/battle/ability/dragonize.d -g build/assets -I include -I tools/agbcc/include test/battle/ability/dragonize.c
tools/scaninc/scaninc -M build/emerald-test/test/battle/ability/download.d -g build/assets -I include -I tools/agbcc/include test/battle/ability/download.c
tools/scaninc/scaninc -M build/emerald-test/test/battle/ability/disguise.d -g build/assets -I include -I tools/agbcc/include test/battle/ability/disguise.c
tools/scaninc/scaninc -M build/emerald-test/test/battle/ability/desolate_land.d -g build/assets -I include -I tools/agbcc/include test/battle/ability/desolate_land.c
tools/scaninc/scaninc -M build/emerald-test/test/battle/ability/delta_stream.d -g build/assets -I include -I tools/agbcc/include test/battle/ability/delta_stream.c
tools/scaninc/scaninc -M build/emerald-test/test/battle/ability/defiant.d -g build/assets -I include -I tools/agbcc/include test/battle/ability/defiant.c
tools/scaninc/scaninc -M build/emerald-test/test/battle/ability/defeatist.d -g build/assets -I include -I tools/agbcc/include test/battle/ability/defeatist.c
tools/scaninc/scaninc -M build/emerald-test/test/battle/ability/dazzling.d -g build/assets -I include -I tools/agbcc/include test/battle/ability/dazzling.c
tools/scaninc/scaninc -M build/emerald-test/test/battle/ability/dauntless_shield.d -g build/assets -I include -I tools/agbcc/include test/battle/ability/dauntless_shield.c
tools/scaninc/scaninc -M build/emerald-test/test/battle/ability/dark_aura.d -g build/assets -I include -I tools/agbcc/include test/battle/ability/dark_aura.c
tools/scaninc/scaninc -M build/emerald-test/test/battle/ability/dancer.d -g build/assets -I include -I tools/agbcc/include test/battle/ability/dancer.c
tools/scaninc/scaninc -M build/emerald-test/test/battle/ability/damp.d -g build/assets -I include -I tools/agbcc/include test/battle/ability/damp.c
tools/scaninc/scaninc -M build/emerald-test/test/battle/ability/cute_charm.d -g build/assets -I include -I tools/agbcc/include test/battle/ability/cute_charm.c
tools/scaninc/scaninc -M build/emerald-test/test/battle/ability/cursed_body.d -g build/assets -I include -I tools/agbcc/include test/battle/ability/cursed_body.c
tools/scaninc/scaninc -M build/emerald-test/test/battle/ability/curious_medicine.d -g build/assets -I include -I tools/agbcc/include test/battle/ability/curious_medicine.c
tools/scaninc/scaninc -M build/emerald-test/test/battle/ability/cud_chew.d -g build/assets -I include -I tools/agbcc/include test/battle/ability/cud_chew.c
tools/scaninc/scaninc -M build/emerald-test/test/battle/ability/cotton_down.d -g build/assets -I include -I tools/agbcc/include test/battle/ability/cotton_down.c
tools/scaninc/scaninc -M build/emerald-test/test/battle/ability/costar.d -g build/assets -I include -I tools/agbcc/include test/battle/ability/costar.c
tools/scaninc/scaninc -M build/emerald-test/test/battle/ability/corrosion.d -g build/assets -I include -I tools/agbcc/include test/battle/ability/corrosion.c
tools/scaninc/scaninc -M build/emerald-test/test/battle/ability/contrary.d -g build/assets -I include -I tools/agbcc/include test/battle/ability/contrary.c
tools/scaninc/scaninc -M build/emerald-test/test/battle/ability/compound_eyes.d -g build/assets -I include -I tools/agbcc/include test/battle/ability/compound_eyes.c
tools/scaninc/scaninc -M build/emerald-test/test/battle/ability/competitive.d -g build/assets -I include -I tools/agbcc/include test/battle/ability/competitive.c
tools/scaninc/scaninc -M build/emerald-test/test/battle/ability/commander.d -g build/assets -I include -I tools/agbcc/include test/battle/ability/commander.c
tools/scaninc/scaninc -M build/emerald-test/test/battle/ability/comatose.d -g build/assets -I include -I tools/agbcc/include test/battle/ability/comatose.c
tools/scaninc/scaninc -M build/emerald-test/test/battle/ability/color_change.d -g build/assets -I include -I tools/agbcc/include test/battle/ability/color_change.c
tools/scaninc/scaninc -M build/emerald-test/test/battle/ability/cloud_nine.d -g build/assets -I include -I tools/agbcc/include test/battle/ability/cloud_nine.c
tools/scaninc/scaninc -M build/emerald-test/test/battle/ability/clear_body.d -g build/assets -I include -I tools/agbcc/include test/battle/ability/clear_body.c
tools/scaninc/scaninc -M build/emerald-test/test/battle/ability/chlorophyll.d -g build/assets -I include -I tools/agbcc/include test/battle/ability/chlorophyll.c
tools/scaninc/scaninc -M build/emerald-test/test/battle/ability/chilling_neigh.d -g build/assets -I include -I tools/agbcc/include test/battle/ability/chilling_neigh.c
tools/scaninc/scaninc -M build/emerald-test/test/battle/ability/cheek_pouch.d -g build/assets -I include -I tools/agbcc/include test/battle/ability/cheek_pouch.c
tools/scaninc/scaninc -M build/emerald-test/test/battle/ability/bulletproof.d -g build/assets -I include -I tools/agbcc/include test/battle/ability/bulletproof.c
tools/scaninc/scaninc -M build/emerald-test/test/battle/ability/blaze.d -g build/assets -I include -I tools/agbcc/include test/battle/ability/blaze.c
tools/scaninc/scaninc -M build/emerald-test/test/battle/ability/big_pecks.d -g build/assets -I include -I tools/agbcc/include test/battle/ability/big_pecks.c
tools/scaninc/scaninc -M build/emerald-test/test/battle/ability/berserk.d -g build/assets -I include -I tools/agbcc/include test/battle/ability/berserk.c
tools/scaninc/scaninc -M build/emerald-test/test/battle/ability/beast_boost.d -g build/assets -I include -I tools/agbcc/include test/battle/ability/beast_boost.c
tools/scaninc/scaninc -M build/emerald-test/test/battle/ability/beads_of_ruin.d -g build/assets -I include -I tools/agbcc/include test/battle/ability/beads_of_ruin.c
tools/scaninc/scaninc -M build/emerald-test/test/battle/ability/battle_bond.d -g build/assets -I include -I tools/agbcc/include test/battle/ability/battle_bond.c
tools/scaninc/scaninc -M build/emerald-test/test/battle/ability/battle_armor.d -g build/assets -I include -I tools/agbcc/include test/battle/ability/battle_armor.c
tools/scaninc/scaninc -M build/emerald-test/test/battle/ability/battery.d -g build/assets -I include -I tools/agbcc/include test/battle/ability/battery.c
tools/scaninc/scaninc -M build/emerald-test/test/battle/ability/ball_fetch.d -g build/assets -I include -I tools/agbcc/include test/battle/ability/ball_fetch.c
tools/scaninc/scaninc -M build/emerald-test/test/battle/ability/bad_dreams.d -g build/assets -I include -I tools/agbcc/include test/battle/ability/bad_dreams.c
tools/scaninc/scaninc -M build/emerald-test/test/battle/ability/aura_break.d -g build/assets -I include -I tools/agbcc/include test/battle/ability/aura_break.c
tools/scaninc/scaninc -M build/emerald-test/test/battle/ability/as_one.d -g build/assets -I include -I tools/agbcc/include test/battle/ability/as_one.c
tools/scaninc/scaninc -M build/emerald-test/test/battle/ability/aroma_veil.d -g build/assets -I include -I tools/agbcc/include test/battle/ability/aroma_veil.c
tools/scaninc/scaninc -M build/emerald-test/test/battle/ability/armor_tail.d -g build/assets -I include -I tools/agbcc/include test/battle/ability/armor_tail.c
tools/scaninc/scaninc -M build/emerald-test/test/battle/ability/arena_trap.d -g build/assets -I include -I tools/agbcc/include test/battle/ability/arena_trap.c
tools/scaninc/scaninc -M build/emerald-test/test/battle/ability/anticipation.d -g build/assets -I include -I tools/agbcc/include test/battle/ability/anticipation.c
tools/scaninc/scaninc -M build/emerald-test/test/battle/ability/anger_shell.d -g build/assets -I include -I tools/agbcc/include test/battle/ability/anger_shell.c
tools/scaninc/scaninc -M build/emerald-test/test/battle/ability/anger_point.d -g build/assets -I include -I tools/agbcc/include test/battle/ability/anger_point.c
tools/scaninc/scaninc -M build/emerald-test/test/battle/ability/analytic.d -g build/assets -I include -I tools/agbcc/include test/battle/ability/analytic.c
tools/scaninc/scaninc -M build/emerald-test/test/battle/ability/air_lock.d -g build/assets -I include -I tools/agbcc/include test/battle/ability/air_lock.c
tools/scaninc/scaninc -M build/emerald-test/test/battle/ability/aftermath.d -g build/assets -I include -I tools/agbcc/include test/battle/ability/aftermath.c
tools/scaninc/scaninc -M build/emerald-test/test/battle/ability/aerilate.d -g build/assets -I include -I tools/agbcc/include test/battle/ability/aerilate.c
tools/scaninc/scaninc -M build/emerald-test/test/battle/ability/adaptability.d -g build/assets -I include -I tools/agbcc/include test/battle/ability/adaptability.c
tools/scaninc/scaninc -M build/emerald-test/test/compression/smol.d -g build/assets -I include -I tools/agbcc/include test/compression/smol.c
tools/scaninc/scaninc -M build/emerald-test/test/battle/trainer_slides.d -g build/assets -I include -I tools/agbcc/include test/battle/trainer_slides.c
tools/scaninc/scaninc -M build/emerald-test/test/battle/trainer_control.d -g build/assets -I include -I tools/agbcc/include test/battle/trainer_control.c
tools/scaninc/scaninc -M build/emerald-test/test/battle/test_runner_features.d -g build/assets -I include -I tools/agbcc/include test/battle/test_runner_features.c
tools/scaninc/scaninc -M build/emerald-test/test/battle/switch_in_abilities.d -g build/assets -I include -I tools/agbcc/include test/battle/switch_in_abilities.c
tools/scaninc/scaninc -M build/emerald-test/test/battle/stat_change_leaks.d -g build/assets -I include -I tools/agbcc/include test/battle/stat_change_leaks.c
tools/scaninc/scaninc -M build/emerald-test/test/battle/spread_moves.d -g build/assets -I include -I tools/agbcc/include test/battle/spread_moves.c
tools/scaninc/scaninc -M build/emerald-test/test/battle/sleep_clause.d -g build/assets -I include -I tools/agbcc/include test/battle/sleep_clause.c
tools/scaninc/scaninc -M build/emerald-test/test/battle/multi_battle_whiteout.d -g build/assets -I include -I tools/agbcc/include test/battle/multi_battle_whiteout.c
tools/scaninc/scaninc -M build/emerald-test/test/battle/move.d -g build/assets -I include -I tools/agbcc/include test/battle/move.c
tools/scaninc/scaninc -M build/emerald-test/test/battle/inverse_battle.d -g build/assets -I include -I tools/agbcc/include test/battle/inverse_battle.c
tools/scaninc/scaninc -M build/emerald-test/test/battle/hazards.d -g build/assets -I include -I tools/agbcc/include test/battle/hazards.c
tools/scaninc/scaninc -M build/emerald-test/test/battle/ghost.d -g build/assets -I include -I tools/agbcc/include test/battle/ghost.c
tools/scaninc/scaninc -M build/emerald-test/test/battle/front_anim.d -g build/assets -I include -I tools/agbcc/include test/battle/front_anim.c
tools/scaninc/scaninc -M build/emerald-test/test/battle/exp.d -g build/assets -I include -I tools/agbcc/include test/battle/exp.c
tools/scaninc/scaninc -M build/emerald-test/test/battle/evolution_tracker.d -g build/assets -I include -I tools/agbcc/include test/battle/evolution_tracker.c
tools/scaninc/scaninc -M build/emerald-test/test/battle/end_turn_effects.d -g build/assets -I include -I tools/agbcc/include test/battle/end_turn_effects.c
tools/scaninc/scaninc -M build/emerald-test/test/battle/defrost.d -g build/assets -I include -I tools/agbcc/include test/battle/defrost.c
tools/scaninc/scaninc -M build/emerald-test/test/battle/damage_formula.d -g build/assets -I include -I tools/agbcc/include test/battle/damage_formula.c
tools/scaninc/scaninc -M build/emerald-test/test/battle/crit_chance.d -g build/assets -I include -I tools/agbcc/include test/battle/crit_chance.c
tools/scaninc/scaninc -M build/emerald-test/test/battle/capture.d -g build/assets -I include -I tools/agbcc/include test/battle/capture.c
tools/scaninc/scaninc -M build/emerald-test/test/battle/battle_message.d -g build/assets -I include -I tools/agbcc/include test/battle/battle_message.c
tools/scaninc/scaninc -M build/emerald-test/test/battle/badge_boost.d -g build/assets -I include -I tools/agbcc/include test/battle/badge_boost.c
tools/scaninc/scaninc -M build/emerald-test/test/text.d -g build/assets -I include -I tools/agbcc/include test/text.c
tools/scaninc/scaninc -M build/emerald-test/test/test_test_runner.d -g build/assets -I include -I tools/agbcc/include test/test_test_runner.c
tools/scaninc/scaninc -M build/emerald-test/test/test_runner.d -g build/assets -I include -I tools/agbcc/include test/test_runner.c
tools/scaninc/scaninc -M build/emerald-test/test/test_runner_battle.d -g build/assets -I include -I tools/agbcc/include test/test_runner_battle.c
tools/scaninc/scaninc -M build/emerald-test/test/test_runner_args.d -g build/assets -I include -I tools/agbcc/include test/test_runner_args.c
tools/scaninc/scaninc -M build/emerald-test/test/sprite.d -g build/assets -I include -I tools/agbcc/include test/sprite.c
tools/scaninc/scaninc -M build/emerald-test/test/species.d -g build/assets -I include -I tools/agbcc/include test/species.c
tools/scaninc/scaninc -M build/emerald-test/test/script.d -g build/assets -I include -I tools/agbcc/include test/script.c
tools/scaninc/scaninc -M build/emerald-test/test/save.d -g build/assets -I include -I tools/agbcc/include test/save.c
tools/scaninc/scaninc -M build/emerald-test/test/random_mon_generation.d -g build/assets -I include -I tools/agbcc/include test/random_mon_generation.c
tools/scaninc/scaninc -M build/emerald-test/test/random.d -g build/assets -I include -I tools/agbcc/include test/random.c
tools/scaninc/scaninc -M build/emerald-test/test/pokerus.d -g build/assets -I include -I tools/agbcc/include test/pokerus.c
tools/scaninc/scaninc -M build/emerald-test/test/pokemon.d -g build/assets -I include -I tools/agbcc/include test/pokemon.c
tools/scaninc/scaninc -M build/emerald-test/test/party_menu.d -g build/assets -I include -I tools/agbcc/include test/party_menu.c
tools/scaninc/scaninc -M build/emerald-test/test/ow_abilities.d -g build/assets -I include -I tools/agbcc/include test/ow_abilities.c
tools/scaninc/scaninc -M build/emerald-test/test/fpmath.d -g build/assets -I include -I tools/agbcc/include test/fpmath.c
tools/scaninc/scaninc -M build/emerald-test/test/evolution_tier_gating.d -g build/assets -I include -I tools/agbcc/include test/evolution_tier_gating.c
tools/scaninc/scaninc -M build/emerald-test/test/event_object_movement.d -g build/assets -I include -I tools/agbcc/include test/event_object_movement.c
tools/scaninc/scaninc -M build/emerald-test/test/daycare.d -g build/assets -I include -I tools/agbcc/include test/daycare.c
tools/scaninc/scaninc -M build/emerald-test/test/bag.d -g build/assets -I include -I tools/agbcc/include test/bag.c
tools/scaninc/scaninc -M build/emerald-test/src/rom_native_obs/rom_native_obs.d -g build/assets -I include -I tools/agbcc/include src/rom_native_obs/rom_native_obs.c
tools/scaninc/scaninc -M build/emerald-test/src/wonder_news.d -g build/assets -I include -I tools/agbcc/include src/wonder_news.c
tools/scaninc/scaninc -M build/emerald-test/src/wireless_communication_status_screen.d -g build/assets -I include -I tools/agbcc/include src/wireless_communication_status_screen.c
tools/scaninc/scaninc -M build/emerald-test/src/window.d -g build/assets -I include -I tools/agbcc/include src/window.c
tools/scaninc/scaninc -M build/emerald-test/src/wild_encounter_ow.d -g build/assets -I include -I tools/agbcc/include src/wild_encounter_ow.c
tools/scaninc/scaninc -M build/emerald-test/src/wild_encounter.d -g build/assets -I include -I tools/agbcc/include src/wild_encounter.c
tools/scaninc/scaninc -M build/emerald-test/src/wallclock.d -g build/assets -I include -I tools/agbcc/include src/wallclock.c
tools/scaninc/scaninc -M build/emerald-test/src/walda_phrase.d -g build/assets -I include -I tools/agbcc/include src/walda_phrase.c
tools/scaninc/scaninc -M build/emerald-test/src/vs_seeker.d -g build/assets -I include -I tools/agbcc/include src/vs_seeker.c
tools/scaninc/scaninc -M build/emerald-test/src/util.d -g build/assets -I include -I tools/agbcc/include src/util.c
tools/scaninc/scaninc -M build/emerald-test/src/use_pokeblock.d -g build/assets -I include -I tools/agbcc/include src/use_pokeblock.c
tools/scaninc/scaninc -M build/emerald-test/src/union_room_player_avatar.d -g build/assets -I include -I tools/agbcc/include src/union_room_player_avatar.c
tools/scaninc/scaninc -M build/emerald-test/src/union_room_chat.d -g build/assets -I include -I tools/agbcc/include src/union_room_chat.c
tools/scaninc/scaninc -M build/emerald-test/src/union_room.d -g build/assets -I include -I tools/agbcc/include src/union_room.c
tools/scaninc/scaninc -M build/emerald-test/src/union_room_battle.d -g build/assets -I include -I tools/agbcc/include src/union_room_battle.c
tools/scaninc/scaninc -M build/emerald-test/src/type_icons.d -g build/assets -I include -I tools/agbcc/include src/type_icons.c
tools/scaninc/scaninc -M build/emerald-test/src/tv.d -g build/assets -I include -I tools/agbcc/include src/tv.c
tools/scaninc/scaninc -M build/emerald-test/src/trig.d -g build/assets -I include -I tools/agbcc/include src/trig.c
tools/scaninc/scaninc -M build/emerald-test/src/trainer_tower_sets.d -g build/assets -I include -I tools/agbcc/include src/trainer_tower_sets.c
tools/scaninc/scaninc -M build/emerald-test/src/trainer_tower.d -g build/assets -I include -I tools/agbcc/include src/trainer_tower.c
tools/scaninc/scaninc -M build/emerald-test/src/trainer_slide.d -g build/assets -I include -I tools/agbcc/include src/trainer_slide.c
tools/scaninc/scaninc -M build/emerald-test/src/trainer_see.d -g build/assets -I include -I tools/agbcc/include src/trainer_see.c
tools/scaninc/scaninc -M build/emerald-test/src/trainer_pools.d -g build/assets -I include -I tools/agbcc/include src/trainer_pools.c
tools/scaninc/scaninc -M build/emerald-test/src/trainer_pokemon_sprites.d -g build/assets -I include -I tools/agbcc/include src/trainer_pokemon_sprites.c
tools/scaninc/scaninc -M build/emerald-test/src/trainer_hill.d -g build/assets -I include -I tools/agbcc/include src/trainer_hill.c
tools/scaninc/scaninc -M build/emerald-test/src/trainer_fan_club.d -g build/assets -I include -I tools/agbcc/include src/trainer_fan_club.c
tools/scaninc/scaninc -M build/emerald-test/src/trainer_card.d -g build/assets -I include -I tools/agbcc/include src/trainer_card.c
tools/scaninc/scaninc -M build/emerald-test/src/trainer.d -g build/assets -I include -I tools/agbcc/include src/trainer.c
tools/scaninc/scaninc -M build/emerald-test/src/trader.d -g build/assets -I include -I tools/agbcc/include src/trader.c
tools/scaninc/scaninc -M build/emerald-test/src/trade.d -g build/assets -I include -I tools/agbcc/include src/trade.c
tools/scaninc/scaninc -M build/emerald-test/src/title_screen_frlg.d -g build/assets -I include -I tools/agbcc/include src/title_screen_frlg.c
tools/scaninc/scaninc -M build/emerald-test/src/title_screen.d -g build/assets -I include -I tools/agbcc/include src/title_screen.c
tools/scaninc/scaninc -M build/emerald-test/src/time_events.d -g build/assets -I include -I tools/agbcc/include src/time_events.c
tools/scaninc/scaninc -M build/emerald-test/src/tilesets.d -g build/assets -I include -I tools/agbcc/include src/tilesets.c
tools/scaninc/scaninc -M build/emerald-test/src/tileset_anims.d -g build/assets -I include -I tools/agbcc/include src/tileset_anims.c
tools/scaninc/scaninc -M build/emerald-test/src/text_window.d -g build/assets -I include -I tools/agbcc/include src/text_window.c
tools/scaninc/scaninc -M build/emerald-test/src/text_input_strings.d -g build/assets -I include -I tools/agbcc/include src/text_input_strings.c
tools/scaninc/scaninc -M build/emerald-test/src/text.d -g build/assets -I include -I tools/agbcc/include src/text.c
tools/scaninc/scaninc -M build/emerald-test/src/test_runner_stub.d -g build/assets -I include -I tools/agbcc/include src/test_runner_stub.c
tools/scaninc/scaninc -M build/emerald-test/src/task.d -g build/assets -I include -I tools/agbcc/include src/task.c
tools/scaninc/scaninc -M build/emerald-test/src/string_util.d -g build/assets -I include -I tools/agbcc/include src/string_util.c
tools/scaninc/scaninc -M build/emerald-test/src/strings.d -g build/assets -I include -I tools/agbcc/include src/strings.c
tools/scaninc/scaninc -M build/emerald-test/src/start_menu.d -g build/assets -I include -I tools/agbcc/include src/start_menu.c
tools/scaninc/scaninc -M build/emerald-test/src/starter_choose.d -g build/assets -I include -I tools/agbcc/include src/starter_choose.c
tools/scaninc/scaninc -M build/emerald-test/src/ss_anne.d -g build/assets -I include -I tools/agbcc/include src/ss_anne.c
tools/scaninc/scaninc -M build/emerald-test/src/sprite.d -g build/assets -I include -I tools/agbcc/include src/sprite.c
tools/scaninc/scaninc -M build/emerald-test/src/sprays.d -g build/assets -I include -I tools/agbcc/include src/sprays.c
tools/scaninc/scaninc -M build/emerald-test/src/sound.d -g build/assets -I include -I tools/agbcc/include src/sound.c
tools/scaninc/scaninc -M build/emerald-test/src/slot_machine.d -g build/assets -I include -I tools/agbcc/include src/slot_machine.c
tools/scaninc/scaninc -M build/emerald-test/src/shop_criteria.d -g build/assets -I include -I tools/agbcc/include src/shop_criteria.c
tools/scaninc/scaninc -M build/emerald-test/src/shop.d -g build/assets -I include -I tools/agbcc/include src/shop.c
tools/scaninc/scaninc -M build/emerald-test/src/secret_base.d -g build/assets -I include -I tools/agbcc/include src/secret_base.c
tools/scaninc/scaninc -M build/emerald-test/src/seagallop.d -g build/assets -I include -I tools/agbcc/include src/seagallop.c
tools/scaninc/scaninc -M build/emerald-test/src/script_pokemon_util.d -g build/assets -I include -I tools/agbcc/include src/script_pokemon_util.c
tools/scaninc/scaninc -M build/emerald-test/src/script_movement.d -g build/assets -I include -I tools/agbcc/include src/script_movement.c
tools/scaninc/scaninc -M build/emerald-test/src/script_menu.d -g build/assets -I include -I tools/agbcc/include src/script_menu.c
tools/scaninc/scaninc -M build/emerald-test/src/script.d -g build/assets -I include -I tools/agbcc/include src/script.c
tools/scaninc/scaninc -M build/emerald-test/src/scrcmd.d -g build/assets -I include -I tools/agbcc/include src/scrcmd.c
tools/scaninc/scaninc -M build/emerald-test/src/scanline_effect.d -g build/assets -I include -I tools/agbcc/include src/scanline_effect.c
tools/scaninc/scaninc -M build/emerald-test/src/save_location.d -g build/assets -I include -I tools/agbcc/include src/save_location.c
tools/scaninc/scaninc -M build/emerald-test/src/save_failed_screen.d -g build/assets -I include -I tools/agbcc/include src/save_failed_screen.c
tools/scaninc/scaninc -M build/emerald-test/src/save.d -g build/assets -I include -I tools/agbcc/include src/save.c
tools/scaninc/scaninc -M build/emerald-test/src/safari_zone.d -g build/assets -I include -I tools/agbcc/include src/safari_zone.c
tools/scaninc/scaninc -M build/emerald-test/src/rtc.d -g build/assets -I include -I tools/agbcc/include src/rtc.c
tools/scaninc/scaninc -M build/emerald-test/src/roulette.d -g build/assets -I include -I tools/agbcc/include src/roulette.c
tools/scaninc/scaninc -M build/emerald-test/src/rotating_tile_puzzle.d -g build/assets -I include -I tools/agbcc/include src/rotating_tile_puzzle.c
tools/scaninc/scaninc -M build/emerald-test/src/rotating_gate.d -g build/assets -I include -I tools/agbcc/include src/rotating_gate.c
tools/scaninc/scaninc -M build/emerald-test/src/rom_header_rhh.d -g build/assets -I include -I tools/agbcc/include src/rom_header_rhh.c
tools/scaninc/scaninc -M build/emerald-test/src/rom_header_gf.d -g build/assets -I include -I tools/agbcc/include src/rom_header_gf.c
tools/scaninc/scaninc -M build/emerald-test/src/roamer.d -g build/assets -I include -I tools/agbcc/include src/roamer.c
tools/scaninc/scaninc -M build/emerald-test/src/reshow_battle_screen.d -g build/assets -I include -I tools/agbcc/include src/reshow_battle_screen.c
tools/scaninc/scaninc -M build/emerald-test/src/reset_rtc_screen.d -g build/assets -I include -I tools/agbcc/include src/reset_rtc_screen.c
tools/scaninc/scaninc -M build/emerald-test/src/reload_save.d -g build/assets -I include -I tools/agbcc/include src/reload_save.c
tools/scaninc/scaninc -M build/emerald-test/src/regions.d -g build/assets -I include -I tools/agbcc/include src/regions.c
tools/scaninc/scaninc -M build/emerald-test/src/region_map.d -g build/assets -I include -I tools/agbcc/include src/region_map.c
tools/scaninc/scaninc -M build/emerald-test/src/record_mixing.d -g build/assets -I include -I tools/agbcc/include src/record_mixing.c
tools/scaninc/scaninc -M build/emerald-test/src/recorded_battle.d -g build/assets -I include -I tools/agbcc/include src/recorded_battle.c
tools/scaninc/scaninc -M build/emerald-test/src/rayquaza_scene.d -g build/assets -I include -I tools/agbcc/include src/rayquaza_scene.c
tools/scaninc/scaninc -M build/emerald-test/src/random_mon_generation.d -g build/assets -I include -I tools/agbcc/include src/random_mon_generation.c
tools/scaninc/scaninc -M build/emerald-test/src/random.d -g build/assets -I include -I tools/agbcc/include src/random.c
tools/scaninc/scaninc -M build/emerald-test/src/quickstart.d -g build/assets -I include -I tools/agbcc/include src/quickstart.c
tools/scaninc/scaninc -M build/emerald-test/src/post_battle_event_funcs.d -g build/assets -I include -I tools/agbcc/include src/post_battle_event_funcs.c
tools/scaninc/scaninc -M build/emerald-test/src/pokerus.d -g build/assets -I include -I tools/agbcc/include src/pokerus.c
tools/scaninc/scaninc -M build/emerald-test/src/pokenav_ribbons_summary.d -g build/assets -I include -I tools/agbcc/include src/pokenav_ribbons_summary.c
tools/scaninc/scaninc -M build/emerald-test/src/pokenav_ribbons_list.d -g build/assets -I include -I tools/agbcc/include src/pokenav_ribbons_list.c
tools/scaninc/scaninc -M build/emerald-test/src/pokenav_region_map.d -g build/assets -I include -I tools/agbcc/include src/pokenav_region_map.c
tools/scaninc/scaninc -M build/emerald-test/src/pokenav_menu_handler_gfx.d -g build/assets -I include -I tools/agbcc/include src/pokenav_menu_handler_gfx.c
tools/scaninc/scaninc -M build/emerald-test/src/pokenav_menu_handler.d -g build/assets -I include -I tools/agbcc/include src/pokenav_menu_handler.c
tools/scaninc/scaninc -M build/emerald-test/src/pokenav_match_call_list.d -g build/assets -I include -I tools/agbcc/include src/pokenav_match_call_list.c
tools/scaninc/scaninc -M build/emerald-test/src/pokenav_match_call_gfx.d -g build/assets -I include -I tools/agbcc/include src/pokenav_match_call_gfx.c
tools/scaninc/scaninc -M build/emerald-test/src/pokenav_match_call_data.d -g build/assets -I include -I tools/agbcc/include src/pokenav_match_call_data.c
tools/scaninc/scaninc -M build/emerald-test/src/pokenav_main_menu.d -g build/assets -I include -I tools/agbcc/include src/pokenav_main_menu.c
tools/scaninc/scaninc -M build/emerald-test/src/pokenav_list.d -g build/assets -I include -I tools/agbcc/include src/pokenav_list.c
tools/scaninc/scaninc -M build/emerald-test/src/pokenav_conditions_search_results.d -g build/assets -I include -I tools/agbcc/include src/pokenav_conditions_search_results.c
tools/scaninc/scaninc -M build/emerald-test/src/pokenav_conditions_gfx.d -g build/assets -I include -I tools/agbcc/include src/pokenav_conditions_gfx.c
tools/scaninc/scaninc -M build/emerald-test/src/pokenav_conditions.d -g build/assets -I include -I tools/agbcc/include src/pokenav_conditions.c
tools/scaninc/scaninc -M build/emerald-test/src/pokenav.d -g build/assets -I include -I tools/agbcc/include src/pokenav.c
tools/scaninc/scaninc -M build/emerald-test/src/pokemon_summary_screen.d -g build/assets -I include -I tools/agbcc/include src/pokemon_summary_screen.c
tools/scaninc/scaninc -M build/emerald-test/src/pokemon_storage_system.d -g build/assets -I include -I tools/agbcc/include src/pokemon_storage_system.c
tools/scaninc/scaninc -M build/emerald-test/src/pokemon_sprite_visualizer.d -g build/assets -I include -I tools/agbcc/include src/pokemon_sprite_visualizer.c
tools/scaninc/scaninc -M build/emerald-test/src/pokemon_spots.d -g build/assets -I include -I tools/agbcc/include src/pokemon_spots.c
tools/scaninc/scaninc -M build/emerald-test/src/pokemon_size_record.d -g build/assets -I include -I tools/agbcc/include src/pokemon_size_record.c
tools/scaninc/scaninc -M build/emerald-test/src/pokemon_jump.d -g build/assets -I include -I tools/agbcc/include src/pokemon_jump.c
tools/scaninc/scaninc -M build/emerald-test/src/pokemon_icon.d -g build/assets -I include -I tools/agbcc/include src/pokemon_icon.c
tools/scaninc/scaninc -M build/emerald-test/src/pokemon.d -g build/assets -I include -I tools/agbcc/include src/pokemon.c
tools/scaninc/scaninc -M build/emerald-test/src/pokemon_animation.d -g build/assets -I include -I tools/agbcc/include src/pokemon_animation.c
tools/scaninc/scaninc -M build/emerald-test/src/pokedex_plus_hgss.d -g build/assets -I include -I tools/agbcc/include src/pokedex_plus_hgss.c
tools/scaninc/scaninc -M build/emerald-test/src/pokedex_cry_screen.d -g build/assets -I include -I tools/agbcc/include src/pokedex_cry_screen.c
tools/scaninc/scaninc -M build/emerald-test/src/pokedex.d -g build/assets -I include -I tools/agbcc/include src/pokedex.c
tools/scaninc/scaninc -M build/emerald-test/src/pokedex_area_screen.d -g build/assets -I include -I tools/agbcc/include src/pokedex_area_screen.c
tools/scaninc/scaninc -M build/emerald-test/src/pokedex_area_region_map.d -g build/assets -I include -I tools/agbcc/include src/pokedex_area_region_map.c
tools/scaninc/scaninc -M build/emerald-test/src/pokeblock_feed.d -g build/assets -I include -I tools/agbcc/include src/pokeblock_feed.c
tools/scaninc/scaninc -M build/emerald-test/src/pokeblock.d -g build/assets -I include -I tools/agbcc/include src/pokeblock.c
tools/scaninc/scaninc -M build/emerald-test/src/pokeball.d -g build/assets -I include -I tools/agbcc/include src/pokeball.c
tools/scaninc/scaninc -M build/emerald-test/src/play_time.d -g build/assets -I include -I tools/agbcc/include src/play_time.c
tools/scaninc/scaninc -M build/emerald-test/src/player_pc.d -g build/assets -I include -I tools/agbcc/include src/player_pc.c
tools/scaninc/scaninc -M build/emerald-test/src/party_menu.d -g build/assets -I include -I tools/agbcc/include src/party_menu.c
tools/scaninc/scaninc -M build/emerald-test/src/palette_util.d -g build/assets -I include -I tools/agbcc/include src/palette_util.c
tools/scaninc/scaninc -M build/emerald-test/src/palette.d -g build/assets -I include -I tools/agbcc/include src/palette.c
tools/scaninc/scaninc -M build/emerald-test/src/ow_abilities.d -g build/assets -I include -I tools/agbcc/include src/ow_abilities.c
tools/scaninc/scaninc -M build/emerald-test/src/overworld.d -g build/assets -I include -I tools/agbcc/include src/overworld.c
tools/scaninc/scaninc -M build/emerald-test/src/oras_dowse.d -g build/assets -I include -I tools/agbcc/include src/oras_dowse.c
tools/scaninc/scaninc -M build/emerald-test/src/option_menu.d -g build/assets -I include -I tools/agbcc/include src/option_menu.c
tools/scaninc/scaninc -M build/emerald-test/src/oak_speech.d -g build/assets -I include -I tools/agbcc/include src/oak_speech.c
tools/scaninc/scaninc -M build/emerald-test/src/new_game.d -g build/assets -I include -I tools/agbcc/include src/new_game.c
tools/scaninc/scaninc -M build/emerald-test/src/naming_screen.d -g build/assets -I include -I tools/agbcc/include src/naming_screen.c
tools/scaninc/scaninc -M build/emerald-test/src/mystery_gift_view.d -g build/assets -I include -I tools/agbcc/include src/mystery_gift_view.c
tools/scaninc/scaninc -M build/emerald-test/src/mystery_gift_server.d -g build/assets -I include -I tools/agbcc/include src/mystery_gift_server.c
tools/scaninc/scaninc -M build/emerald-test/src/mystery_gift_scripts.d -g build/assets -I include -I tools/agbcc/include src/mystery_gift_scripts.c
tools/scaninc/scaninc -M build/emerald-test/src/mystery_gift_menu.d -g build/assets -I include -I tools/agbcc/include src/mystery_gift_menu.c
tools/scaninc/scaninc -M build/emerald-test/src/mystery_gift_link.d -g build/assets -I include -I tools/agbcc/include src/mystery_gift_link.c
tools/scaninc/scaninc -M build/emerald-test/src/mystery_gift_client.d -g build/assets -I include -I tools/agbcc/include src/mystery_gift_client.c
tools/scaninc/scaninc -M build/emerald-test/src/mystery_gift.d -g build/assets -I include -I tools/agbcc/include src/mystery_gift.c
tools/scaninc/scaninc -M build/emerald-test/src/mystery_event_script.d -g build/assets -I include -I tools/agbcc/include src/mystery_event_script.c
tools/scaninc/scaninc -M build/emerald-test/src/mystery_event_msg.d -g build/assets -I include -I tools/agbcc/include src/mystery_event_msg.c
tools/scaninc/scaninc -M build/emerald-test/src/mystery_event_menu.d -g build/assets -I include -I tools/agbcc/include src/mystery_event_menu.c
tools/scaninc/scaninc -M build/emerald-test/src/multiboot.d -g build/assets -I include -I tools/agbcc/include src/multiboot.c
tools/scaninc/scaninc -M build/emerald-test/src/move_relearner.d -g build/assets -I include -I tools/agbcc/include src/move_relearner.c
tools/scaninc/scaninc -M build/emerald-test/src/move.d -g build/assets -I include -I tools/agbcc/include src/move.c
tools/scaninc/scaninc -M build/emerald-test/src/mon_markings.d -g build/assets -I include -I tools/agbcc/include src/mon_markings.c
tools/scaninc/scaninc -M build/emerald-test/src/money.d -g build/assets -I include -I tools/agbcc/include src/money.c
tools/scaninc/scaninc -M build/emerald-test/src/mirage_tower.d -g build/assets -I include -I tools/agbcc/include src/mirage_tower.c
tools/scaninc/scaninc -M build/emerald-test/src/minigame_countdown.d -g build/assets -I include -I tools/agbcc/include src/minigame_countdown.c
tools/scaninc/scaninc -M build/emerald-test/src/metatile_behavior.d -g build/assets -I include -I tools/agbcc/include src/metatile_behavior.c
tools/scaninc/scaninc -M build/emerald-test/src/menu_specialized.d -g build/assets -I include -I tools/agbcc/include src/menu_specialized.c
tools/scaninc/scaninc -M build/emerald-test/src/menu_helpers.d -g build/assets -I include -I tools/agbcc/include src/menu_helpers.c
tools/scaninc/scaninc -M build/emerald-test/src/menu.d -g build/assets -I include -I tools/agbcc/include src/menu.c
tools/scaninc/scaninc -M build/emerald-test/src/mauville_old_man.d -g build/assets -I include -I tools/agbcc/include src/mauville_old_man.c
tools/scaninc/scaninc -M build/emerald-test/src/math_util.d -g build/assets -I include -I tools/agbcc/include src/math_util.c
tools/scaninc/scaninc -M build/emerald-test/src/match_call.d -g build/assets -I include -I tools/agbcc/include src/match_call.c
tools/scaninc/scaninc -M build/emerald-test/src/map_preview_screen.d -g build/assets -I include -I tools/agbcc/include src/map_preview_screen.c
tools/scaninc/scaninc -M build/emerald-test/src/map_name_popup.d -g build/assets -I include -I tools/agbcc/include src/map_name_popup.c
tools/scaninc/scaninc -M build/emerald-test/src/malloc.d -g build/assets -I include -I tools/agbcc/include src/malloc.c
tools/scaninc/scaninc -M build/emerald-test/src/main_menu.d -g build/assets -I include -I tools/agbcc/include src/main_menu.c
tools/scaninc/scaninc -M build/emerald-test/src/main.d -g build/assets -I include -I tools/agbcc/include src/main.c
tools/scaninc/scaninc -M build/emerald-test/src/mail_data.d -g build/assets -I include -I tools/agbcc/include src/mail_data.c
tools/scaninc/scaninc -M build/emerald-test/src/mail.d -g build/assets -I include -I tools/agbcc/include src/mail.c
tools/scaninc/scaninc -M build/emerald-test/src/m4a.d -g build/assets -I include -I tools/agbcc/include src/m4a.c
tools/scaninc/scaninc -M build/emerald-test/src/lottery_corner.d -g build/assets -I include -I tools/agbcc/include src/lottery_corner.c
tools/scaninc/scaninc -M build/emerald-test/src/load_save.d -g build/assets -I include -I tools/agbcc/include src/load_save.c
tools/scaninc/scaninc -M build/emerald-test/src/list_menu.d -g build/assets -I include -I tools/agbcc/include src/list_menu.c
tools/scaninc/scaninc -M build/emerald-test/src/link_rfu_3.d -g build/assets -I include -I tools/agbcc/include src/link_rfu_3.c
tools/scaninc/scaninc -M build/emerald-test/src/link_rfu_2.d -g build/assets -I include -I tools/agbcc/include src/link_rfu_2.c
tools/scaninc/scaninc -M build/emerald-test/src/link.d -g build/assets -I include -I tools/agbcc/include src/link.c
tools/scaninc/scaninc -M build/emerald-test/src/line_break.d -g build/assets -I include -I tools/agbcc/include src/line_break.c
tools/scaninc/scaninc -M build/emerald-test/src/lilycove_lady.d -g build/assets -I include -I tools/agbcc/include src/lilycove_lady.c
tools/scaninc/scaninc -M build/emerald-test/src/librfu_stwi.d -g build/assets -I include -I tools/agbcc/include src/librfu_stwi.c
tools/scaninc/scaninc -M build/emerald-test/src/librfu_sio32id.d -g build/assets -I include -I tools/agbcc/include src/librfu_sio32id.c
tools/scaninc/scaninc -M build/emerald-test/src/librfu_rfu.d -g build/assets -I include -I tools/agbcc/include src/librfu_rfu.c
tools/scaninc/scaninc -M build/emerald-test/src/librfu_intr.d -g build/assets -I include -I tools/agbcc/include src/librfu_intr.c
tools/scaninc/scaninc -M build/emerald-test/src/landmark.d -g build/assets -I include -I tools/agbcc/include src/landmark.c
tools/scaninc/scaninc -M build/emerald-test/src/item_use.d -g build/assets -I include -I tools/agbcc/include src/item_use.c
tools/scaninc/scaninc -M build/emerald-test/src/item_menu_icons.d -g build/assets -I include -I tools/agbcc/include src/item_menu_icons.c
tools/scaninc/scaninc -M build/emerald-test/src/item_menu.d -g build/assets -I include -I tools/agbcc/include src/item_menu.c
tools/scaninc/scaninc -M build/emerald-test/src/item_icon.d -g build/assets -I include -I tools/agbcc/include src/item_icon.c
tools/scaninc/scaninc -M build/emerald-test/src/item.d -g build/assets -I include -I tools/agbcc/include src/item.c
tools/scaninc/scaninc -M build/emerald-test/src/item_ball.d -g build/assets -I include -I tools/agbcc/include src/item_ball.c
tools/scaninc/scaninc -M build/emerald-test/src/io_reg.d -g build/assets -I include -I tools/agbcc/include src/io_reg.c
tools/scaninc/scaninc -M build/emerald-test/src/intro_frlg.d -g build/assets -I include -I tools/agbcc/include src/intro_frlg.c
tools/scaninc/scaninc -M build/emerald-test/src/intro_credits_graphics.d -g build/assets -I include -I tools/agbcc/include src/intro_credits_graphics.c
tools/scaninc/scaninc -M build/emerald-test/src/intro.d -g build/assets -I include -I tools/agbcc/include src/intro.c
tools/scaninc/scaninc -M build/emerald-test/src/international_string_util.d -g build/assets -I include -I tools/agbcc/include src/international_string_util.c
tools/scaninc/scaninc -M build/emerald-test/src/image_processing_effects.d -g build/assets -I include -I tools/agbcc/include src/image_processing_effects.c
tools/scaninc/scaninc -M build/emerald-test/src/hof_pc.d -g build/assets -I include -I tools/agbcc/include src/hof_pc.c
tools/scaninc/scaninc -M build/emerald-test/src/heal_location.d -g build/assets -I include -I tools/agbcc/include src/heal_location.c
tools/scaninc/scaninc -M build/emerald-test/src/hall_of_fame_frlg.d -g build/assets -I include -I tools/agbcc/include src/hall_of_fame_frlg.c
tools/scaninc/scaninc -M build/emerald-test/src/hall_of_fame.d -g build/assets -I include -I tools/agbcc/include src/hall_of_fame.c
tools/scaninc/scaninc -M build/emerald-test/src/gym_leader_rematch.d -g build/assets -I include -I tools/agbcc/include src/gym_leader_rematch.c
tools/scaninc/scaninc -M build/emerald-test/src/graphics.d -g build/assets -I include -I tools/agbcc/include src/graphics.c
tools/scaninc/scaninc -M build/emerald-test/src/gpu_regs.d -g build/assets -I include -I tools/agbcc/include src/gpu_regs.c
tools/scaninc/scaninc -M build/emerald-test/src/give_gift_ribbon_to_party.d -g build/assets -I include -I tools/agbcc/include src/give_gift_ribbon_to_party.c
tools/scaninc/scaninc -M build/emerald-test/src/frontier_util.d -g build/assets -I include -I tools/agbcc/include src/frontier_util.c
tools/scaninc/scaninc -M build/emerald-test/src/frontier_pass.d -g build/assets -I include -I tools/agbcc/include src/frontier_pass.c
tools/scaninc/scaninc -M build/emerald-test/src/fonts.d -g build/assets -I include -I tools/agbcc/include src/fonts.c
tools/scaninc/scaninc -M build/emerald-test/src/follower_npc.d -g build/assets -I include -I tools/agbcc/include src/follower_npc.c
tools/scaninc/scaninc -M build/emerald-test/src/follower_helper.d -g build/assets -I include -I tools/agbcc/include src/follower_helper.c
tools/scaninc/scaninc -M build/emerald-test/src/fldeff_teleport.d -g build/assets -I include -I tools/agbcc/include src/fldeff_teleport.c
tools/scaninc/scaninc -M build/emerald-test/src/fldeff_sweetscent.d -g build/assets -I include -I tools/agbcc/include src/fldeff_sweetscent.c
tools/scaninc/scaninc -M build/emerald-test/src/fldeff_strength.d -g build/assets -I include -I tools/agbcc/include src/fldeff_strength.c
tools/scaninc/scaninc -M build/emerald-test/src/fldeff_softboiled.d -g build/assets -I include -I tools/agbcc/include src/fldeff_softboiled.c
tools/scaninc/scaninc -M build/emerald-test/src/fldeff_rocksmash.d -g build/assets -I include -I tools/agbcc/include src/fldeff_rocksmash.c
tools/scaninc/scaninc -M build/emerald-test/src/fldeff_misc.d -g build/assets -I include -I tools/agbcc/include src/fldeff_misc.c
tools/scaninc/scaninc -M build/emerald-test/src/fldeff_flash.d -g build/assets -I include -I tools/agbcc/include src/fldeff_flash.c
tools/scaninc/scaninc -M build/emerald-test/src/fldeff_escalator.d -g build/assets -I include -I tools/agbcc/include src/fldeff_escalator.c
tools/scaninc/scaninc -M build/emerald-test/src/fldeff_dig.d -g build/assets -I include -I tools/agbcc/include src/fldeff_dig.c
tools/scaninc/scaninc -M build/emerald-test/src/fldeff_defog.d -g build/assets -I include -I tools/agbcc/include src/fldeff_defog.c
tools/scaninc/scaninc -M build/emerald-test/src/fldeff_cut.d -g build/assets -I include -I tools/agbcc/include src/fldeff_cut.c
tools/scaninc/scaninc -M build/emerald-test/src/fishing.d -g build/assets -I include -I tools/agbcc/include src/fishing.c
tools/scaninc/scaninc -M build/emerald-test/src/field_weather_effect.d -g build/assets -I include -I tools/agbcc/include src/field_weather_effect.c
tools/scaninc/scaninc -M build/emerald-test/src/field_weather.d -g build/assets -I include -I tools/agbcc/include src/field_weather.c
tools/scaninc/scaninc -M build/emerald-test/src/field_tasks.d -g build/assets -I include -I tools/agbcc/include src/field_tasks.c
tools/scaninc/scaninc -M build/emerald-test/src/field_special_scene.d -g build/assets -I include -I tools/agbcc/include src/field_special_scene.c
tools/scaninc/scaninc -M build/emerald-test/src/field_specials.d -g build/assets -I include -I tools/agbcc/include src/field_specials.c
tools/scaninc/scaninc -M build/emerald-test/src/field_screen_effect.d -g build/assets -I include -I tools/agbcc/include src/field_screen_effect.c
tools/scaninc/scaninc -M build/emerald-test/src/field_region_map.d -g build/assets -I include -I tools/agbcc/include src/field_region_map.c
tools/scaninc/scaninc -M build/emerald-test/src/field_poison.d -g build/assets -I include -I tools/agbcc/include src/field_poison.c
tools/scaninc/scaninc -M build/emerald-test/src/field_player_avatar.d -g build/assets -I include -I tools/agbcc/include src/field_player_avatar.c
tools/scaninc/scaninc -M build/emerald-test/src/field_name_box.d -g build/assets -I include -I tools/agbcc/include src/field_name_box.c
tools/scaninc/scaninc -M build/emerald-test/src/field_move.d -g build/assets -I include -I tools/agbcc/include src/field_move.c
tools/scaninc/scaninc -M build/emerald-test/src/field_message_box.d -g build/assets -I include -I tools/agbcc/include src/field_message_box.c
tools/scaninc/scaninc -M build/emerald-test/src/fieldmap.d -g build/assets -I include -I tools/agbcc/include src/fieldmap.c
tools/scaninc/scaninc -M build/emerald-test/src/field_effect_helpers.d -g build/assets -I include -I tools/agbcc/include src/field_effect_helpers.c
tools/scaninc/scaninc -M build/emerald-test/src/field_effect.d -g build/assets -I include -I tools/agbcc/include src/field_effect.c
tools/scaninc/scaninc -M build/emerald-test/src/field_door.d -g build/assets -I include -I tools/agbcc/include src/field_door.c
tools/scaninc/scaninc -M build/emerald-test/src/field_control_avatar.d -g build/assets -I include -I tools/agbcc/include src/field_control_avatar.c
tools/scaninc/scaninc -M build/emerald-test/src/field_camera.d -g build/assets -I include -I tools/agbcc/include src/field_camera.c
tools/scaninc/scaninc -M build/emerald-test/src/faraway_island.d -g build/assets -I include -I tools/agbcc/include src/faraway_island.c
tools/scaninc/scaninc -M build/emerald-test/src/fame_checker.d -g build/assets -I include -I tools/agbcc/include src/fame_checker.c
tools/scaninc/scaninc -M build/emerald-test/src/fake_rtc.d -g build/assets -I include -I tools/agbcc/include src/fake_rtc.c
tools/scaninc/scaninc -M build/emerald-test/src/expansion_intro.d -g build/assets -I include -I tools/agbcc/include src/expansion_intro.c
tools/scaninc/scaninc -M build/emerald-test/src/evolution_scene.d -g build/assets -I include -I tools/agbcc/include src/evolution_scene.c
tools/scaninc/scaninc -M build/emerald-test/src/evolution_graphics.d -g build/assets -I include -I tools/agbcc/include src/evolution_graphics.c
tools/scaninc/scaninc -M build/emerald-test/src/event_object_movement.d -g build/assets -I include -I tools/agbcc/include src/event_object_movement.c
tools/scaninc/scaninc -M build/emerald-test/src/event_object_lock.d -g build/assets -I include -I tools/agbcc/include src/event_object_lock.c
tools/scaninc/scaninc -M build/emerald-test/src/event_data.d -g build/assets -I include -I tools/agbcc/include src/event_data.c
tools/scaninc/scaninc -M build/emerald-test/src/ereader_screen.d -g build/assets -I include -I tools/agbcc/include src/ereader_screen.c
tools/scaninc/scaninc -M build/emerald-test/src/ereader_helpers.d -g build/assets -I include -I tools/agbcc/include src/ereader_helpers.c
tools/scaninc/scaninc -M build/emerald-test/src/egg_hatch.d -g build/assets -I include -I tools/agbcc/include src/egg_hatch.c
tools/scaninc/scaninc -M build/emerald-test/src/easy_chat.d -g build/assets -I include -I tools/agbcc/include src/easy_chat.c
tools/scaninc/scaninc -M build/emerald-test/src/dynamic_placeholder_text_util.d -g build/assets -I include -I tools/agbcc/include src/dynamic_placeholder_text_util.c
tools/scaninc/scaninc -M build/emerald-test/src/dodrio_berry_picking.d -g build/assets -I include -I tools/agbcc/include src/dodrio_berry_picking.c
tools/scaninc/scaninc -M build/emerald-test/src/dma3_manager.d -g build/assets -I include -I tools/agbcc/include src/dma3_manager.c
tools/scaninc/scaninc -M build/emerald-test/src/diploma.d -g build/assets -I include -I tools/agbcc/include src/diploma.c
tools/scaninc/scaninc -M build/emerald-test/src/digit_obj_util.d -g build/assets -I include -I tools/agbcc/include src/digit_obj_util.c
tools/scaninc/scaninc -M build/emerald-test/src/difficulty.d -g build/assets -I include -I tools/agbcc/include src/difficulty.c
tools/scaninc/scaninc -M build/emerald-test/src/dexnav.d -g build/assets -I include -I tools/agbcc/include src/dexnav.c
tools/scaninc/scaninc -M build/emerald-test/src/dewford_trend.d -g build/assets -I include -I tools/agbcc/include src/dewford_trend.c
tools/scaninc/scaninc -M build/emerald-test/src/decoration_inventory.d -g build/assets -I include -I tools/agbcc/include src/decoration_inventory.c
tools/scaninc/scaninc -M build/emerald-test/src/decoration.d -g build/assets -I include -I tools/agbcc/include src/decoration.c
tools/scaninc/scaninc -M build/emerald-test/src/decompress_error_handler.d -g build/assets -I include -I tools/agbcc/include src/decompress_error_handler.c
tools/scaninc/scaninc -M build/emerald-test/src/decompress.d -g build/assets -I include -I tools/agbcc/include src/decompress.c
tools/scaninc/scaninc -M build/emerald-test/src/debug.d -g build/assets -I include -I tools/agbcc/include src/debug.c
tools/scaninc/scaninc -M build/emerald-test/src/daycare.d -g build/assets -I include -I tools/agbcc/include src/daycare.c
tools/scaninc/scaninc -M build/emerald-test/src/datetime.d -g build/assets -I include -I tools/agbcc/include src/datetime.c
tools/scaninc/scaninc -M build/emerald-test/src/data.d -g build/assets -I include -I tools/agbcc/include src/data.c
tools/scaninc/scaninc -M build/emerald-test/src/credits_frlg.d -g build/assets -I include -I tools/agbcc/include src/credits_frlg.c
tools/scaninc/scaninc -M build/emerald-test/src/credits.d -g build/assets -I include -I tools/agbcc/include src/credits.c
tools/scaninc/scaninc -M build/emerald-test/src/coord_event_weather.d -g build/assets -I include -I tools/agbcc/include src/coord_event_weather.c
tools/scaninc/scaninc -M build/emerald-test/src/contest_util.d -g build/assets -I include -I tools/agbcc/include src/contest_util.c
tools/scaninc/scaninc -M build/emerald-test/src/contest_painting.d -g build/assets -I include -I tools/agbcc/include src/contest_painting.c
tools/scaninc/scaninc -M build/emerald-test/src/contest_link_util.d -g build/assets -I include -I tools/agbcc/include src/contest_link_util.c
tools/scaninc/scaninc -M build/emerald-test/src/contest_link.d -g build/assets -I include -I tools/agbcc/include src/contest_link.c
tools/scaninc/scaninc -M build/emerald-test/src/contest_effect.d -g build/assets -I include -I tools/agbcc/include src/contest_effect.c
tools/scaninc/scaninc -M build/emerald-test/src/contest.d -g build/assets -I include -I tools/agbcc/include src/contest.c
tools/scaninc/scaninc -M build/emerald-test/src/contest_ai.d -g build/assets -I include -I tools/agbcc/include src/contest_ai.c
tools/scaninc/scaninc -M build/emerald-test/src/config_changes.d -g build/assets -I include -I tools/agbcc/include src/config_changes.c
tools/scaninc/scaninc -M build/emerald-test/src/confetti_util.d -g build/assets -I include -I tools/agbcc/include src/confetti_util.c
tools/scaninc/scaninc -M build/emerald-test/src/coins.d -g build/assets -I include -I tools/agbcc/include src/coins.c
tools/scaninc/scaninc -M build/emerald-test/src/clock.d -g build/assets -I include -I tools/agbcc/include src/clock.c
tools/scaninc/scaninc -M build/emerald-test/src/clear_save_data_screen.d -g build/assets -I include -I tools/agbcc/include src/clear_save_data_screen.c
tools/scaninc/scaninc -M build/emerald-test/src/chooseboxmon.d -g build/assets -I include -I tools/agbcc/include src/chooseboxmon.c
tools/scaninc/scaninc -M build/emerald-test/src/caps.d -g build/assets -I include -I tools/agbcc/include src/caps.c
tools/scaninc/scaninc -M build/emerald-test/src/cable_club.d -g build/assets -I include -I tools/agbcc/include src/cable_club.c
tools/scaninc/scaninc -M build/emerald-test/src/cable_car.d -g build/assets -I include -I tools/agbcc/include src/cable_car.c
tools/scaninc/scaninc -M build/emerald-test/src/braille_puzzles.d -g build/assets -I include -I tools/agbcc/include src/braille_puzzles.c
tools/scaninc/scaninc -M build/emerald-test/src/braille.d -g build/assets -I include -I tools/agbcc/include src/braille.c
tools/scaninc/scaninc -M build/emerald-test/src/blit.d -g build/assets -I include -I tools/agbcc/include src/blit.c
tools/scaninc/scaninc -M build/emerald-test/src/birch_pc.d -g build/assets -I include -I tools/agbcc/include src/birch_pc.c
tools/scaninc/scaninc -M build/emerald-test/src/bike.d -g build/assets -I include -I tools/agbcc/include src/bike.c
tools/scaninc/scaninc -M build/emerald-test/src/bg.d -g build/assets -I include -I tools/agbcc/include src/bg.c
tools/scaninc/scaninc -M build/emerald-test/src/berry_tag_screen.d -g build/assets -I include -I tools/agbcc/include src/berry_tag_screen.c
tools/scaninc/scaninc -M build/emerald-test/src/berry_powder.d -g build/assets -I include -I tools/agbcc/include src/berry_powder.c
tools/scaninc/scaninc -M build/emerald-test/src/berry_fix_program.d -g build/assets -I include -I tools/agbcc/include src/berry_fix_program.c
tools/scaninc/scaninc -M build/emerald-test/src/berry_fix_graphics.d -g build/assets -I include -I tools/agbcc/include src/berry_fix_graphics.c
tools/scaninc/scaninc -M build/emerald-test/src/berry_crush.d -g build/assets -I include -I tools/agbcc/include src/berry_crush.c
tools/scaninc/scaninc -M build/emerald-test/src/berry.d -g build/assets -I include -I tools/agbcc/include src/berry.c
tools/scaninc/scaninc -M build/emerald-test/src/berry_blender.d -g build/assets -I include -I tools/agbcc/include src/berry_blender.c
tools/scaninc/scaninc -M build/emerald-test/src/battle_z_move.d -g build/assets -I include -I tools/agbcc/include src/battle_z_move.c
tools/scaninc/scaninc -M build/emerald-test/src/battle_util.d -g build/assets -I include -I tools/agbcc/include src/battle_util.c
tools/scaninc/scaninc -M build/emerald-test/src/battle_util2.d -g build/assets -I include -I tools/agbcc/include src/battle_util2.c
tools/scaninc/scaninc -M build/emerald-test/src/battle_tv.d -g build/assets -I include -I tools/agbcc/include src/battle_tv.c
tools/scaninc/scaninc -M build/emerald-test/src/battle_transition_frontier.d -g build/assets -I include -I tools/agbcc/include src/battle_transition_frontier.c
tools/scaninc/scaninc -M build/emerald-test/src/battle_transition.d -g build/assets -I include -I tools/agbcc/include src/battle_transition.c
tools/scaninc/scaninc -M build/emerald-test/src/battle_tower.d -g build/assets -I include -I tools/agbcc/include src/battle_tower.c
tools/scaninc/scaninc -M build/emerald-test/src/battle_terastal.d -g build/assets -I include -I tools/agbcc/include src/battle_terastal.c
tools/scaninc/scaninc -M build/emerald-test/src/battle_tent.d -g build/assets -I include -I tools/agbcc/include src/battle_tent.c
tools/scaninc/scaninc -M build/emerald-test/src/battle_switch_in.d -g build/assets -I include -I tools/agbcc/include src/battle_switch_in.c
tools/scaninc/scaninc -M build/emerald-test/src/battle_stat_change.d -g build/assets -I include -I tools/agbcc/include src/battle_stat_change.c
tools/scaninc/scaninc -M build/emerald-test/src/battle_special.d -g build/assets -I include -I tools/agbcc/include src/battle_special.c
tools/scaninc/scaninc -M build/emerald-test/src/battle_setup.d -g build/assets -I include -I tools/agbcc/include src/battle_setup.c
tools/scaninc/scaninc -M build/emerald-test/src/battle_script_commands.d -g build/assets -I include -I tools/agbcc/include src/battle_script_commands.c
tools/scaninc/scaninc -M build/emerald-test/src/battle_records.d -g build/assets -I include -I tools/agbcc/include src/battle_records.c
tools/scaninc/scaninc -M build/emerald-test/src/battle_pyramid.d -g build/assets -I include -I tools/agbcc/include src/battle_pyramid.c
tools/scaninc/scaninc -M build/emerald-test/src/battle_pyramid_bag.d -g build/assets -I include -I tools/agbcc/include src/battle_pyramid_bag.c
tools/scaninc/scaninc -M build/emerald-test/src/battle_pike.d -g build/assets -I include -I tools/agbcc/include src/battle_pike.c
tools/scaninc/scaninc -M build/emerald-test/src/battle_partner.d -g build/assets -I include -I tools/agbcc/include src/battle_partner.c
tools/scaninc/scaninc -M build/emerald-test/src/battle_palace.d -g build/assets -I include -I tools/agbcc/include src/battle_palace.c
tools/scaninc/scaninc -M build/emerald-test/src/battle_move_resolution.d -g build/assets -I include -I tools/agbcc/include src/battle_move_resolution.c
tools/scaninc/scaninc -M build/emerald-test/src/battle_message.d -g build/assets -I include -I tools/agbcc/include src/battle_message.c
tools/scaninc/scaninc -M build/emerald-test/src/battle_main.d -g build/assets -I include -I tools/agbcc/include src/battle_main.c
tools/scaninc/scaninc -M build/emerald-test/src/battle_intro.d -g build/assets -I include -I tools/agbcc/include src/battle_intro.c
tools/scaninc/scaninc -M build/emerald-test/src/battle_interface.d -g build/assets -I include -I tools/agbcc/include src/battle_interface.c
tools/scaninc/scaninc -M build/emerald-test/src/battle_hold_effects.d -g build/assets -I include -I tools/agbcc/include src/battle_hold_effects.c
tools/scaninc/scaninc -M build/emerald-test/src/battle_gimmick.d -g build/assets -I include -I tools/agbcc/include src/battle_gimmick.c
tools/scaninc/scaninc -M build/emerald-test/src/battle_gfx_sfx_util.d -g build/assets -I include -I tools/agbcc/include src/battle_gfx_sfx_util.c
tools/scaninc/scaninc -M build/emerald-test/src/battle_frontier.d -g build/assets -I include -I tools/agbcc/include src/battle_frontier.c
tools/scaninc/scaninc -M build/emerald-test/src/battle_factory_screen.d -g build/assets -I include -I tools/agbcc/include src/battle_factory_screen.c
tools/scaninc/scaninc -M build/emerald-test/src/battle_factory.d -g build/assets -I include -I tools/agbcc/include src/battle_factory.c
tools/scaninc/scaninc -M build/emerald-test/src/battle_end_turn.d -g build/assets -I include -I tools/agbcc/include src/battle_end_turn.c
tools/scaninc/scaninc -M build/emerald-test/src/battle_dynamax.d -g build/assets -I include -I tools/agbcc/include src/battle_dynamax.c
tools/scaninc/scaninc -M build/emerald-test/src/battle_dome.d -g build/assets -I include -I tools/agbcc/include src/battle_dome.c
tools/scaninc/scaninc -M build/emerald-test/src/battle_debug.d -g build/assets -I include -I tools/agbcc/include src/battle_debug.c
tools/scaninc/scaninc -M build/emerald-test/src/battle_controller_wally.d -g build/assets -I include -I tools/agbcc/include src/battle_controller_wally.c
tools/scaninc/scaninc -M build/emerald-test/src/battle_controllers.d -g build/assets -I include -I tools/agbcc/include src/battle_controllers.c
tools/scaninc/scaninc -M build/emerald-test/src/battle_controller_safari.d -g build/assets -I include -I tools/agbcc/include src/battle_controller_safari.c
tools/scaninc/scaninc -M build/emerald-test/src/battle_controller_recorded_player.d -g build/assets -I include -I tools/agbcc/include src/battle_controller_recorded_player.c
tools/scaninc/scaninc -M build/emerald-test/src/battle_controller_recorded_partner.d -g build/assets -I include -I tools/agbcc/include src/battle_controller_recorded_partner.c
tools/scaninc/scaninc -M build/emerald-test/src/battle_controller_recorded_opponent.d -g build/assets -I include -I tools/agbcc/include src/battle_controller_recorded_opponent.c
tools/scaninc/scaninc -M build/emerald-test/src/battle_controller_player_partner.d -g build/assets -I include -I tools/agbcc/include src/battle_controller_player_partner.c
tools/scaninc/scaninc -M build/emerald-test/src/battle_controller_player.d -g build/assets -I include -I tools/agbcc/include src/battle_controller_player.c
tools/scaninc/scaninc -M build/emerald-test/src/battle_controller_opponent.d -g build/assets -I include -I tools/agbcc/include src/battle_controller_opponent.c
tools/scaninc/scaninc -M build/emerald-test/src/battle_controller_oak_old_man.d -g build/assets -I include -I tools/agbcc/include src/battle_controller_oak_old_man.c
tools/scaninc/scaninc -M build/emerald-test/src/battle_controller_link_partner.d -g build/assets -I include -I tools/agbcc/include src/battle_controller_link_partner.c
tools/scaninc/scaninc -M build/emerald-test/src/battle_controller_link_opponent.d -g build/assets -I include -I tools/agbcc/include src/battle_controller_link_opponent.c
tools/scaninc/scaninc -M build/emerald-test/src/battle_bg.d -g build/assets -I include -I tools/agbcc/include src/battle_bg.c
tools/scaninc/scaninc -M build/emerald-test/src/battle_arena.d -g build/assets -I include -I tools/agbcc/include src/battle_arena.c
tools/scaninc/scaninc -M build/emerald-test/src/battle_anim_water.d -g build/assets -I include -I tools/agbcc/include src/battle_anim_water.c
tools/scaninc/scaninc -M build/emerald-test/src/battle_anim_utility_funcs.d -g build/assets -I include -I tools/agbcc/include src/battle_anim_utility_funcs.c
tools/scaninc/scaninc -M build/emerald-test/src/battle_anim_throw.d -g build/assets -I include -I tools/agbcc/include src/battle_anim_throw.c
tools/scaninc/scaninc -M build/emerald-test/src/battle_anim_status_effects.d -g build/assets -I include -I tools/agbcc/include src/battle_anim_status_effects.c
tools/scaninc/scaninc -M build/emerald-test/src/battle_anim_sound_tasks.d -g build/assets -I include -I tools/agbcc/include src/battle_anim_sound_tasks.c
tools/scaninc/scaninc -M build/emerald-test/src/battle_anim_smokescreen.d -g build/assets -I include -I tools/agbcc/include src/battle_anim_smokescreen.c
tools/scaninc/scaninc -M build/emerald-test/src/battle_anim_rock.d -g build/assets -I include -I tools/agbcc/include src/battle_anim_rock.c
tools/scaninc/scaninc -M build/emerald-test/src/battle_anim_psychic.d -g build/assets -I include -I tools/agbcc/include src/battle_anim_psychic.c
tools/scaninc/scaninc -M build/emerald-test/src/battle_anim_poison.d -g build/assets -I include -I tools/agbcc/include src/battle_anim_poison.c
tools/scaninc/scaninc -M build/emerald-test/src/battle_anim_normal.d -g build/assets -I include -I tools/agbcc/include src/battle_anim_normal.c
tools/scaninc/scaninc -M build/emerald-test/src/battle_anim_new.d -g build/assets -I include -I tools/agbcc/include src/battle_anim_new.c
tools/scaninc/scaninc -M build/emerald-test/src/battle_anim_mons.d -g build/assets -I include -I tools/agbcc/include src/battle_anim_mons.c
tools/scaninc/scaninc -M build/emerald-test/src/battle_anim_mon_movement.d -g build/assets -I include -I tools/agbcc/include src/battle_anim_mon_movement.c
tools/scaninc/scaninc -M build/emerald-test/src/battle_anim_ice.d -g build/assets -I include -I tools/agbcc/include src/battle_anim_ice.c
tools/scaninc/scaninc -M build/emerald-test/src/battle_anim_ground.d -g build/assets -I include -I tools/agbcc/include src/battle_anim_ground.c
tools/scaninc/scaninc -M build/emerald-test/src/battle_anim_ghost.d -g build/assets -I include -I tools/agbcc/include src/battle_anim_ghost.c
tools/scaninc/scaninc -M build/emerald-test/src/battle_anim_flying.d -g build/assets -I include -I tools/agbcc/include src/battle_anim_flying.c
tools/scaninc/scaninc -M build/emerald-test/src/battle_anim_fire.d -g build/assets -I include -I tools/agbcc/include src/battle_anim_fire.c
tools/scaninc/scaninc -M build/emerald-test/src/battle_anim_fight.d -g build/assets -I include -I tools/agbcc/include src/battle_anim_fight.c
tools/scaninc/scaninc -M build/emerald-test/src/battle_anim_electric.d -g build/assets -I include -I tools/agbcc/include src/battle_anim_electric.c
tools/scaninc/scaninc -M build/emerald-test/src/battle_anim_effects_3.d -g build/assets -I include -I tools/agbcc/include src/battle_anim_effects_3.c
tools/scaninc/scaninc -M build/emerald-test/src/battle_anim_effects_2.d -g build/assets -I include -I tools/agbcc/include src/battle_anim_effects_2.c
tools/scaninc/scaninc -M build/emerald-test/src/battle_anim_effects_1.d -g build/assets -I include -I tools/agbcc/include src/battle_anim_effects_1.c
tools/scaninc/scaninc -M build/emerald-test/src/battle_anim_dragon.d -g build/assets -I include -I tools/agbcc/include src/battle_anim_dragon.c
tools/scaninc/scaninc -M build/emerald-test/src/battle_anim_dark.d -g build/assets -I include -I tools/agbcc/include src/battle_anim_dark.c
tools/scaninc/scaninc -M build/emerald-test/src/battle_anim.d -g build/assets -I include -I tools/agbcc/include src/battle_anim.c
tools/scaninc/scaninc -M build/emerald-test/src/battle_anim_bug.d -g build/assets -I include -I tools/agbcc/include src/battle_anim_bug.c
tools/scaninc/scaninc -M build/emerald-test/src/battle_ai_util.d -g build/assets -I include -I tools/agbcc/include src/battle_ai_util.c
tools/scaninc/scaninc -M build/emerald-test/src/battle_ai_switch.d -g build/assets -I include -I tools/agbcc/include src/battle_ai_switch.c
tools/scaninc/scaninc -M build/emerald-test/src/battle_ai_record.d -g build/assets -I include -I tools/agbcc/include src/battle_ai_record.c
tools/scaninc/scaninc -M build/emerald-test/src/battle_ai_main.d -g build/assets -I include -I tools/agbcc/include src/battle_ai_main.c
tools/scaninc/scaninc -M build/emerald-test/src/battle_ai_items.d -g build/assets -I include -I tools/agbcc/include src/battle_ai_items.c
tools/scaninc/scaninc -M build/emerald-test/src/battle_ai_field_statuses.d -g build/assets -I include -I tools/agbcc/include src/battle_ai_field_statuses.c
tools/scaninc/scaninc -M build/emerald-test/src/bard_music.d -g build/assets -I include -I tools/agbcc/include src/bard_music.c
tools/scaninc/scaninc -M build/emerald-test/src/assertf.d -g build/assets -I include -I tools/agbcc/include src/assertf.c
tools/scaninc/scaninc -M build/emerald-test/src/apricorn_tree.d -g build/assets -I include -I tools/agbcc/include src/apricorn_tree.c
tools/scaninc/scaninc -M build/emerald-test/src/apprentice.d -g build/assets -I include -I tools/agbcc/include src/apprentice.c
tools/scaninc/scaninc -M build/emerald-test/src/AgbRfu_LinkManager.d -g build/assets -I include -I tools/agbcc/include src/AgbRfu_LinkManager.c
/home/eddie/devkitpro/opt/devkitpro/devkitARM/bin/../libexec/gcc/arm-none-eabi/14.2.0/cc1 -quiet <flags> -o build/emerald-test/src/AgbRfu_LinkManager.o src/AgbRfu_LinkManager.c
/home/eddie/devkitpro/opt/devkitpro/devkitARM/bin/../libexec/gcc/arm-none-eabi/14.2.0/cc1 -quiet <flags> -o build/emerald-test/src/apprentice.o src/apprentice.c
/home/eddie/devkitpro/opt/devkitpro/devkitARM/bin/../libexec/gcc/arm-none-eabi/14.2.0/cc1 -quiet <flags> -o build/emerald-test/src/apricorn_tree.o src/apricorn_tree.c
/home/eddie/devkitpro/opt/devkitpro/devkitARM/bin/../libexec/gcc/arm-none-eabi/14.2.0/cc1 -quiet <flags> -o build/emerald-test/src/assertf.o src/assertf.c
/home/eddie/devkitpro/opt/devkitpro/devkitARM/bin/../libexec/gcc/arm-none-eabi/14.2.0/cc1 -quiet <flags> -o build/emerald-test/src/bard_music.o src/bard_music.c
/home/eddie/devkitpro/opt/devkitpro/devkitARM/bin/../libexec/gcc/arm-none-eabi/14.2.0/cc1 -quiet <flags> -o build/emerald-test/src/battle_ai_field_statuses.o src/battle_ai_field_statuses.c
/home/eddie/devkitpro/opt/devkitpro/devkitARM/bin/../libexec/gcc/arm-none-eabi/14.2.0/cc1 -quiet <flags> -o build/emerald-test/src/battle_ai_items.o src/battle_ai_items.c
/home/eddie/devkitpro/opt/devkitpro/devkitARM/bin/../libexec/gcc/arm-none-eabi/14.2.0/cc1 -quiet <flags> -o build/emerald-test/src/battle_ai_main.o src/battle_ai_main.c
/home/eddie/devkitpro/opt/devkitpro/devkitARM/bin/../libexec/gcc/arm-none-eabi/14.2.0/cc1 -quiet <flags> -o build/emerald-test/src/battle_ai_record.o src/battle_ai_record.c
/home/eddie/devkitpro/opt/devkitpro/devkitARM/bin/../libexec/gcc/arm-none-eabi/14.2.0/cc1 -quiet <flags> -o build/emerald-test/src/battle_ai_switch.o src/battle_ai_switch.c
/home/eddie/devkitpro/opt/devkitpro/devkitARM/bin/../libexec/gcc/arm-none-eabi/14.2.0/cc1 -quiet <flags> -o build/emerald-test/src/battle_ai_util.o src/battle_ai_util.c
/home/eddie/devkitpro/opt/devkitpro/devkitARM/bin/../libexec/gcc/arm-none-eabi/14.2.0/cc1 -quiet <flags> -o build/emerald-test/src/battle_anim_bug.o src/battle_anim_bug.c
/home/eddie/devkitpro/opt/devkitpro/devkitARM/bin/../libexec/gcc/arm-none-eabi/14.2.0/cc1 -quiet <flags> -o build/emerald-test/src/battle_anim.o src/battle_anim.c
/home/eddie/devkitpro/opt/devkitpro/devkitARM/bin/../libexec/gcc/arm-none-eabi/14.2.0/cc1 -quiet <flags> -o build/emerald-test/src/battle_anim_dark.o src/battle_anim_dark.c
/home/eddie/devkitpro/opt/devkitpro/devkitARM/bin/../libexec/gcc/arm-none-eabi/14.2.0/cc1 -quiet <flags> -o build/emerald-test/src/battle_anim_dragon.o src/battle_anim_dragon.c
/home/eddie/devkitpro/opt/devkitpro/devkitARM/bin/../libexec/gcc/arm-none-eabi/14.2.0/cc1 -quiet <flags> -o build/emerald-test/src/battle_anim_effects_1.o src/battle_anim_effects_1.c
/home/eddie/devkitpro/opt/devkitpro/devkitARM/bin/../libexec/gcc/arm-none-eabi/14.2.0/cc1 -quiet <flags> -o build/emerald-test/src/battle_anim_effects_3.o src/battle_anim_effects_3.c
/home/eddie/devkitpro/opt/devkitpro/devkitARM/bin/../libexec/gcc/arm-none-eabi/14.2.0/cc1 -quiet <flags> -o build/emerald-test/src/battle_anim_effects_2.o src/battle_anim_effects_2.c
/home/eddie/devkitpro/opt/devkitpro/devkitARM/bin/../libexec/gcc/arm-none-eabi/14.2.0/cc1 -quiet <flags> -o build/emerald-test/src/battle_anim_electric.o src/battle_anim_electric.c
/home/eddie/devkitpro/opt/devkitpro/devkitARM/bin/../libexec/gcc/arm-none-eabi/14.2.0/cc1 -quiet <flags> -o build/emerald-test/src/battle_anim_fight.o src/battle_anim_fight.c
/home/eddie/devkitpro/opt/devkitpro/devkitARM/bin/../libexec/gcc/arm-none-eabi/14.2.0/cc1 -quiet <flags> -o build/emerald-test/src/battle_anim_fire.o src/battle_anim_fire.c
/home/eddie/devkitpro/opt/devkitpro/devkitARM/bin/../libexec/gcc/arm-none-eabi/14.2.0/cc1 -quiet <flags> -o build/emerald-test/src/battle_anim_flying.o src/battle_anim_flying.c
/home/eddie/devkitpro/opt/devkitpro/devkitARM/bin/../libexec/gcc/arm-none-eabi/14.2.0/cc1 -quiet <flags> -o build/emerald-test/src/battle_anim_ghost.o src/battle_anim_ghost.c
/home/eddie/devkitpro/opt/devkitpro/devkitARM/bin/../libexec/gcc/arm-none-eabi/14.2.0/cc1 -quiet <flags> -o build/emerald-test/src/battle_anim_ground.o src/battle_anim_ground.c
/home/eddie/devkitpro/opt/devkitpro/devkitARM/bin/../libexec/gcc/arm-none-eabi/14.2.0/cc1 -quiet <flags> -o build/emerald-test/src/battle_anim_ice.o src/battle_anim_ice.c
/home/eddie/devkitpro/opt/devkitpro/devkitARM/bin/../libexec/gcc/arm-none-eabi/14.2.0/cc1 -quiet <flags> -o build/emerald-test/src/battle_anim_mon_movement.o src/battle_anim_mon_movement.c
/home/eddie/devkitpro/opt/devkitpro/devkitARM/bin/../libexec/gcc/arm-none-eabi/14.2.0/cc1 -quiet <flags> -o build/emerald-test/src/battle_anim_mons.o src/battle_anim_mons.c
/home/eddie/devkitpro/opt/devkitpro/devkitARM/bin/../libexec/gcc/arm-none-eabi/14.2.0/cc1 -quiet <flags> -o build/emerald-test/src/battle_anim_new.o src/battle_anim_new.c
/home/eddie/devkitpro/opt/devkitpro/devkitARM/bin/../libexec/gcc/arm-none-eabi/14.2.0/cc1 -quiet <flags> -o build/emerald-test/src/battle_anim_normal.o src/battle_anim_normal.c
/home/eddie/devkitpro/opt/devkitpro/devkitARM/bin/../libexec/gcc/arm-none-eabi/14.2.0/cc1 -quiet <flags> -o build/emerald-test/src/battle_anim_poison.o src/battle_anim_poison.c
/home/eddie/devkitpro/opt/devkitpro/devkitARM/bin/../libexec/gcc/arm-none-eabi/14.2.0/cc1 -quiet <flags> -o build/emerald-test/src/battle_anim_psychic.o src/battle_anim_psychic.c
/home/eddie/devkitpro/opt/devkitpro/devkitARM/bin/../libexec/gcc/arm-none-eabi/14.2.0/cc1 -quiet <flags> -o build/emerald-test/src/battle_anim_rock.o src/battle_anim_rock.c
/home/eddie/devkitpro/opt/devkitpro/devkitARM/bin/../libexec/gcc/arm-none-eabi/14.2.0/cc1 -quiet <flags> -o build/emerald-test/src/battle_anim_smokescreen.o src/battle_anim_smokescreen.c
/home/eddie/devkitpro/opt/devkitpro/devkitARM/bin/../libexec/gcc/arm-none-eabi/14.2.0/cc1 -quiet <flags> -o build/emerald-test/src/battle_anim_sound_tasks.o src/battle_anim_sound_tasks.c
/home/eddie/devkitpro/opt/devkitpro/devkitARM/bin/../libexec/gcc/arm-none-eabi/14.2.0/cc1 -quiet <flags> -o build/emerald-test/src/battle_anim_status_effects.o src/battle_anim_status_effects.c
/home/eddie/devkitpro/opt/devkitpro/devkitARM/bin/../libexec/gcc/arm-none-eabi/14.2.0/cc1 -quiet <flags> -o build/emerald-test/src/battle_anim_throw.o src/battle_anim_throw.c
/home/eddie/devkitpro/opt/devkitpro/devkitARM/bin/../libexec/gcc/arm-none-eabi/14.2.0/cc1 -quiet <flags> -o build/emerald-test/src/battle_anim_utility_funcs.o src/battle_anim_utility_funcs.c
/home/eddie/devkitpro/opt/devkitpro/devkitARM/bin/../libexec/gcc/arm-none-eabi/14.2.0/cc1 -quiet <flags> -o build/emerald-test/src/battle_anim_water.o src/battle_anim_water.c
/home/eddie/devkitpro/opt/devkitpro/devkitARM/bin/../libexec/gcc/arm-none-eabi/14.2.0/cc1 -quiet <flags> -o build/emerald-test/src/battle_arena.o src/battle_arena.c
/home/eddie/devkitpro/opt/devkitpro/devkitARM/bin/../libexec/gcc/arm-none-eabi/14.2.0/cc1 -quiet <flags> -o build/emerald-test/src/battle_bg.o src/battle_bg.c
/home/eddie/devkitpro/opt/devkitpro/devkitARM/bin/../libexec/gcc/arm-none-eabi/14.2.0/cc1 -quiet <flags> -o build/emerald-test/src/battle_controller_link_opponent.o src/battle_controller_link_opponent.c
/home/eddie/devkitpro/opt/devkitpro/devkitARM/bin/../libexec/gcc/arm-none-eabi/14.2.0/cc1 -quiet <flags> -o build/emerald-test/src/battle_controller_link_partner.o src/battle_controller_link_partner.c
/home/eddie/devkitpro/opt/devkitpro/devkitARM/bin/../libexec/gcc/arm-none-eabi/14.2.0/cc1 -quiet <flags> -o build/emerald-test/src/battle_controller_oak_old_man.o src/battle_controller_oak_old_man.c
/home/eddie/devkitpro/opt/devkitpro/devkitARM/bin/../libexec/gcc/arm-none-eabi/14.2.0/cc1 -quiet <flags> -o build/emerald-test/src/battle_controller_opponent.o src/battle_controller_opponent.c
/home/eddie/devkitpro/opt/devkitpro/devkitARM/bin/../libexec/gcc/arm-none-eabi/14.2.0/cc1 -quiet <flags> -o build/emerald-test/src/battle_controller_player.o src/battle_controller_player.c
/home/eddie/devkitpro/opt/devkitpro/devkitARM/bin/../libexec/gcc/arm-none-eabi/14.2.0/cc1 -quiet <flags> -o build/emerald-test/src/battle_controller_player_partner.o src/battle_controller_player_partner.c
/home/eddie/devkitpro/opt/devkitpro/devkitARM/bin/../libexec/gcc/arm-none-eabi/14.2.0/cc1 -quiet <flags> -o build/emerald-test/src/battle_controller_recorded_opponent.o src/battle_controller_recorded_opponent.c
/home/eddie/devkitpro/opt/devkitpro/devkitARM/bin/../libexec/gcc/arm-none-eabi/14.2.0/cc1 -quiet <flags> -o build/emerald-test/src/battle_controller_recorded_partner.o src/battle_controller_recorded_partner.c
/home/eddie/devkitpro/opt/devkitpro/devkitARM/bin/../libexec/gcc/arm-none-eabi/14.2.0/cc1 -quiet <flags> -o build/emerald-test/src/battle_controller_recorded_player.o src/battle_controller_recorded_player.c
/home/eddie/devkitpro/opt/devkitpro/devkitARM/bin/../libexec/gcc/arm-none-eabi/14.2.0/cc1 -quiet <flags> -o build/emerald-test/src/battle_controller_safari.o src/battle_controller_safari.c
/home/eddie/devkitpro/opt/devkitpro/devkitARM/bin/../libexec/gcc/arm-none-eabi/14.2.0/cc1 -quiet <flags> -o build/emerald-test/src/battle_controllers.o src/battle_controllers.c
/home/eddie/devkitpro/opt/devkitpro/devkitARM/bin/../libexec/gcc/arm-none-eabi/14.2.0/cc1 -quiet <flags> -o build/emerald-test/src/battle_controller_wally.o src/battle_controller_wally.c
/home/eddie/devkitpro/opt/devkitpro/devkitARM/bin/../libexec/gcc/arm-none-eabi/14.2.0/cc1 -quiet <flags> -o build/emerald-test/src/battle_debug.o src/battle_debug.c
/home/eddie/devkitpro/opt/devkitpro/devkitARM/bin/../libexec/gcc/arm-none-eabi/14.2.0/cc1 -quiet <flags> -o build/emerald-test/src/battle_dome.o src/battle_dome.c
/home/eddie/devkitpro/opt/devkitpro/devkitARM/bin/../libexec/gcc/arm-none-eabi/14.2.0/cc1 -quiet <flags> -o build/emerald-test/src/battle_dynamax.o src/battle_dynamax.c
/home/eddie/devkitpro/opt/devkitpro/devkitARM/bin/../libexec/gcc/arm-none-eabi/14.2.0/cc1 -quiet <flags> -o build/emerald-test/src/battle_end_turn.o src/battle_end_turn.c
/home/eddie/devkitpro/opt/devkitpro/devkitARM/bin/../libexec/gcc/arm-none-eabi/14.2.0/cc1 -quiet <flags> -o build/emerald-test/src/battle_factory.o src/battle_factory.c
/home/eddie/devkitpro/opt/devkitpro/devkitARM/bin/../libexec/gcc/arm-none-eabi/14.2.0/cc1 -quiet <flags> -o build/emerald-test/src/battle_factory_screen.o src/battle_factory_screen.c
/home/eddie/devkitpro/opt/devkitpro/devkitARM/bin/../libexec/gcc/arm-none-eabi/14.2.0/cc1 -quiet <flags> -o build/emerald-test/src/battle_frontier.o src/battle_frontier.c
/home/eddie/devkitpro/opt/devkitpro/devkitARM/bin/../libexec/gcc/arm-none-eabi/14.2.0/cc1 -quiet <flags> -o build/emerald-test/src/battle_gfx_sfx_util.o src/battle_gfx_sfx_util.c
/home/eddie/devkitpro/opt/devkitpro/devkitARM/bin/../libexec/gcc/arm-none-eabi/14.2.0/cc1 -quiet <flags> -o build/emerald-test/src/battle_gimmick.o src/battle_gimmick.c
/home/eddie/devkitpro/opt/devkitpro/devkitARM/bin/../libexec/gcc/arm-none-eabi/14.2.0/cc1 -quiet <flags> -o build/emerald-test/src/battle_hold_effects.o src/battle_hold_effects.c
/home/eddie/devkitpro/opt/devkitpro/devkitARM/bin/../libexec/gcc/arm-none-eabi/14.2.0/cc1 -quiet <flags> -o build/emerald-test/src/battle_interface.o src/battle_interface.c
/home/eddie/devkitpro/opt/devkitpro/devkitARM/bin/../libexec/gcc/arm-none-eabi/14.2.0/cc1 -quiet <flags> -o build/emerald-test/src/battle_intro.o src/battle_intro.c
/home/eddie/devkitpro/opt/devkitpro/devkitARM/bin/../libexec/gcc/arm-none-eabi/14.2.0/cc1 -quiet <flags> -o build/emerald-test/src/battle_main.o src/battle_main.c
/home/eddie/devkitpro/opt/devkitpro/devkitARM/bin/../libexec/gcc/arm-none-eabi/14.2.0/cc1 -quiet <flags> -o build/emerald-test/src/battle_message.o src/battle_message.c
/home/eddie/devkitpro/opt/devkitpro/devkitARM/bin/../libexec/gcc/arm-none-eabi/14.2.0/cc1 -quiet <flags> -o build/emerald-test/src/battle_move_resolution.o src/battle_move_resolution.c
/home/eddie/devkitpro/opt/devkitpro/devkitARM/bin/../libexec/gcc/arm-none-eabi/14.2.0/cc1 -quiet <flags> -o build/emerald-test/src/battle_palace.o src/battle_palace.c
/home/eddie/devkitpro/opt/devkitpro/devkitARM/bin/../libexec/gcc/arm-none-eabi/14.2.0/cc1 -quiet <flags> -o build/emerald-test/src/battle_partner.o src/battle_partner.c
/home/eddie/devkitpro/opt/devkitpro/devkitARM/bin/../libexec/gcc/arm-none-eabi/14.2.0/cc1 -quiet <flags> -o build/emerald-test/src/battle_pike.o src/battle_pike.c
/home/eddie/devkitpro/opt/devkitpro/devkitARM/bin/../libexec/gcc/arm-none-eabi/14.2.0/cc1 -quiet <flags> -o build/emerald-test/src/battle_pyramid_bag.o src/battle_pyramid_bag.c
/home/eddie/devkitpro/opt/devkitpro/devkitARM/bin/../libexec/gcc/arm-none-eabi/14.2.0/cc1 -quiet <flags> -o build/emerald-test/src/battle_pyramid.o src/battle_pyramid.c
/home/eddie/devkitpro/opt/devkitpro/devkitARM/bin/../libexec/gcc/arm-none-eabi/14.2.0/cc1 -quiet <flags> -o build/emerald-test/src/battle_records.o src/battle_records.c
/home/eddie/devkitpro/opt/devkitpro/devkitARM/bin/../libexec/gcc/arm-none-eabi/14.2.0/cc1 -quiet <flags> -o build/emerald-test/src/battle_script_commands.o src/battle_script_commands.c
/home/eddie/devkitpro/opt/devkitpro/devkitARM/bin/../libexec/gcc/arm-none-eabi/14.2.0/cc1 -quiet <flags> -o build/emerald-test/src/battle_setup.o src/battle_setup.c
/home/eddie/devkitpro/opt/devkitpro/devkitARM/bin/../libexec/gcc/arm-none-eabi/14.2.0/cc1 -quiet <flags> -o build/emerald-test/src/battle_special.o src/battle_special.c
/home/eddie/devkitpro/opt/devkitpro/devkitARM/bin/../libexec/gcc/arm-none-eabi/14.2.0/cc1 -quiet <flags> -o build/emerald-test/src/battle_stat_change.o src/battle_stat_change.c
/home/eddie/devkitpro/opt/devkitpro/devkitARM/bin/../libexec/gcc/arm-none-eabi/14.2.0/cc1 -quiet <flags> -o build/emerald-test/src/battle_switch_in.o src/battle_switch_in.c
/home/eddie/devkitpro/opt/devkitpro/devkitARM/bin/../libexec/gcc/arm-none-eabi/14.2.0/cc1 -quiet <flags> -o build/emerald-test/src/battle_tent.o src/battle_tent.c
/home/eddie/devkitpro/opt/devkitpro/devkitARM/bin/../libexec/gcc/arm-none-eabi/14.2.0/cc1 -quiet <flags> -o build/emerald-test/src/battle_terastal.o src/battle_terastal.c
/home/eddie/devkitpro/opt/devkitpro/devkitARM/bin/../libexec/gcc/arm-none-eabi/14.2.0/cc1 -quiet <flags> -o build/emerald-test/src/battle_tower.o src/battle_tower.c
/home/eddie/devkitpro/opt/devkitpro/devkitARM/bin/../libexec/gcc/arm-none-eabi/14.2.0/cc1 -quiet <flags> -o build/emerald-test/src/battle_transition.o src/battle_transition.c
/home/eddie/devkitpro/opt/devkitpro/devkitARM/bin/../libexec/gcc/arm-none-eabi/14.2.0/cc1 -quiet <flags> -o build/emerald-test/src/battle_transition_frontier.o src/battle_transition_frontier.c
/home/eddie/devkitpro/opt/devkitpro/devkitARM/bin/../libexec/gcc/arm-none-eabi/14.2.0/cc1 -quiet <flags> -o build/emerald-test/src/battle_tv.o src/battle_tv.c
/home/eddie/devkitpro/opt/devkitpro/devkitARM/bin/../libexec/gcc/arm-none-eabi/14.2.0/cc1 -quiet <flags> -o build/emerald-test/src/battle_util2.o src/battle_util2.c
/home/eddie/devkitpro/opt/devkitpro/devkitARM/bin/../libexec/gcc/arm-none-eabi/14.2.0/cc1 -quiet <flags> -o build/emerald-test/src/battle_util.o src/battle_util.c
/home/eddie/devkitpro/opt/devkitpro/devkitARM/bin/../libexec/gcc/arm-none-eabi/14.2.0/cc1 -quiet <flags> -o build/emerald-test/src/battle_z_move.o src/battle_z_move.c
/home/eddie/devkitpro/opt/devkitpro/devkitARM/bin/../libexec/gcc/arm-none-eabi/14.2.0/cc1 -quiet <flags> -o build/emerald-test/src/berry_blender.o src/berry_blender.c
/home/eddie/devkitpro/opt/devkitpro/devkitARM/bin/../libexec/gcc/arm-none-eabi/14.2.0/cc1 -quiet <flags> -o build/emerald-test/src/berry.o src/berry.c
/home/eddie/devkitpro/opt/devkitpro/devkitARM/bin/../libexec/gcc/arm-none-eabi/14.2.0/cc1 -quiet <flags> -o build/emerald-test/src/berry_crush.o src/berry_crush.c
/home/eddie/devkitpro/opt/devkitpro/devkitARM/bin/../libexec/gcc/arm-none-eabi/14.2.0/cc1 -quiet <flags> -o build/emerald-test/src/berry_fix_graphics.o src/berry_fix_graphics.c
/home/eddie/devkitpro/opt/devkitpro/devkitARM/bin/../libexec/gcc/arm-none-eabi/14.2.0/cc1 -quiet <flags> -o build/emerald-test/src/berry_fix_program.o src/berry_fix_program.c
/home/eddie/devkitpro/opt/devkitpro/devkitARM/bin/../libexec/gcc/arm-none-eabi/14.2.0/cc1 -quiet <flags> -o build/emerald-test/src/berry_powder.o src/berry_powder.c
/home/eddie/devkitpro/opt/devkitpro/devkitARM/bin/../libexec/gcc/arm-none-eabi/14.2.0/cc1 -quiet <flags> -o build/emerald-test/src/berry_tag_screen.o src/berry_tag_screen.c
/home/eddie/devkitpro/opt/devkitpro/devkitARM/bin/../libexec/gcc/arm-none-eabi/14.2.0/cc1 -quiet <flags> -o build/emerald-test/src/bg.o src/bg.c
/home/eddie/devkitpro/opt/devkitpro/devkitARM/bin/../libexec/gcc/arm-none-eabi/14.2.0/cc1 -quiet <flags> -o build/emerald-test/src/bike.o src/bike.c
/home/eddie/devkitpro/opt/devkitpro/devkitARM/bin/../libexec/gcc/arm-none-eabi/14.2.0/cc1 -quiet <flags> -o build/emerald-test/src/birch_pc.o src/birch_pc.c
/home/eddie/devkitpro/opt/devkitpro/devkitARM/bin/../libexec/gcc/arm-none-eabi/14.2.0/cc1 -quiet <flags> -o build/emerald-test/src/blit.o src/blit.c
/home/eddie/devkitpro/opt/devkitpro/devkitARM/bin/../libexec/gcc/arm-none-eabi/14.2.0/cc1 -quiet <flags> -o build/emerald-test/src/braille.o src/braille.c
/home/eddie/devkitpro/opt/devkitpro/devkitARM/bin/../libexec/gcc/arm-none-eabi/14.2.0/cc1 -quiet <flags> -o build/emerald-test/src/braille_puzzles.o src/braille_puzzles.c
/home/eddie/devkitpro/opt/devkitpro/devkitARM/bin/../libexec/gcc/arm-none-eabi/14.2.0/cc1 -quiet <flags> -o build/emerald-test/src/cable_car.o src/cable_car.c
/home/eddie/devkitpro/opt/devkitpro/devkitARM/bin/../libexec/gcc/arm-none-eabi/14.2.0/cc1 -quiet <flags> -o build/emerald-test/src/cable_club.o src/cable_club.c
/home/eddie/devkitpro/opt/devkitpro/devkitARM/bin/../libexec/gcc/arm-none-eabi/14.2.0/cc1 -quiet <flags> -o build/emerald-test/src/caps.o src/caps.c
/home/eddie/devkitpro/opt/devkitpro/devkitARM/bin/../libexec/gcc/arm-none-eabi/14.2.0/cc1 -quiet <flags> -o build/emerald-test/src/chooseboxmon.o src/chooseboxmon.c
/home/eddie/devkitpro/opt/devkitpro/devkitARM/bin/../libexec/gcc/arm-none-eabi/14.2.0/cc1 -quiet <flags> -o build/emerald-test/src/clear_save_data_screen.o src/clear_save_data_screen.c
/home/eddie/devkitpro/opt/devkitpro/devkitARM/bin/../libexec/gcc/arm-none-eabi/14.2.0/cc1 -quiet <flags> -o build/emerald-test/src/clock.o src/clock.c
/home/eddie/devkitpro/opt/devkitpro/devkitARM/bin/../libexec/gcc/arm-none-eabi/14.2.0/cc1 -quiet <flags> -o build/emerald-test/src/coins.o src/coins.c
/home/eddie/devkitpro/opt/devkitpro/devkitARM/bin/../libexec/gcc/arm-none-eabi/14.2.0/cc1 -quiet <flags> -o build/emerald-test/src/confetti_util.o src/confetti_util.c
/home/eddie/devkitpro/opt/devkitpro/devkitARM/bin/../libexec/gcc/arm-none-eabi/14.2.0/cc1 -quiet <flags> -o build/emerald-test/src/config_changes.o src/config_changes.c
/home/eddie/devkitpro/opt/devkitpro/devkitARM/bin/../libexec/gcc/arm-none-eabi/14.2.0/cc1 -quiet <flags> -o build/emerald-test/src/contest_ai.o src/contest_ai.c
/home/eddie/devkitpro/opt/devkitpro/devkitARM/bin/../libexec/gcc/arm-none-eabi/14.2.0/cc1 -quiet <flags> -o build/emerald-test/src/contest.o src/contest.c
/home/eddie/devkitpro/opt/devkitpro/devkitARM/bin/../libexec/gcc/arm-none-eabi/14.2.0/cc1 -quiet <flags> -o build/emerald-test/src/contest_effect.o src/contest_effect.c
/home/eddie/devkitpro/opt/devkitpro/devkitARM/bin/../libexec/gcc/arm-none-eabi/14.2.0/cc1 -quiet <flags> -o build/emerald-test/src/contest_link.o src/contest_link.c
/home/eddie/devkitpro/opt/devkitpro/devkitARM/bin/../libexec/gcc/arm-none-eabi/14.2.0/cc1 -quiet <flags> -o build/emerald-test/src/contest_link_util.o src/contest_link_util.c
/home/eddie/devkitpro/opt/devkitpro/devkitARM/bin/../libexec/gcc/arm-none-eabi/14.2.0/cc1 -quiet <flags> -o build/emerald-test/src/contest_painting.o src/contest_painting.c
/home/eddie/devkitpro/opt/devkitpro/devkitARM/bin/../libexec/gcc/arm-none-eabi/14.2.0/cc1 -quiet <flags> -o build/emerald-test/src/contest_util.o src/contest_util.c
/home/eddie/devkitpro/opt/devkitpro/devkitARM/bin/../libexec/gcc/arm-none-eabi/14.2.0/cc1 -quiet <flags> -o build/emerald-test/src/coord_event_weather.o src/coord_event_weather.c
/home/eddie/devkitpro/opt/devkitpro/devkitARM/bin/../libexec/gcc/arm-none-eabi/14.2.0/cc1 -quiet <flags> -o build/emerald-test/src/credits.o src/credits.c
/home/eddie/devkitpro/opt/devkitpro/devkitARM/bin/../libexec/gcc/arm-none-eabi/14.2.0/cc1 -quiet <flags> -o build/emerald-test/src/credits_frlg.o src/credits_frlg.c
/home/eddie/devkitpro/opt/devkitpro/devkitARM/bin/../libexec/gcc/arm-none-eabi/14.2.0/cc1 -quiet <flags> -o build/emerald-test/src/data.o src/data.c
/home/eddie/devkitpro/opt/devkitpro/devkitARM/bin/../libexec/gcc/arm-none-eabi/14.2.0/cc1 -quiet <flags> -o build/emerald-test/src/datetime.o src/datetime.c
/home/eddie/devkitpro/opt/devkitpro/devkitARM/bin/../libexec/gcc/arm-none-eabi/14.2.0/cc1 -quiet <flags> -o build/emerald-test/src/daycare.o src/daycare.c
/home/eddie/devkitpro/opt/devkitpro/devkitARM/bin/../libexec/gcc/arm-none-eabi/14.2.0/cc1 -quiet <flags> -o build/emerald-test/src/debug.o src/debug.c
/home/eddie/devkitpro/opt/devkitpro/devkitARM/bin/../libexec/gcc/arm-none-eabi/14.2.0/cc1 -quiet <flags> -o build/emerald-test/src/decompress.o src/decompress.c
/home/eddie/devkitpro/opt/devkitpro/devkitARM/bin/../libexec/gcc/arm-none-eabi/14.2.0/cc1 -quiet <flags> -o build/emerald-test/src/decompress_error_handler.o src/decompress_error_handler.c
/home/eddie/devkitpro/opt/devkitpro/devkitARM/bin/../libexec/gcc/arm-none-eabi/14.2.0/cc1 -quiet <flags> -o build/emerald-test/src/decoration.o src/decoration.c
/home/eddie/devkitpro/opt/devkitpro/devkitARM/bin/../libexec/gcc/arm-none-eabi/14.2.0/cc1 -quiet <flags> -o build/emerald-test/src/decoration_inventory.o src/decoration_inventory.c
/home/eddie/devkitpro/opt/devkitpro/devkitARM/bin/../libexec/gcc/arm-none-eabi/14.2.0/cc1 -quiet <flags> -o build/emerald-test/src/dewford_trend.o src/dewford_trend.c
/home/eddie/devkitpro/opt/devkitpro/devkitARM/bin/../libexec/gcc/arm-none-eabi/14.2.0/cc1 -quiet <flags> -o build/emerald-test/src/dexnav.o src/dexnav.c
/home/eddie/devkitpro/opt/devkitpro/devkitARM/bin/../libexec/gcc/arm-none-eabi/14.2.0/cc1 -quiet <flags> -o build/emerald-test/src/difficulty.o src/difficulty.c
/home/eddie/devkitpro/opt/devkitpro/devkitARM/bin/../libexec/gcc/arm-none-eabi/14.2.0/cc1 -quiet <flags> -o build/emerald-test/src/digit_obj_util.o src/digit_obj_util.c
/home/eddie/devkitpro/opt/devkitpro/devkitARM/bin/../libexec/gcc/arm-none-eabi/14.2.0/cc1 -quiet <flags> -o build/emerald-test/src/diploma.o src/diploma.c
/home/eddie/devkitpro/opt/devkitpro/devkitARM/bin/../libexec/gcc/arm-none-eabi/14.2.0/cc1 -quiet <flags> -o build/emerald-test/src/dma3_manager.o src/dma3_manager.c
/home/eddie/devkitpro/opt/devkitpro/devkitARM/bin/../libexec/gcc/arm-none-eabi/14.2.0/cc1 -quiet <flags> -o build/emerald-test/src/dodrio_berry_picking.o src/dodrio_berry_picking.c
/home/eddie/devkitpro/opt/devkitpro/devkitARM/bin/../libexec/gcc/arm-none-eabi/14.2.0/cc1 -quiet <flags> -o build/emerald-test/src/dynamic_placeholder_text_util.o src/dynamic_placeholder_text_util.c
/home/eddie/devkitpro/opt/devkitpro/devkitARM/bin/../libexec/gcc/arm-none-eabi/14.2.0/cc1 -quiet <flags> -o build/emerald-test/src/easy_chat.o src/easy_chat.c
/home/eddie/devkitpro/opt/devkitpro/devkitARM/bin/../libexec/gcc/arm-none-eabi/14.2.0/cc1 -quiet <flags> -o build/emerald-test/src/egg_hatch.o src/egg_hatch.c
/home/eddie/devkitpro/opt/devkitpro/devkitARM/bin/../libexec/gcc/arm-none-eabi/14.2.0/cc1 -quiet <flags> -o build/emerald-test/src/ereader_helpers.o src/ereader_helpers.c
/home/eddie/devkitpro/opt/devkitpro/devkitARM/bin/../libexec/gcc/arm-none-eabi/14.2.0/cc1 -quiet <flags> -o build/emerald-test/src/ereader_screen.o src/ereader_screen.c
/home/eddie/devkitpro/opt/devkitpro/devkitARM/bin/../libexec/gcc/arm-none-eabi/14.2.0/cc1 -quiet <flags> -o build/emerald-test/src/event_data.o src/event_data.c
/home/eddie/devkitpro/opt/devkitpro/devkitARM/bin/../libexec/gcc/arm-none-eabi/14.2.0/cc1 -quiet <flags> -o build/emerald-test/src/event_object_lock.o src/event_object_lock.c
/home/eddie/devkitpro/opt/devkitpro/devkitARM/bin/../libexec/gcc/arm-none-eabi/14.2.0/cc1 -quiet <flags> -o build/emerald-test/src/event_object_movement.o src/event_object_movement.c
/home/eddie/devkitpro/opt/devkitpro/devkitARM/bin/../libexec/gcc/arm-none-eabi/14.2.0/cc1 -quiet <flags> -o build/emerald-test/src/evolution_graphics.o src/evolution_graphics.c
/home/eddie/devkitpro/opt/devkitpro/devkitARM/bin/../libexec/gcc/arm-none-eabi/14.2.0/cc1 -quiet <flags> -o build/emerald-test/src/evolution_scene.o src/evolution_scene.c
/home/eddie/devkitpro/opt/devkitpro/devkitARM/bin/../libexec/gcc/arm-none-eabi/14.2.0/cc1 -quiet <flags> -o build/emerald-test/src/expansion_intro.o src/expansion_intro.c
/home/eddie/devkitpro/opt/devkitpro/devkitARM/bin/../libexec/gcc/arm-none-eabi/14.2.0/cc1 -quiet <flags> -o build/emerald-test/src/fake_rtc.o src/fake_rtc.c
/home/eddie/devkitpro/opt/devkitpro/devkitARM/bin/../libexec/gcc/arm-none-eabi/14.2.0/cc1 -quiet <flags> -o build/emerald-test/src/fame_checker.o src/fame_checker.c
/home/eddie/devkitpro/opt/devkitpro/devkitARM/bin/../libexec/gcc/arm-none-eabi/14.2.0/cc1 -quiet <flags> -o build/emerald-test/src/faraway_island.o src/faraway_island.c
/home/eddie/devkitpro/opt/devkitpro/devkitARM/bin/../libexec/gcc/arm-none-eabi/14.2.0/cc1 -quiet <flags> -o build/emerald-test/src/field_camera.o src/field_camera.c
/home/eddie/devkitpro/opt/devkitpro/devkitARM/bin/../libexec/gcc/arm-none-eabi/14.2.0/cc1 -quiet <flags> -o build/emerald-test/src/field_control_avatar.o src/field_control_avatar.c
/home/eddie/devkitpro/opt/devkitpro/devkitARM/bin/../libexec/gcc/arm-none-eabi/14.2.0/cc1 -quiet <flags> -o build/emerald-test/src/field_door.o src/field_door.c
/home/eddie/devkitpro/opt/devkitpro/devkitARM/bin/../libexec/gcc/arm-none-eabi/14.2.0/cc1 -quiet <flags> -o build/emerald-test/src/field_effect.o src/field_effect.c
/home/eddie/devkitpro/opt/devkitpro/devkitARM/bin/../libexec/gcc/arm-none-eabi/14.2.0/cc1 -quiet <flags> -o build/emerald-test/src/field_effect_helpers.o src/field_effect_helpers.c
/home/eddie/devkitpro/opt/devkitpro/devkitARM/bin/../libexec/gcc/arm-none-eabi/14.2.0/cc1 -quiet <flags> -o build/emerald-test/src/fieldmap.o src/fieldmap.c
/home/eddie/devkitpro/opt/devkitpro/devkitARM/bin/../libexec/gcc/arm-none-eabi/14.2.0/cc1 -quiet <flags> -o build/emerald-test/src/field_message_box.o src/field_message_box.c
/home/eddie/devkitpro/opt/devkitpro/devkitARM/bin/../libexec/gcc/arm-none-eabi/14.2.0/cc1 -quiet <flags> -o build/emerald-test/src/field_move.o src/field_move.c
/home/eddie/devkitpro/opt/devkitpro/devkitARM/bin/../libexec/gcc/arm-none-eabi/14.2.0/cc1 -quiet <flags> -o build/emerald-test/src/field_name_box.o src/field_name_box.c
/home/eddie/devkitpro/opt/devkitpro/devkitARM/bin/../libexec/gcc/arm-none-eabi/14.2.0/cc1 -quiet <flags> -o build/emerald-test/src/field_player_avatar.o src/field_player_avatar.c
/home/eddie/devkitpro/opt/devkitpro/devkitARM/bin/../libexec/gcc/arm-none-eabi/14.2.0/cc1 -quiet <flags> -o build/emerald-test/src/field_poison.o src/field_poison.c
/home/eddie/devkitpro/opt/devkitpro/devkitARM/bin/../libexec/gcc/arm-none-eabi/14.2.0/cc1 -quiet <flags> -o build/emerald-test/src/field_region_map.o src/field_region_map.c
/home/eddie/devkitpro/opt/devkitpro/devkitARM/bin/../libexec/gcc/arm-none-eabi/14.2.0/cc1 -quiet <flags> -o build/emerald-test/src/field_screen_effect.o src/field_screen_effect.c
/home/eddie/devkitpro/opt/devkitpro/devkitARM/bin/../libexec/gcc/arm-none-eabi/14.2.0/cc1 -quiet <flags> -o build/emerald-test/src/field_specials.o src/field_specials.c
/home/eddie/devkitpro/opt/devkitpro/devkitARM/bin/../libexec/gcc/arm-none-eabi/14.2.0/cc1 -quiet <flags> -o build/emerald-test/src/field_special_scene.o src/field_special_scene.c
/home/eddie/devkitpro/opt/devkitpro/devkitARM/bin/../libexec/gcc/arm-none-eabi/14.2.0/cc1 -quiet <flags> -o build/emerald-test/src/field_tasks.o src/field_tasks.c
/home/eddie/devkitpro/opt/devkitpro/devkitARM/bin/../libexec/gcc/arm-none-eabi/14.2.0/cc1 -quiet <flags> -o build/emerald-test/src/field_weather.o src/field_weather.c
/home/eddie/devkitpro/opt/devkitpro/devkitARM/bin/../libexec/gcc/arm-none-eabi/14.2.0/cc1 -quiet <flags> -o build/emerald-test/src/field_weather_effect.o src/field_weather_effect.c
/home/eddie/devkitpro/opt/devkitpro/devkitARM/bin/../libexec/gcc/arm-none-eabi/14.2.0/cc1 -quiet <flags> -o build/emerald-test/src/fishing.o src/fishing.c
/home/eddie/devkitpro/opt/devkitpro/devkitARM/bin/../libexec/gcc/arm-none-eabi/14.2.0/cc1 -quiet <flags> -o build/emerald-test/src/fldeff_cut.o src/fldeff_cut.c
/home/eddie/devkitpro/opt/devkitpro/devkitARM/bin/../libexec/gcc/arm-none-eabi/14.2.0/cc1 -quiet <flags> -o build/emerald-test/src/fldeff_defog.o src/fldeff_defog.c
/home/eddie/devkitpro/opt/devkitpro/devkitARM/bin/../libexec/gcc/arm-none-eabi/14.2.0/cc1 -quiet <flags> -o build/emerald-test/src/fldeff_dig.o src/fldeff_dig.c
/home/eddie/devkitpro/opt/devkitpro/devkitARM/bin/../libexec/gcc/arm-none-eabi/14.2.0/cc1 -quiet <flags> -o build/emerald-test/src/fldeff_escalator.o src/fldeff_escalator.c
/home/eddie/devkitpro/opt/devkitpro/devkitARM/bin/../libexec/gcc/arm-none-eabi/14.2.0/cc1 -quiet <flags> -o build/emerald-test/src/fldeff_flash.o src/fldeff_flash.c
/home/eddie/devkitpro/opt/devkitpro/devkitARM/bin/../libexec/gcc/arm-none-eabi/14.2.0/cc1 -quiet <flags> -o build/emerald-test/src/fldeff_misc.o src/fldeff_misc.c
/home/eddie/devkitpro/opt/devkitpro/devkitARM/bin/../libexec/gcc/arm-none-eabi/14.2.0/cc1 -quiet <flags> -o build/emerald-test/src/fldeff_rocksmash.o src/fldeff_rocksmash.c
/home/eddie/devkitpro/opt/devkitpro/devkitARM/bin/../libexec/gcc/arm-none-eabi/14.2.0/cc1 -quiet <flags> -o build/emerald-test/src/fldeff_softboiled.o src/fldeff_softboiled.c
/home/eddie/devkitpro/opt/devkitpro/devkitARM/bin/../libexec/gcc/arm-none-eabi/14.2.0/cc1 -quiet <flags> -o build/emerald-test/src/fldeff_strength.o src/fldeff_strength.c
/home/eddie/devkitpro/opt/devkitpro/devkitARM/bin/../libexec/gcc/arm-none-eabi/14.2.0/cc1 -quiet <flags> -o build/emerald-test/src/fldeff_sweetscent.o src/fldeff_sweetscent.c
/home/eddie/devkitpro/opt/devkitpro/devkitARM/bin/../libexec/gcc/arm-none-eabi/14.2.0/cc1 -quiet <flags> -o build/emerald-test/src/fldeff_teleport.o src/fldeff_teleport.c
/home/eddie/devkitpro/opt/devkitpro/devkitARM/bin/../libexec/gcc/arm-none-eabi/14.2.0/cc1 -quiet <flags> -o build/emerald-test/src/follower_helper.o src/follower_helper.c
/home/eddie/devkitpro/opt/devkitpro/devkitARM/bin/../libexec/gcc/arm-none-eabi/14.2.0/cc1 -quiet <flags> -o build/emerald-test/src/follower_npc.o src/follower_npc.c
/home/eddie/devkitpro/opt/devkitpro/devkitARM/bin/../libexec/gcc/arm-none-eabi/14.2.0/cc1 -quiet <flags> -o build/emerald-test/src/fonts.o src/fonts.c
/home/eddie/devkitpro/opt/devkitpro/devkitARM/bin/../libexec/gcc/arm-none-eabi/14.2.0/cc1 -quiet <flags> -o build/emerald-test/src/frontier_pass.o src/frontier_pass.c
/home/eddie/devkitpro/opt/devkitpro/devkitARM/bin/../libexec/gcc/arm-none-eabi/14.2.0/cc1 -quiet <flags> -o build/emerald-test/src/frontier_util.o src/frontier_util.c
/home/eddie/devkitpro/opt/devkitpro/devkitARM/bin/../libexec/gcc/arm-none-eabi/14.2.0/cc1 -quiet <flags> -o build/emerald-test/src/give_gift_ribbon_to_party.o src/give_gift_ribbon_to_party.c
/home/eddie/devkitpro/opt/devkitpro/devkitARM/bin/../libexec/gcc/arm-none-eabi/14.2.0/cc1 -quiet <flags> -o build/emerald-test/src/gpu_regs.o src/gpu_regs.c
/home/eddie/devkitpro/opt/devkitpro/devkitARM/bin/../libexec/gcc/arm-none-eabi/14.2.0/cc1 -quiet <flags> -o build/emerald-test/src/graphics.o src/graphics.c
/home/eddie/devkitpro/opt/devkitpro/devkitARM/bin/../libexec/gcc/arm-none-eabi/14.2.0/cc1 -quiet <flags> -o build/emerald-test/src/gym_leader_rematch.o src/gym_leader_rematch.c
/home/eddie/devkitpro/opt/devkitpro/devkitARM/bin/../libexec/gcc/arm-none-eabi/14.2.0/cc1 -quiet <flags> -o build/emerald-test/src/hall_of_fame.o src/hall_of_fame.c
/home/eddie/devkitpro/opt/devkitpro/devkitARM/bin/../libexec/gcc/arm-none-eabi/14.2.0/cc1 -quiet <flags> -o build/emerald-test/src/hall_of_fame_frlg.o src/hall_of_fame_frlg.c
/home/eddie/devkitpro/opt/devkitpro/devkitARM/bin/../libexec/gcc/arm-none-eabi/14.2.0/cc1 -quiet <flags> -o build/emerald-test/src/heal_location.o src/heal_location.c
/home/eddie/devkitpro/opt/devkitpro/devkitARM/bin/../libexec/gcc/arm-none-eabi/14.2.0/cc1 -quiet <flags> -o build/emerald-test/src/hof_pc.o src/hof_pc.c
/home/eddie/devkitpro/opt/devkitpro/devkitARM/bin/../libexec/gcc/arm-none-eabi/14.2.0/cc1 -quiet <flags> -o build/emerald-test/src/image_processing_effects.o src/image_processing_effects.c
/home/eddie/devkitpro/opt/devkitpro/devkitARM/bin/../libexec/gcc/arm-none-eabi/14.2.0/cc1 -quiet <flags> -o build/emerald-test/src/international_string_util.o src/international_string_util.c
/home/eddie/devkitpro/opt/devkitpro/devkitARM/bin/../libexec/gcc/arm-none-eabi/14.2.0/cc1 -quiet <flags> -o build/emerald-test/src/intro.o src/intro.c
/home/eddie/devkitpro/opt/devkitpro/devkitARM/bin/../libexec/gcc/arm-none-eabi/14.2.0/cc1 -quiet <flags> -o build/emerald-test/src/intro_credits_graphics.o src/intro_credits_graphics.c
/home/eddie/devkitpro/opt/devkitpro/devkitARM/bin/../libexec/gcc/arm-none-eabi/14.2.0/cc1 -quiet <flags> -o build/emerald-test/src/intro_frlg.o src/intro_frlg.c
/home/eddie/devkitpro/opt/devkitpro/devkitARM/bin/../libexec/gcc/arm-none-eabi/14.2.0/cc1 -quiet <flags> -o build/emerald-test/src/io_reg.o src/io_reg.c
/home/eddie/devkitpro/opt/devkitpro/devkitARM/bin/../libexec/gcc/arm-none-eabi/14.2.0/cc1 -quiet <flags> -o build/emerald-test/src/item_ball.o src/item_ball.c
/home/eddie/devkitpro/opt/devkitpro/devkitARM/bin/../libexec/gcc/arm-none-eabi/14.2.0/cc1 -quiet <flags> -o build/emerald-test/src/item.o src/item.c
/home/eddie/devkitpro/opt/devkitpro/devkitARM/bin/../libexec/gcc/arm-none-eabi/14.2.0/cc1 -quiet <flags> -o build/emerald-test/src/item_icon.o src/item_icon.c
/home/eddie/devkitpro/opt/devkitpro/devkitARM/bin/../libexec/gcc/arm-none-eabi/14.2.0/cc1 -quiet <flags> -o build/emerald-test/src/item_menu.o src/item_menu.c
/home/eddie/devkitpro/opt/devkitpro/devkitARM/bin/../libexec/gcc/arm-none-eabi/14.2.0/cc1 -quiet <flags> -o build/emerald-test/src/item_menu_icons.o src/item_menu_icons.c
/home/eddie/devkitpro/opt/devkitpro/devkitARM/bin/../libexec/gcc/arm-none-eabi/14.2.0/cc1 -quiet <flags> -o build/emerald-test/src/item_use.o src/item_use.c
/home/eddie/devkitpro/opt/devkitpro/devkitARM/bin/../libexec/gcc/arm-none-eabi/14.2.0/cc1 -quiet <flags> -o build/emerald-test/src/landmark.o src/landmark.c
/home/eddie/devkitpro/opt/devkitpro/devkitARM/bin/../libexec/gcc/arm-none-eabi/14.2.0/cc1 -quiet <flags> -o build/emerald-test/src/librfu_intr.o src/librfu_intr.c
/home/eddie/devkitpro/opt/devkitpro/devkitARM/bin/../libexec/gcc/arm-none-eabi/14.2.0/cc1 -quiet <flags> -o build/emerald-test/src/librfu_rfu.o src/librfu_rfu.c
/home/eddie/devkitpro/opt/devkitpro/devkitARM/bin/../libexec/gcc/arm-none-eabi/14.2.0/cc1 -quiet <flags> -o build/emerald-test/src/librfu_sio32id.o src/librfu_sio32id.c
/home/eddie/devkitpro/opt/devkitpro/devkitARM/bin/../libexec/gcc/arm-none-eabi/14.2.0/cc1 -quiet <flags> -o build/emerald-test/src/librfu_stwi.o src/librfu_stwi.c
/home/eddie/devkitpro/opt/devkitpro/devkitARM/bin/../libexec/gcc/arm-none-eabi/14.2.0/cc1 -quiet <flags> -o build/emerald-test/src/lilycove_lady.o src/lilycove_lady.c
/home/eddie/devkitpro/opt/devkitpro/devkitARM/bin/../libexec/gcc/arm-none-eabi/14.2.0/cc1 -quiet <flags> -o build/emerald-test/src/line_break.o src/line_break.c
/home/eddie/devkitpro/opt/devkitpro/devkitARM/bin/../libexec/gcc/arm-none-eabi/14.2.0/cc1 -quiet <flags> -o build/emerald-test/src/link.o src/link.c
/home/eddie/devkitpro/opt/devkitpro/devkitARM/bin/../libexec/gcc/arm-none-eabi/14.2.0/cc1 -quiet <flags> -o build/emerald-test/src/link_rfu_2.o src/link_rfu_2.c
/home/eddie/devkitpro/opt/devkitpro/devkitARM/bin/../libexec/gcc/arm-none-eabi/14.2.0/cc1 -quiet <flags> -o build/emerald-test/src/link_rfu_3.o src/link_rfu_3.c
/home/eddie/devkitpro/opt/devkitpro/devkitARM/bin/../libexec/gcc/arm-none-eabi/14.2.0/cc1 -quiet <flags> -o build/emerald-test/src/list_menu.o src/list_menu.c
/home/eddie/devkitpro/opt/devkitpro/devkitARM/bin/../libexec/gcc/arm-none-eabi/14.2.0/cc1 -quiet <flags> -o build/emerald-test/src/load_save.o src/load_save.c
/home/eddie/devkitpro/opt/devkitpro/devkitARM/bin/../libexec/gcc/arm-none-eabi/14.2.0/cc1 -quiet <flags> -o build/emerald-test/src/lottery_corner.o src/lottery_corner.c
/home/eddie/devkitpro/opt/devkitpro/devkitARM/bin/../libexec/gcc/arm-none-eabi/14.2.0/cc1 -quiet <flags> -o build/emerald-test/src/m4a.o src/m4a.c
/home/eddie/devkitpro/opt/devkitpro/devkitARM/bin/../libexec/gcc/arm-none-eabi/14.2.0/cc1 -quiet <flags> -o build/emerald-test/src/mail.o src/mail.c
/home/eddie/devkitpro/opt/devkitpro/devkitARM/bin/../libexec/gcc/arm-none-eabi/14.2.0/cc1 -quiet <flags> -o build/emerald-test/src/mail_data.o src/mail_data.c
/home/eddie/devkitpro/opt/devkitpro/devkitARM/bin/../libexec/gcc/arm-none-eabi/14.2.0/cc1 -quiet <flags> -o build/emerald-test/src/main.o src/main.c
/home/eddie/devkitpro/opt/devkitpro/devkitARM/bin/../libexec/gcc/arm-none-eabi/14.2.0/cc1 -quiet <flags> -o build/emerald-test/src/main_menu.o src/main_menu.c
/home/eddie/devkitpro/opt/devkitpro/devkitARM/bin/../libexec/gcc/arm-none-eabi/14.2.0/cc1 -quiet <flags> -o build/emerald-test/src/malloc.o src/malloc.c
/home/eddie/devkitpro/opt/devkitpro/devkitARM/bin/../libexec/gcc/arm-none-eabi/14.2.0/cc1 -quiet <flags> -o build/emerald-test/src/map_name_popup.o src/map_name_popup.c
/home/eddie/devkitpro/opt/devkitpro/devkitARM/bin/../libexec/gcc/arm-none-eabi/14.2.0/cc1 -quiet <flags> -o build/emerald-test/src/map_preview_screen.o src/map_preview_screen.c
/home/eddie/devkitpro/opt/devkitpro/devkitARM/bin/../libexec/gcc/arm-none-eabi/14.2.0/cc1 -quiet <flags> -o build/emerald-test/src/match_call.o src/match_call.c
/home/eddie/devkitpro/opt/devkitpro/devkitARM/bin/../libexec/gcc/arm-none-eabi/14.2.0/cc1 -quiet <flags> -o build/emerald-test/src/math_util.o src/math_util.c
/home/eddie/devkitpro/opt/devkitpro/devkitARM/bin/../libexec/gcc/arm-none-eabi/14.2.0/cc1 -quiet <flags> -o build/emerald-test/src/mauville_old_man.o src/mauville_old_man.c
/home/eddie/devkitpro/opt/devkitpro/devkitARM/bin/../libexec/gcc/arm-none-eabi/14.2.0/cc1 -quiet <flags> -o build/emerald-test/src/menu.o src/menu.c
/home/eddie/devkitpro/opt/devkitpro/devkitARM/bin/../libexec/gcc/arm-none-eabi/14.2.0/cc1 -quiet <flags> -o build/emerald-test/src/menu_helpers.o src/menu_helpers.c
/home/eddie/devkitpro/opt/devkitpro/devkitARM/bin/../libexec/gcc/arm-none-eabi/14.2.0/cc1 -quiet <flags> -o build/emerald-test/src/menu_specialized.o src/menu_specialized.c
/home/eddie/devkitpro/opt/devkitpro/devkitARM/bin/../libexec/gcc/arm-none-eabi/14.2.0/cc1 -quiet <flags> -o build/emerald-test/src/metatile_behavior.o src/metatile_behavior.c
/home/eddie/devkitpro/opt/devkitpro/devkitARM/bin/../libexec/gcc/arm-none-eabi/14.2.0/cc1 -quiet <flags> -o build/emerald-test/src/minigame_countdown.o src/minigame_countdown.c
/home/eddie/devkitpro/opt/devkitpro/devkitARM/bin/../libexec/gcc/arm-none-eabi/14.2.0/cc1 -quiet <flags> -o build/emerald-test/src/mini_printf.o src/mini_printf.c
/home/eddie/devkitpro/opt/devkitpro/devkitARM/bin/../libexec/gcc/arm-none-eabi/14.2.0/cc1 -quiet <flags> -o build/emerald-test/src/mirage_tower.o src/mirage_tower.c
/home/eddie/devkitpro/opt/devkitpro/devkitARM/bin/../libexec/gcc/arm-none-eabi/14.2.0/cc1 -quiet <flags> -o build/emerald-test/src/money.o src/money.c
/home/eddie/devkitpro/opt/devkitpro/devkitARM/bin/../libexec/gcc/arm-none-eabi/14.2.0/cc1 -quiet <flags> -o build/emerald-test/src/mon_markings.o src/mon_markings.c
/home/eddie/devkitpro/opt/devkitpro/devkitARM/bin/../libexec/gcc/arm-none-eabi/14.2.0/cc1 -quiet <flags> -o build/emerald-test/src/move.o src/move.c
/home/eddie/devkitpro/opt/devkitpro/devkitARM/bin/../libexec/gcc/arm-none-eabi/14.2.0/cc1 -quiet <flags> -o build/emerald-test/src/move_relearner.o src/move_relearner.c
/home/eddie/devkitpro/opt/devkitpro/devkitARM/bin/../libexec/gcc/arm-none-eabi/14.2.0/cc1 -quiet <flags> -o build/emerald-test/src/multiboot.o src/multiboot.c
/home/eddie/devkitpro/opt/devkitpro/devkitARM/bin/../libexec/gcc/arm-none-eabi/14.2.0/cc1 -quiet <flags> -o build/emerald-test/src/mystery_event_menu.o src/mystery_event_menu.c
/home/eddie/devkitpro/opt/devkitpro/devkitARM/bin/../libexec/gcc/arm-none-eabi/14.2.0/cc1 -quiet <flags> -o build/emerald-test/src/mystery_event_msg.o src/mystery_event_msg.c
/home/eddie/devkitpro/opt/devkitpro/devkitARM/bin/../libexec/gcc/arm-none-eabi/14.2.0/cc1 -quiet <flags> -o build/emerald-test/src/mystery_event_script.o src/mystery_event_script.c
/home/eddie/devkitpro/opt/devkitpro/devkitARM/bin/../libexec/gcc/arm-none-eabi/14.2.0/cc1 -quiet <flags> -o build/emerald-test/src/mystery_gift.o src/mystery_gift.c
/home/eddie/devkitpro/opt/devkitpro/devkitARM/bin/../libexec/gcc/arm-none-eabi/14.2.0/cc1 -quiet <flags> -o build/emerald-test/src/mystery_gift_client.o src/mystery_gift_client.c
/home/eddie/devkitpro/opt/devkitpro/devkitARM/bin/../libexec/gcc/arm-none-eabi/14.2.0/cc1 -quiet <flags> -o build/emerald-test/src/mystery_gift_link.o src/mystery_gift_link.c
/home/eddie/devkitpro/opt/devkitpro/devkitARM/bin/../libexec/gcc/arm-none-eabi/14.2.0/cc1 -quiet <flags> -o build/emerald-test/src/mystery_gift_menu.o src/mystery_gift_menu.c
/home/eddie/devkitpro/opt/devkitpro/devkitARM/bin/../libexec/gcc/arm-none-eabi/14.2.0/cc1 -quiet <flags> -o build/emerald-test/src/mystery_gift_scripts.o src/mystery_gift_scripts.c
/home/eddie/devkitpro/opt/devkitpro/devkitARM/bin/../libexec/gcc/arm-none-eabi/14.2.0/cc1 -quiet <flags> -o build/emerald-test/src/mystery_gift_server.o src/mystery_gift_server.c
/home/eddie/devkitpro/opt/devkitpro/devkitARM/bin/../libexec/gcc/arm-none-eabi/14.2.0/cc1 -quiet <flags> -o build/emerald-test/src/mystery_gift_view.o src/mystery_gift_view.c
/home/eddie/devkitpro/opt/devkitpro/devkitARM/bin/../libexec/gcc/arm-none-eabi/14.2.0/cc1 -quiet <flags> -o build/emerald-test/src/naming_screen.o src/naming_screen.c
/home/eddie/devkitpro/opt/devkitpro/devkitARM/bin/../libexec/gcc/arm-none-eabi/14.2.0/cc1 -quiet <flags> -o build/emerald-test/src/new_game.o src/new_game.c
/home/eddie/devkitpro/opt/devkitpro/devkitARM/bin/../libexec/gcc/arm-none-eabi/14.2.0/cc1 -quiet <flags> -o build/emerald-test/src/oak_speech.o src/oak_speech.c
/home/eddie/devkitpro/opt/devkitpro/devkitARM/bin/../libexec/gcc/arm-none-eabi/14.2.0/cc1 -quiet <flags> -o build/emerald-test/src/option_menu.o src/option_menu.c
/home/eddie/devkitpro/opt/devkitpro/devkitARM/bin/../libexec/gcc/arm-none-eabi/14.2.0/cc1 -quiet <flags> -o build/emerald-test/src/oras_dowse.o src/oras_dowse.c
/home/eddie/devkitpro/opt/devkitpro/devkitARM/bin/../libexec/gcc/arm-none-eabi/14.2.0/cc1 -quiet <flags> -o build/emerald-test/src/overworld.o src/overworld.c
/home/eddie/devkitpro/opt/devkitpro/devkitARM/bin/../libexec/gcc/arm-none-eabi/14.2.0/cc1 -quiet <flags> -o build/emerald-test/src/ow_abilities.o src/ow_abilities.c
/home/eddie/devkitpro/opt/devkitpro/devkitARM/bin/../libexec/gcc/arm-none-eabi/14.2.0/cc1 -quiet <flags> -o build/emerald-test/src/palette.o src/palette.c
/home/eddie/devkitpro/opt/devkitpro/devkitARM/bin/../libexec/gcc/arm-none-eabi/14.2.0/cc1 -quiet <flags> -o build/emerald-test/src/palette_util.o src/palette_util.c
/home/eddie/devkitpro/opt/devkitpro/devkitARM/bin/../libexec/gcc/arm-none-eabi/14.2.0/cc1 -quiet <flags> -o build/emerald-test/src/party_menu.o src/party_menu.c
/home/eddie/devkitpro/opt/devkitpro/devkitARM/bin/../libexec/gcc/arm-none-eabi/14.2.0/cc1 -quiet <flags> -o build/emerald-test/src/player_pc.o src/player_pc.c
/home/eddie/devkitpro/opt/devkitpro/devkitARM/bin/../libexec/gcc/arm-none-eabi/14.2.0/cc1 -quiet <flags> -o build/emerald-test/src/play_time.o src/play_time.c
/home/eddie/devkitpro/opt/devkitpro/devkitARM/bin/../libexec/gcc/arm-none-eabi/14.2.0/cc1 -quiet <flags> -o build/emerald-test/src/pokeball.o src/pokeball.c
/home/eddie/devkitpro/opt/devkitpro/devkitARM/bin/../libexec/gcc/arm-none-eabi/14.2.0/cc1 -quiet <flags> -o build/emerald-test/src/pokeblock.o src/pokeblock.c
/home/eddie/devkitpro/opt/devkitpro/devkitARM/bin/../libexec/gcc/arm-none-eabi/14.2.0/cc1 -quiet <flags> -o build/emerald-test/src/pokeblock_feed.o src/pokeblock_feed.c
/home/eddie/devkitpro/opt/devkitpro/devkitARM/bin/../libexec/gcc/arm-none-eabi/14.2.0/cc1 -quiet <flags> -o build/emerald-test/src/pokedex_area_region_map.o src/pokedex_area_region_map.c
/home/eddie/devkitpro/opt/devkitpro/devkitARM/bin/../libexec/gcc/arm-none-eabi/14.2.0/cc1 -quiet <flags> -o build/emerald-test/src/pokedex_area_screen.o src/pokedex_area_screen.c
/home/eddie/devkitpro/opt/devkitpro/devkitARM/bin/../libexec/gcc/arm-none-eabi/14.2.0/cc1 -quiet <flags> -o build/emerald-test/src/pokedex.o src/pokedex.c
/home/eddie/devkitpro/opt/devkitpro/devkitARM/bin/../libexec/gcc/arm-none-eabi/14.2.0/cc1 -quiet <flags> -o build/emerald-test/src/pokedex_cry_screen.o src/pokedex_cry_screen.c
/home/eddie/devkitpro/opt/devkitpro/devkitARM/bin/../libexec/gcc/arm-none-eabi/14.2.0/cc1 -quiet <flags> -o build/emerald-test/src/pokedex_plus_hgss.o src/pokedex_plus_hgss.c
/home/eddie/devkitpro/opt/devkitpro/devkitARM/bin/../libexec/gcc/arm-none-eabi/14.2.0/cc1 -quiet <flags> -o build/emerald-test/src/pokemon_animation.o src/pokemon_animation.c
/home/eddie/devkitpro/opt/devkitpro/devkitARM/bin/../libexec/gcc/arm-none-eabi/14.2.0/cc1 -quiet <flags> -o build/emerald-test/src/pokemon.o src/pokemon.c
/home/eddie/devkitpro/opt/devkitpro/devkitARM/bin/../libexec/gcc/arm-none-eabi/14.2.0/cc1 -quiet <flags> -o build/emerald-test/src/pokemon_icon.o src/pokemon_icon.c
/home/eddie/devkitpro/opt/devkitpro/devkitARM/bin/../libexec/gcc/arm-none-eabi/14.2.0/cc1 -quiet <flags> -o build/emerald-test/src/pokemon_jump.o src/pokemon_jump.c
/home/eddie/devkitpro/opt/devkitpro/devkitARM/bin/../libexec/gcc/arm-none-eabi/14.2.0/cc1 -quiet <flags> -o build/emerald-test/src/pokemon_size_record.o src/pokemon_size_record.c
/home/eddie/devkitpro/opt/devkitpro/devkitARM/bin/../libexec/gcc/arm-none-eabi/14.2.0/cc1 -quiet <flags> -o build/emerald-test/src/pokemon_spots.o src/pokemon_spots.c
/home/eddie/devkitpro/opt/devkitpro/devkitARM/bin/../libexec/gcc/arm-none-eabi/14.2.0/cc1 -quiet <flags> -o build/emerald-test/src/pokemon_sprite_visualizer.o src/pokemon_sprite_visualizer.c
/home/eddie/devkitpro/opt/devkitpro/devkitARM/bin/../libexec/gcc/arm-none-eabi/14.2.0/cc1 -quiet <flags> -o build/emerald-test/src/pokemon_storage_system.o src/pokemon_storage_system.c
/home/eddie/devkitpro/opt/devkitpro/devkitARM/bin/../libexec/gcc/arm-none-eabi/14.2.0/cc1 -quiet <flags> -o build/emerald-test/src/pokemon_summary_screen.o src/pokemon_summary_screen.c
/home/eddie/devkitpro/opt/devkitpro/devkitARM/bin/../libexec/gcc/arm-none-eabi/14.2.0/cc1 -quiet <flags> -o build/emerald-test/src/pokenav.o src/pokenav.c
/home/eddie/devkitpro/opt/devkitpro/devkitARM/bin/../libexec/gcc/arm-none-eabi/14.2.0/cc1 -quiet <flags> -o build/emerald-test/src/pokenav_conditions.o src/pokenav_conditions.c
/home/eddie/devkitpro/opt/devkitpro/devkitARM/bin/../libexec/gcc/arm-none-eabi/14.2.0/cc1 -quiet <flags> -o build/emerald-test/src/pokenav_conditions_gfx.o src/pokenav_conditions_gfx.c
/home/eddie/devkitpro/opt/devkitpro/devkitARM/bin/../libexec/gcc/arm-none-eabi/14.2.0/cc1 -quiet <flags> -o build/emerald-test/src/pokenav_conditions_search_results.o src/pokenav_conditions_search_results.c
/home/eddie/devkitpro/opt/devkitpro/devkitARM/bin/../libexec/gcc/arm-none-eabi/14.2.0/cc1 -quiet <flags> -o build/emerald-test/src/pokenav_list.o src/pokenav_list.c
/home/eddie/devkitpro/opt/devkitpro/devkitARM/bin/../libexec/gcc/arm-none-eabi/14.2.0/cc1 -quiet <flags> -o build/emerald-test/src/pokenav_main_menu.o src/pokenav_main_menu.c
/home/eddie/devkitpro/opt/devkitpro/devkitARM/bin/../libexec/gcc/arm-none-eabi/14.2.0/cc1 -quiet <flags> -o build/emerald-test/src/pokenav_match_call_data.o src/pokenav_match_call_data.c
/home/eddie/devkitpro/opt/devkitpro/devkitARM/bin/../libexec/gcc/arm-none-eabi/14.2.0/cc1 -quiet <flags> -o build/emerald-test/src/pokenav_match_call_gfx.o src/pokenav_match_call_gfx.c
/home/eddie/devkitpro/opt/devkitpro/devkitARM/bin/../libexec/gcc/arm-none-eabi/14.2.0/cc1 -quiet <flags> -o build/emerald-test/src/pokenav_match_call_list.o src/pokenav_match_call_list.c
/home/eddie/devkitpro/opt/devkitpro/devkitARM/bin/../libexec/gcc/arm-none-eabi/14.2.0/cc1 -quiet <flags> -o build/emerald-test/src/pokenav_menu_handler.o src/pokenav_menu_handler.c
/home/eddie/devkitpro/opt/devkitpro/devkitARM/bin/../libexec/gcc/arm-none-eabi/14.2.0/cc1 -quiet <flags> -o build/emerald-test/src/pokenav_menu_handler_gfx.o src/pokenav_menu_handler_gfx.c
/home/eddie/devkitpro/opt/devkitpro/devkitARM/bin/../libexec/gcc/arm-none-eabi/14.2.0/cc1 -quiet <flags> -o build/emerald-test/src/pokenav_region_map.o src/pokenav_region_map.c
/home/eddie/devkitpro/opt/devkitpro/devkitARM/bin/../libexec/gcc/arm-none-eabi/14.2.0/cc1 -quiet <flags> -o build/emerald-test/src/pokenav_ribbons_list.o src/pokenav_ribbons_list.c
/home/eddie/devkitpro/opt/devkitpro/devkitARM/bin/../libexec/gcc/arm-none-eabi/14.2.0/cc1 -quiet <flags> -o build/emerald-test/src/pokenav_ribbons_summary.o src/pokenav_ribbons_summary.c
/home/eddie/devkitpro/opt/devkitpro/devkitARM/bin/../libexec/gcc/arm-none-eabi/14.2.0/cc1 -quiet <flags> -o build/emerald-test/src/pokerus.o src/pokerus.c
/home/eddie/devkitpro/opt/devkitpro/devkitARM/bin/../libexec/gcc/arm-none-eabi/14.2.0/cc1 -quiet <flags> -o build/emerald-test/src/post_battle_event_funcs.o src/post_battle_event_funcs.c
/home/eddie/devkitpro/opt/devkitpro/devkitARM/bin/../libexec/gcc/arm-none-eabi/14.2.0/cc1 -quiet <flags> -o build/emerald-test/src/quickstart.o src/quickstart.c
/home/eddie/devkitpro/opt/devkitpro/devkitARM/bin/../libexec/gcc/arm-none-eabi/14.2.0/cc1 -quiet <flags> -o build/emerald-test/src/random.o src/random.c
/home/eddie/devkitpro/opt/devkitpro/devkitARM/bin/../libexec/gcc/arm-none-eabi/14.2.0/cc1 -quiet <flags> -o build/emerald-test/src/random_mon_generation.o src/random_mon_generation.c
/home/eddie/devkitpro/opt/devkitpro/devkitARM/bin/../libexec/gcc/arm-none-eabi/14.2.0/cc1 -quiet <flags> -o build/emerald-test/src/rayquaza_scene.o src/rayquaza_scene.c
/home/eddie/devkitpro/opt/devkitpro/devkitARM/bin/../libexec/gcc/arm-none-eabi/14.2.0/cc1 -quiet <flags> -o build/emerald-test/src/recorded_battle.o src/recorded_battle.c
/home/eddie/devkitpro/opt/devkitpro/devkitARM/bin/../libexec/gcc/arm-none-eabi/14.2.0/cc1 -quiet <flags> -o build/emerald-test/src/record_mixing.o src/record_mixing.c
/home/eddie/devkitpro/opt/devkitpro/devkitARM/bin/../libexec/gcc/arm-none-eabi/14.2.0/cc1 -quiet <flags> -o build/emerald-test/src/region_map.o src/region_map.c
/home/eddie/devkitpro/opt/devkitpro/devkitARM/bin/../libexec/gcc/arm-none-eabi/14.2.0/cc1 -quiet <flags> -o build/emerald-test/src/regions.o src/regions.c
/home/eddie/devkitpro/opt/devkitpro/devkitARM/bin/../libexec/gcc/arm-none-eabi/14.2.0/cc1 -quiet <flags> -o build/emerald-test/src/reload_save.o src/reload_save.c
/home/eddie/devkitpro/opt/devkitpro/devkitARM/bin/../libexec/gcc/arm-none-eabi/14.2.0/cc1 -quiet <flags> -o build/emerald-test/src/reset_rtc_screen.o src/reset_rtc_screen.c
/home/eddie/devkitpro/opt/devkitpro/devkitARM/bin/../libexec/gcc/arm-none-eabi/14.2.0/cc1 -quiet <flags> -o build/emerald-test/src/reshow_battle_screen.o src/reshow_battle_screen.c
/home/eddie/devkitpro/opt/devkitpro/devkitARM/bin/../libexec/gcc/arm-none-eabi/14.2.0/cc1 -quiet <flags> -o build/emerald-test/src/roamer.o src/roamer.c
/home/eddie/devkitpro/opt/devkitpro/devkitARM/bin/../libexec/gcc/arm-none-eabi/14.2.0/cc1 -quiet <flags> -o build/emerald-test/src/rom_header_gf.o src/rom_header_gf.c
/home/eddie/devkitpro/opt/devkitpro/devkitARM/bin/../libexec/gcc/arm-none-eabi/14.2.0/cc1 -quiet <flags> -o build/emerald-test/src/rom_header_rhh.o src/rom_header_rhh.c
/home/eddie/devkitpro/opt/devkitpro/devkitARM/bin/../libexec/gcc/arm-none-eabi/14.2.0/cc1 -quiet <flags> -o build/emerald-test/src/rotating_gate.o src/rotating_gate.c
/home/eddie/devkitpro/opt/devkitpro/devkitARM/bin/../libexec/gcc/arm-none-eabi/14.2.0/cc1 -quiet <flags> -o build/emerald-test/src/rotating_tile_puzzle.o src/rotating_tile_puzzle.c
/home/eddie/devkitpro/opt/devkitpro/devkitARM/bin/../libexec/gcc/arm-none-eabi/14.2.0/cc1 -quiet <flags> -o build/emerald-test/src/roulette.o src/roulette.c
/home/eddie/devkitpro/opt/devkitpro/devkitARM/bin/../libexec/gcc/arm-none-eabi/14.2.0/cc1 -quiet <flags> -o build/emerald-test/src/rtc.o src/rtc.c
/home/eddie/devkitpro/opt/devkitpro/devkitARM/bin/../libexec/gcc/arm-none-eabi/14.2.0/cc1 -quiet <flags> -o build/emerald-test/src/safari_zone.o src/safari_zone.c
/home/eddie/devkitpro/opt/devkitpro/devkitARM/bin/../libexec/gcc/arm-none-eabi/14.2.0/cc1 -quiet <flags> -o build/emerald-test/src/save.o src/save.c
/home/eddie/devkitpro/opt/devkitpro/devkitARM/bin/../libexec/gcc/arm-none-eabi/14.2.0/cc1 -quiet <flags> -o build/emerald-test/src/save_failed_screen.o src/save_failed_screen.c
/home/eddie/devkitpro/opt/devkitpro/devkitARM/bin/../libexec/gcc/arm-none-eabi/14.2.0/cc1 -quiet <flags> -o build/emerald-test/src/save_location.o src/save_location.c
/home/eddie/devkitpro/opt/devkitpro/devkitARM/bin/../libexec/gcc/arm-none-eabi/14.2.0/cc1 -quiet <flags> -o build/emerald-test/src/scanline_effect.o src/scanline_effect.c
/home/eddie/devkitpro/opt/devkitpro/devkitARM/bin/../libexec/gcc/arm-none-eabi/14.2.0/cc1 -quiet <flags> -o build/emerald-test/src/scrcmd.o src/scrcmd.c
/home/eddie/devkitpro/opt/devkitpro/devkitARM/bin/../libexec/gcc/arm-none-eabi/14.2.0/cc1 -quiet <flags> -o build/emerald-test/src/script.o src/script.c
/home/eddie/devkitpro/opt/devkitpro/devkitARM/bin/../libexec/gcc/arm-none-eabi/14.2.0/cc1 -quiet <flags> -o build/emerald-test/src/script_menu.o src/script_menu.c
/home/eddie/devkitpro/opt/devkitpro/devkitARM/bin/../libexec/gcc/arm-none-eabi/14.2.0/cc1 -quiet <flags> -o build/emerald-test/src/script_movement.o src/script_movement.c
/home/eddie/devkitpro/opt/devkitpro/devkitARM/bin/../libexec/gcc/arm-none-eabi/14.2.0/cc1 -quiet <flags> -o build/emerald-test/src/script_pokemon_util.o src/script_pokemon_util.c
/home/eddie/devkitpro/opt/devkitpro/devkitARM/bin/../libexec/gcc/arm-none-eabi/14.2.0/cc1 -quiet <flags> -o build/emerald-test/src/seagallop.o src/seagallop.c
/home/eddie/devkitpro/opt/devkitpro/devkitARM/bin/../libexec/gcc/arm-none-eabi/14.2.0/cc1 -quiet <flags> -o build/emerald-test/src/secret_base.o src/secret_base.c
/home/eddie/devkitpro/opt/devkitpro/devkitARM/bin/../libexec/gcc/arm-none-eabi/14.2.0/cc1 -quiet <flags> -o build/emerald-test/src/shop.o src/shop.c
/home/eddie/devkitpro/opt/devkitpro/devkitARM/bin/../libexec/gcc/arm-none-eabi/14.2.0/cc1 -quiet <flags> -o build/emerald-test/src/shop_criteria.o src/shop_criteria.c
/home/eddie/devkitpro/opt/devkitpro/devkitARM/bin/../libexec/gcc/arm-none-eabi/14.2.0/cc1 -quiet <flags> -o build/emerald-test/src/slot_machine.o src/slot_machine.c
/home/eddie/devkitpro/opt/devkitpro/devkitARM/bin/../libexec/gcc/arm-none-eabi/14.2.0/cc1 -quiet <flags> -o build/emerald-test/src/sound.o src/sound.c
/home/eddie/devkitpro/opt/devkitpro/devkitARM/bin/../libexec/gcc/arm-none-eabi/14.2.0/cc1 -quiet <flags> -o build/emerald-test/src/sprays.o src/sprays.c
/home/eddie/devkitpro/opt/devkitpro/devkitARM/bin/../libexec/gcc/arm-none-eabi/14.2.0/cc1 -quiet <flags> -o build/emerald-test/src/sprite.o src/sprite.c
/home/eddie/devkitpro/opt/devkitpro/devkitARM/bin/../libexec/gcc/arm-none-eabi/14.2.0/cc1 -quiet <flags> -o build/emerald-test/src/ss_anne.o src/ss_anne.c
/home/eddie/devkitpro/opt/devkitpro/devkitARM/bin/../libexec/gcc/arm-none-eabi/14.2.0/cc1 -quiet <flags> -o build/emerald-test/src/starter_choose.o src/starter_choose.c
/home/eddie/devkitpro/opt/devkitpro/devkitARM/bin/../libexec/gcc/arm-none-eabi/14.2.0/cc1 -quiet <flags> -o build/emerald-test/src/start_menu.o src/start_menu.c
/home/eddie/devkitpro/opt/devkitpro/devkitARM/bin/../libexec/gcc/arm-none-eabi/14.2.0/cc1 -quiet <flags> -o build/emerald-test/src/strings.o src/strings.c
/home/eddie/devkitpro/opt/devkitpro/devkitARM/bin/../libexec/gcc/arm-none-eabi/14.2.0/cc1 -quiet <flags> -o build/emerald-test/src/string_util.o src/string_util.c
/home/eddie/devkitpro/opt/devkitpro/devkitARM/bin/../libexec/gcc/arm-none-eabi/14.2.0/cc1 -quiet <flags> -o build/emerald-test/src/task.o src/task.c
/home/eddie/devkitpro/opt/devkitpro/devkitARM/bin/../libexec/gcc/arm-none-eabi/14.2.0/cc1 -quiet <flags> -o build/emerald-test/src/test_runner_stub.o src/test_runner_stub.c
/home/eddie/devkitpro/opt/devkitpro/devkitARM/bin/../libexec/gcc/arm-none-eabi/14.2.0/cc1 -quiet <flags> -o build/emerald-test/src/text.o src/text.c
/home/eddie/devkitpro/opt/devkitpro/devkitARM/bin/../libexec/gcc/arm-none-eabi/14.2.0/cc1 -quiet <flags> -o build/emerald-test/src/text_input_strings.o src/text_input_strings.c
/home/eddie/devkitpro/opt/devkitpro/devkitARM/bin/../libexec/gcc/arm-none-eabi/14.2.0/cc1 -quiet <flags> -o build/emerald-test/src/text_window.o src/text_window.c
/home/eddie/devkitpro/opt/devkitpro/devkitARM/bin/../libexec/gcc/arm-none-eabi/14.2.0/cc1 -quiet <flags> -o build/emerald-test/src/tileset_anims.o src/tileset_anims.c
/home/eddie/devkitpro/opt/devkitpro/devkitARM/bin/../libexec/gcc/arm-none-eabi/14.2.0/cc1 -quiet <flags> -o build/emerald-test/src/tilesets.o src/tilesets.c
/home/eddie/devkitpro/opt/devkitpro/devkitARM/bin/../libexec/gcc/arm-none-eabi/14.2.0/cc1 -quiet <flags> -o build/emerald-test/src/time_events.o src/time_events.c
/home/eddie/devkitpro/opt/devkitpro/devkitARM/bin/../libexec/gcc/arm-none-eabi/14.2.0/cc1 -quiet <flags> -o build/emerald-test/src/title_screen.o src/title_screen.c
/home/eddie/devkitpro/opt/devkitpro/devkitARM/bin/../libexec/gcc/arm-none-eabi/14.2.0/cc1 -quiet <flags> -o build/emerald-test/src/title_screen_frlg.o src/title_screen_frlg.c
/home/eddie/devkitpro/opt/devkitpro/devkitARM/bin/../libexec/gcc/arm-none-eabi/14.2.0/cc1 -quiet <flags> -o build/emerald-test/src/trade.o src/trade.c
/home/eddie/devkitpro/opt/devkitpro/devkitARM/bin/../libexec/gcc/arm-none-eabi/14.2.0/cc1 -quiet <flags> -o build/emerald-test/src/trader.o src/trader.c
/home/eddie/devkitpro/opt/devkitpro/devkitARM/bin/../libexec/gcc/arm-none-eabi/14.2.0/cc1 -quiet <flags> -o build/emerald-test/src/trainer.o src/trainer.c
/home/eddie/devkitpro/opt/devkitpro/devkitARM/bin/../libexec/gcc/arm-none-eabi/14.2.0/cc1 -quiet <flags> -o build/emerald-test/src/trainer_card.o src/trainer_card.c
/home/eddie/devkitpro/opt/devkitpro/devkitARM/bin/../libexec/gcc/arm-none-eabi/14.2.0/cc1 -quiet <flags> -o build/emerald-test/src/trainer_fan_club.o src/trainer_fan_club.c
/home/eddie/devkitpro/opt/devkitpro/devkitARM/bin/../libexec/gcc/arm-none-eabi/14.2.0/cc1 -quiet <flags> -o build/emerald-test/src/trainer_hill.o src/trainer_hill.c
/home/eddie/devkitpro/opt/devkitpro/devkitARM/bin/../libexec/gcc/arm-none-eabi/14.2.0/cc1 -quiet <flags> -o build/emerald-test/src/trainer_pokemon_sprites.o src/trainer_pokemon_sprites.c
/home/eddie/devkitpro/opt/devkitpro/devkitARM/bin/../libexec/gcc/arm-none-eabi/14.2.0/cc1 -quiet <flags> -o build/emerald-test/src/trainer_pools.o src/trainer_pools.c
/home/eddie/devkitpro/opt/devkitpro/devkitARM/bin/../libexec/gcc/arm-none-eabi/14.2.0/cc1 -quiet <flags> -o build/emerald-test/src/trainer_see.o src/trainer_see.c
/home/eddie/devkitpro/opt/devkitpro/devkitARM/bin/../libexec/gcc/arm-none-eabi/14.2.0/cc1 -quiet <flags> -o build/emerald-test/src/trainer_slide.o src/trainer_slide.c
/home/eddie/devkitpro/opt/devkitpro/devkitARM/bin/../libexec/gcc/arm-none-eabi/14.2.0/cc1 -quiet <flags> -o build/emerald-test/src/trainer_tower.o src/trainer_tower.c
/home/eddie/devkitpro/opt/devkitpro/devkitARM/bin/../libexec/gcc/arm-none-eabi/14.2.0/cc1 -quiet <flags> -o build/emerald-test/src/trainer_tower_sets.o src/trainer_tower_sets.c
/home/eddie/devkitpro/opt/devkitpro/devkitARM/bin/../libexec/gcc/arm-none-eabi/14.2.0/cc1 -quiet <flags> -o build/emerald-test/src/trig.o src/trig.c
/home/eddie/devkitpro/opt/devkitpro/devkitARM/bin/../libexec/gcc/arm-none-eabi/14.2.0/cc1 -quiet <flags> -o build/emerald-test/src/tv.o src/tv.c
/home/eddie/devkitpro/opt/devkitpro/devkitARM/bin/../libexec/gcc/arm-none-eabi/14.2.0/cc1 -quiet <flags> -o build/emerald-test/src/type_icons.o src/type_icons.c
/home/eddie/devkitpro/opt/devkitpro/devkitARM/bin/../libexec/gcc/arm-none-eabi/14.2.0/cc1 -quiet <flags> -o build/emerald-test/src/union_room_battle.o src/union_room_battle.c
/home/eddie/devkitpro/opt/devkitpro/devkitARM/bin/../libexec/gcc/arm-none-eabi/14.2.0/cc1 -quiet <flags> -o build/emerald-test/src/union_room.o src/union_room.c
/home/eddie/devkitpro/opt/devkitpro/devkitARM/bin/../libexec/gcc/arm-none-eabi/14.2.0/cc1 -quiet <flags> -o build/emerald-test/src/union_room_chat.o src/union_room_chat.c
/home/eddie/devkitpro/opt/devkitpro/devkitARM/bin/../libexec/gcc/arm-none-eabi/14.2.0/cc1 -quiet <flags> -o build/emerald-test/src/union_room_player_avatar.o src/union_room_player_avatar.c
/home/eddie/devkitpro/opt/devkitpro/devkitARM/bin/../libexec/gcc/arm-none-eabi/14.2.0/cc1 -quiet <flags> -o build/emerald-test/src/use_pokeblock.o src/use_pokeblock.c
/home/eddie/devkitpro/opt/devkitpro/devkitARM/bin/../libexec/gcc/arm-none-eabi/14.2.0/cc1 -quiet <flags> -o build/emerald-test/src/util.o src/util.c
/home/eddie/devkitpro/opt/devkitpro/devkitARM/bin/../libexec/gcc/arm-none-eabi/14.2.0/cc1 -quiet <flags> -o build/emerald-test/src/vs_seeker.o src/vs_seeker.c
/home/eddie/devkitpro/opt/devkitpro/devkitARM/bin/../libexec/gcc/arm-none-eabi/14.2.0/cc1 -quiet <flags> -o build/emerald-test/src/walda_phrase.o src/walda_phrase.c
/home/eddie/devkitpro/opt/devkitpro/devkitARM/bin/../libexec/gcc/arm-none-eabi/14.2.0/cc1 -quiet <flags> -o build/emerald-test/src/wallclock.o src/wallclock.c
/home/eddie/devkitpro/opt/devkitpro/devkitARM/bin/../libexec/gcc/arm-none-eabi/14.2.0/cc1 -quiet <flags> -o build/emerald-test/src/wild_encounter.o src/wild_encounter.c
/home/eddie/devkitpro/opt/devkitpro/devkitARM/bin/../libexec/gcc/arm-none-eabi/14.2.0/cc1 -quiet <flags> -o build/emerald-test/src/wild_encounter_ow.o src/wild_encounter_ow.c
/home/eddie/devkitpro/opt/devkitpro/devkitARM/bin/../libexec/gcc/arm-none-eabi/14.2.0/cc1 -quiet <flags> -o build/emerald-test/src/window.o src/window.c
/home/eddie/devkitpro/opt/devkitpro/devkitARM/bin/../libexec/gcc/arm-none-eabi/14.2.0/cc1 -quiet <flags> -o build/emerald-test/src/wireless_communication_status_screen.o src/wireless_communication_status_screen.c
/home/eddie/devkitpro/opt/devkitpro/devkitARM/bin/../libexec/gcc/arm-none-eabi/14.2.0/cc1 -quiet <flags> -o build/emerald-test/src/wonder_news.o src/wonder_news.c
/home/eddie/devkitpro/opt/devkitpro/devkitARM/bin/../libexec/gcc/arm-none-eabi/14.2.0/cc1 -quiet <flags> -o build/emerald-test/src/rom_native_obs/rom_native_obs.o src/rom_native_obs/rom_native_obs.c
tools/preproc/preproc -s data/battle_anim_scripts.s charmap.txt | arm-none-eabi-cpp -iquote include -Wno-trigraphs -DMODERN=1 -DTESTING=1 -DEMERALD -std=gnu17 -I include - | tools/preproc/preproc -ie data/battle_anim_scripts.s charmap.txt | arm-none-eabi-as -mcpu=arm7tdmi -march=armv4t -meabi=5 --defsym MODERN=1 --defsym EMERALD=1 -o build/emerald-test/data/battle_anim_scripts.o
tools/preproc/preproc -s data/battle_scripts_1.s charmap.txt | arm-none-eabi-cpp -iquote include -Wno-trigraphs -DMODERN=1 -DTESTING=1 -DEMERALD -std=gnu17 -I include - | tools/preproc/preproc -ie data/battle_scripts_1.s charmap.txt | arm-none-eabi-as -mcpu=arm7tdmi -march=armv4t -meabi=5 --defsym MODERN=1 --defsym EMERALD=1 -o build/emerald-test/data/battle_scripts_1.o
tools/preproc/preproc -s data/battle_scripts_2.s charmap.txt | arm-none-eabi-cpp -iquote include -Wno-trigraphs -DMODERN=1 -DTESTING=1 -DEMERALD -std=gnu17 -I include - | tools/preproc/preproc -ie data/battle_scripts_2.s charmap.txt | arm-none-eabi-as -mcpu=arm7tdmi -march=armv4t -meabi=5 --defsym MODERN=1 --defsym EMERALD=1 -o build/emerald-test/data/battle_scripts_2.o
tools/preproc/preproc -s data/contest_ai_scripts.s charmap.txt | arm-none-eabi-cpp -iquote include -Wno-trigraphs -DMODERN=1 -DTESTING=1 -DEMERALD -std=gnu17 -I include - | tools/preproc/preproc -ie data/contest_ai_scripts.s charmap.txt | arm-none-eabi-as -mcpu=arm7tdmi -march=armv4t -meabi=5 --defsym MODERN=1 --defsym EMERALD=1 -o build/emerald-test/data/contest_ai_scripts.o
tools/preproc/preproc -s data/event_scripts.s charmap.txt | arm-none-eabi-cpp -iquote include -Wno-trigraphs -DMODERN=1 -DTESTING=1 -DEMERALD -std=gnu17 -I include - | tools/preproc/preproc -ie data/event_scripts.s charmap.txt | arm-none-eabi-as -mcpu=arm7tdmi -march=armv4t -meabi=5 --defsym MODERN=1 --defsym EMERALD=1 -o build/emerald-test/data/event_scripts.o
tools/preproc/preproc -s data/map_events.s charmap.txt | arm-none-eabi-cpp -iquote include -Wno-trigraphs -DMODERN=1 -DTESTING=1 -DEMERALD -std=gnu17 -I include - | tools/preproc/preproc -ie data/map_events.s charmap.txt | arm-none-eabi-as -mcpu=arm7tdmi -march=armv4t -meabi=5 --defsym MODERN=1 --defsym EMERALD=1 -o build/emerald-test/data/map_events.o
tools/preproc/preproc -s data/maps.s charmap.txt | arm-none-eabi-cpp -iquote include -Wno-trigraphs -DMODERN=1 -DTESTING=1 -DEMERALD -std=gnu17 -I include - | tools/preproc/preproc -ie data/maps.s charmap.txt | arm-none-eabi-as -mcpu=arm7tdmi -march=armv4t -meabi=5 --defsym MODERN=1 --defsym EMERALD=1 -o build/emerald-test/data/maps.o
tools/preproc/preproc -s data/mystery_gift.s charmap.txt | arm-none-eabi-cpp -iquote include -Wno-trigraphs -DMODERN=1 -DTESTING=1 -DEMERALD -std=gnu17 -I include - | tools/preproc/preproc -ie data/mystery_gift.s charmap.txt | arm-none-eabi-as -mcpu=arm7tdmi -march=armv4t -meabi=5 --defsym MODERN=1 --defsym EMERALD=1 -o build/emerald-test/data/mystery_gift.o
tools/preproc/preproc -s data/sound_data.s charmap.txt | arm-none-eabi-cpp -iquote include -Wno-trigraphs -DMODERN=1 -DTESTING=1 -DEMERALD -std=gnu17 -I include - | tools/preproc/preproc -ie data/sound_data.s charmap.txt | arm-none-eabi-as -mcpu=arm7tdmi -march=armv4t -meabi=5 --defsym MODERN=1 --defsym EMERALD=1 -o build/emerald-test/data/sound_data.o
/home/eddie/devkitpro/opt/devkitpro/devkitARM/bin/../libexec/gcc/arm-none-eabi/14.2.0/cc1 -quiet <flags> -o build/emerald-test/test/bag.o test/bag.c
/home/eddie/devkitpro/opt/devkitpro/devkitARM/bin/../libexec/gcc/arm-none-eabi/14.2.0/cc1 -quiet <flags> -o build/emerald-test/test/daycare.o test/daycare.c
/home/eddie/devkitpro/opt/devkitpro/devkitARM/bin/../libexec/gcc/arm-none-eabi/14.2.0/cc1 -quiet <flags> -o build/emerald-test/test/event_object_movement.o test/event_object_movement.c
/home/eddie/devkitpro/opt/devkitpro/devkitARM/bin/../libexec/gcc/arm-none-eabi/14.2.0/cc1 -quiet <flags> -o build/emerald-test/test/evolution_tier_gating.o test/evolution_tier_gating.c
/home/eddie/devkitpro/opt/devkitpro/devkitARM/bin/../libexec/gcc/arm-none-eabi/14.2.0/cc1 -quiet <flags> -o build/emerald-test/test/fpmath.o test/fpmath.c
/home/eddie/devkitpro/opt/devkitpro/devkitARM/bin/../libexec/gcc/arm-none-eabi/14.2.0/cc1 -quiet <flags> -o build/emerald-test/test/ow_abilities.o test/ow_abilities.c
/home/eddie/devkitpro/opt/devkitpro/devkitARM/bin/../libexec/gcc/arm-none-eabi/14.2.0/cc1 -quiet <flags> -o build/emerald-test/test/party_menu.o test/party_menu.c
/home/eddie/devkitpro/opt/devkitpro/devkitARM/bin/../libexec/gcc/arm-none-eabi/14.2.0/cc1 -quiet <flags> -o build/emerald-test/test/pokemon.o test/pokemon.c
/home/eddie/devkitpro/opt/devkitpro/devkitARM/bin/../libexec/gcc/arm-none-eabi/14.2.0/cc1 -quiet <flags> -o build/emerald-test/test/pokerus.o test/pokerus.c
/home/eddie/devkitpro/opt/devkitpro/devkitARM/bin/../libexec/gcc/arm-none-eabi/14.2.0/cc1 -quiet <flags> -o build/emerald-test/test/random.o test/random.c
/home/eddie/devkitpro/opt/devkitpro/devkitARM/bin/../libexec/gcc/arm-none-eabi/14.2.0/cc1 -quiet <flags> -o build/emerald-test/test/random_mon_generation.o test/random_mon_generation.c
/home/eddie/devkitpro/opt/devkitpro/devkitARM/bin/../libexec/gcc/arm-none-eabi/14.2.0/cc1 -quiet <flags> -o build/emerald-test/test/save.o test/save.c
/home/eddie/devkitpro/opt/devkitpro/devkitARM/bin/../libexec/gcc/arm-none-eabi/14.2.0/cc1 -quiet <flags> -o build/emerald-test/test/script.o test/script.c
/home/eddie/devkitpro/opt/devkitpro/devkitARM/bin/../libexec/gcc/arm-none-eabi/14.2.0/cc1 -quiet <flags> -o build/emerald-test/test/species.o test/species.c
/home/eddie/devkitpro/opt/devkitpro/devkitARM/bin/../libexec/gcc/arm-none-eabi/14.2.0/cc1 -quiet <flags> -o build/emerald-test/test/sprite.o test/sprite.c
/home/eddie/devkitpro/opt/devkitpro/devkitARM/bin/../libexec/gcc/arm-none-eabi/14.2.0/cc1 -quiet <flags> -o build/emerald-test/test/test_runner_args.o test/test_runner_args.c
/home/eddie/devkitpro/opt/devkitpro/devkitARM/bin/../libexec/gcc/arm-none-eabi/14.2.0/cc1 -quiet <flags> -o build/emerald-test/test/test_runner_battle.o test/test_runner_battle.c
/home/eddie/devkitpro/opt/devkitpro/devkitARM/bin/../libexec/gcc/arm-none-eabi/14.2.0/cc1 -quiet <flags> -o build/emerald-test/test/test_runner.o test/test_runner.c
/home/eddie/devkitpro/opt/devkitpro/devkitARM/bin/../libexec/gcc/arm-none-eabi/14.2.0/cc1 -quiet <flags> -o build/emerald-test/test/test_test_runner.o test/test_test_runner.c
/home/eddie/devkitpro/opt/devkitpro/devkitARM/bin/../libexec/gcc/arm-none-eabi/14.2.0/cc1 -quiet <flags> -o build/emerald-test/test/text.o test/text.c
/home/eddie/devkitpro/opt/devkitpro/devkitARM/bin/../libexec/gcc/arm-none-eabi/14.2.0/cc1 -quiet <flags> -o build/emerald-test/test/battle/badge_boost.o test/battle/badge_boost.c
/home/eddie/devkitpro/opt/devkitpro/devkitARM/bin/../libexec/gcc/arm-none-eabi/14.2.0/cc1 -quiet <flags> -o build/emerald-test/test/battle/battle_message.o test/battle/battle_message.c
/home/eddie/devkitpro/opt/devkitpro/devkitARM/bin/../libexec/gcc/arm-none-eabi/14.2.0/cc1 -quiet <flags> -o build/emerald-test/test/battle/capture.o test/battle/capture.c
/home/eddie/devkitpro/opt/devkitpro/devkitARM/bin/../libexec/gcc/arm-none-eabi/14.2.0/cc1 -quiet <flags> -o build/emerald-test/test/battle/crit_chance.o test/battle/crit_chance.c
/home/eddie/devkitpro/opt/devkitpro/devkitARM/bin/../libexec/gcc/arm-none-eabi/14.2.0/cc1 -quiet <flags> -o build/emerald-test/test/battle/damage_formula.o test/battle/damage_formula.c
/home/eddie/devkitpro/opt/devkitpro/devkitARM/bin/../libexec/gcc/arm-none-eabi/14.2.0/cc1 -quiet <flags> -o build/emerald-test/test/battle/defrost.o test/battle/defrost.c
/home/eddie/devkitpro/opt/devkitpro/devkitARM/bin/../libexec/gcc/arm-none-eabi/14.2.0/cc1 -quiet <flags> -o build/emerald-test/test/battle/end_turn_effects.o test/battle/end_turn_effects.c
/home/eddie/devkitpro/opt/devkitpro/devkitARM/bin/../libexec/gcc/arm-none-eabi/14.2.0/cc1 -quiet <flags> -o build/emerald-test/test/battle/evolution_tracker.o test/battle/evolution_tracker.c
/home/eddie/devkitpro/opt/devkitpro/devkitARM/bin/../libexec/gcc/arm-none-eabi/14.2.0/cc1 -quiet <flags> -o build/emerald-test/test/battle/exp.o test/battle/exp.c
/home/eddie/devkitpro/opt/devkitpro/devkitARM/bin/../libexec/gcc/arm-none-eabi/14.2.0/cc1 -quiet <flags> -o build/emerald-test/test/battle/front_anim.o test/battle/front_anim.c
/home/eddie/devkitpro/opt/devkitpro/devkitARM/bin/../libexec/gcc/arm-none-eabi/14.2.0/cc1 -quiet <flags> -o build/emerald-test/test/battle/ghost.o test/battle/ghost.c
/home/eddie/devkitpro/opt/devkitpro/devkitARM/bin/../libexec/gcc/arm-none-eabi/14.2.0/cc1 -quiet <flags> -o build/emerald-test/test/battle/hazards.o test/battle/hazards.c
/home/eddie/devkitpro/opt/devkitpro/devkitARM/bin/../libexec/gcc/arm-none-eabi/14.2.0/cc1 -quiet <flags> -o build/emerald-test/test/battle/inverse_battle.o test/battle/inverse_battle.c
/home/eddie/devkitpro/opt/devkitpro/devkitARM/bin/../libexec/gcc/arm-none-eabi/14.2.0/cc1 -quiet <flags> -o build/emerald-test/test/battle/move.o test/battle/move.c
/home/eddie/devkitpro/opt/devkitpro/devkitARM/bin/../libexec/gcc/arm-none-eabi/14.2.0/cc1 -quiet <flags> -o build/emerald-test/test/battle/multi_battle_whiteout.o test/battle/multi_battle_whiteout.c
/home/eddie/devkitpro/opt/devkitpro/devkitARM/bin/../libexec/gcc/arm-none-eabi/14.2.0/cc1 -quiet <flags> -o build/emerald-test/test/battle/sleep_clause.o test/battle/sleep_clause.c
/home/eddie/devkitpro/opt/devkitpro/devkitARM/bin/../libexec/gcc/arm-none-eabi/14.2.0/cc1 -quiet <flags> -o build/emerald-test/test/battle/spread_moves.o test/battle/spread_moves.c
/home/eddie/devkitpro/opt/devkitpro/devkitARM/bin/../libexec/gcc/arm-none-eabi/14.2.0/cc1 -quiet <flags> -o build/emerald-test/test/battle/stat_change_leaks.o test/battle/stat_change_leaks.c
/home/eddie/devkitpro/opt/devkitpro/devkitARM/bin/../libexec/gcc/arm-none-eabi/14.2.0/cc1 -quiet <flags> -o build/emerald-test/test/battle/switch_in_abilities.o test/battle/switch_in_abilities.c
/home/eddie/devkitpro/opt/devkitpro/devkitARM/bin/../libexec/gcc/arm-none-eabi/14.2.0/cc1 -quiet <flags> -o build/emerald-test/test/battle/test_runner_features.o test/battle/test_runner_features.c
/home/eddie/devkitpro/opt/devkitpro/devkitARM/bin/../libexec/gcc/arm-none-eabi/14.2.0/cc1 -quiet <flags> -o build/emerald-test/test/battle/trainer_control.o test/battle/trainer_control.c
/home/eddie/devkitpro/opt/devkitpro/devkitARM/bin/../libexec/gcc/arm-none-eabi/14.2.0/cc1 -quiet <flags> -o build/emerald-test/test/battle/trainer_slides.o test/battle/trainer_slides.c
/home/eddie/devkitpro/opt/devkitpro/devkitARM/bin/../libexec/gcc/arm-none-eabi/14.2.0/cc1 -quiet <flags> -o build/emerald-test/test/battle/ability/adaptability.o test/battle/ability/adaptability.c
/home/eddie/devkitpro/opt/devkitpro/devkitARM/bin/../libexec/gcc/arm-none-eabi/14.2.0/cc1 -quiet <flags> -o build/emerald-test/test/compression/smol.o test/compression/smol.c
/home/eddie/devkitpro/opt/devkitpro/devkitARM/bin/../libexec/gcc/arm-none-eabi/14.2.0/cc1 -quiet <flags> -o build/emerald-test/test/battle/ability/aerilate.o test/battle/ability/aerilate.c
/home/eddie/devkitpro/opt/devkitpro/devkitARM/bin/../libexec/gcc/arm-none-eabi/14.2.0/cc1 -quiet <flags> -o build/emerald-test/test/battle/ability/aftermath.o test/battle/ability/aftermath.c
/home/eddie/devkitpro/opt/devkitpro/devkitARM/bin/../libexec/gcc/arm-none-eabi/14.2.0/cc1 -quiet <flags> -o build/emerald-test/test/battle/ability/air_lock.o test/battle/ability/air_lock.c
/home/eddie/devkitpro/opt/devkitpro/devkitARM/bin/../libexec/gcc/arm-none-eabi/14.2.0/cc1 -quiet <flags> -o build/emerald-test/test/battle/ability/analytic.o test/battle/ability/analytic.c
/home/eddie/devkitpro/opt/devkitpro/devkitARM/bin/../libexec/gcc/arm-none-eabi/14.2.0/cc1 -quiet <flags> -o build/emerald-test/test/battle/ability/anger_point.o test/battle/ability/anger_point.c
/home/eddie/devkitpro/opt/devkitpro/devkitARM/bin/../libexec/gcc/arm-none-eabi/14.2.0/cc1 -quiet <flags> -o build/emerald-test/test/battle/ability/anger_shell.o test/battle/ability/anger_shell.c
/home/eddie/devkitpro/opt/devkitpro/devkitARM/bin/../libexec/gcc/arm-none-eabi/14.2.0/cc1 -quiet <flags> -o build/emerald-test/test/battle/ability/anticipation.o test/battle/ability/anticipation.c
/home/eddie/devkitpro/opt/devkitpro/devkitARM/bin/../libexec/gcc/arm-none-eabi/14.2.0/cc1 -quiet <flags> -o build/emerald-test/test/battle/ability/arena_trap.o test/battle/ability/arena_trap.c
/home/eddie/devkitpro/opt/devkitpro/devkitARM/bin/../libexec/gcc/arm-none-eabi/14.2.0/cc1 -quiet <flags> -o build/emerald-test/test/battle/ability/armor_tail.o test/battle/ability/armor_tail.c
/home/eddie/devkitpro/opt/devkitpro/devkitARM/bin/../libexec/gcc/arm-none-eabi/14.2.0/cc1 -quiet <flags> -o build/emerald-test/test/battle/ability/aroma_veil.o test/battle/ability/aroma_veil.c
/home/eddie/devkitpro/opt/devkitpro/devkitARM/bin/../libexec/gcc/arm-none-eabi/14.2.0/cc1 -quiet <flags> -o build/emerald-test/test/battle/ability/as_one.o test/battle/ability/as_one.c
/home/eddie/devkitpro/opt/devkitpro/devkitARM/bin/../libexec/gcc/arm-none-eabi/14.2.0/cc1 -quiet <flags> -o build/emerald-test/test/battle/ability/aura_break.o test/battle/ability/aura_break.c
/home/eddie/devkitpro/opt/devkitpro/devkitARM/bin/../libexec/gcc/arm-none-eabi/14.2.0/cc1 -quiet <flags> -o build/emerald-test/test/battle/ability/bad_dreams.o test/battle/ability/bad_dreams.c
/home/eddie/devkitpro/opt/devkitpro/devkitARM/bin/../libexec/gcc/arm-none-eabi/14.2.0/cc1 -quiet <flags> -o build/emerald-test/test/battle/ability/ball_fetch.o test/battle/ability/ball_fetch.c
/home/eddie/devkitpro/opt/devkitpro/devkitARM/bin/../libexec/gcc/arm-none-eabi/14.2.0/cc1 -quiet <flags> -o build/emerald-test/test/battle/ability/battery.o test/battle/ability/battery.c
/home/eddie/devkitpro/opt/devkitpro/devkitARM/bin/../libexec/gcc/arm-none-eabi/14.2.0/cc1 -quiet <flags> -o build/emerald-test/test/battle/ability/battle_armor.o test/battle/ability/battle_armor.c
/home/eddie/devkitpro/opt/devkitpro/devkitARM/bin/../libexec/gcc/arm-none-eabi/14.2.0/cc1 -quiet <flags> -o build/emerald-test/test/battle/ability/battle_bond.o test/battle/ability/battle_bond.c
/home/eddie/devkitpro/opt/devkitpro/devkitARM/bin/../libexec/gcc/arm-none-eabi/14.2.0/cc1 -quiet <flags> -o build/emerald-test/test/battle/ability/beads_of_ruin.o test/battle/ability/beads_of_ruin.c
/home/eddie/devkitpro/opt/devkitpro/devkitARM/bin/../libexec/gcc/arm-none-eabi/14.2.0/cc1 -quiet <flags> -o build/emerald-test/test/battle/ability/beast_boost.o test/battle/ability/beast_boost.c
/home/eddie/devkitpro/opt/devkitpro/devkitARM/bin/../libexec/gcc/arm-none-eabi/14.2.0/cc1 -quiet <flags> -o build/emerald-test/test/battle/ability/berserk.o test/battle/ability/berserk.c
/home/eddie/devkitpro/opt/devkitpro/devkitARM/bin/../libexec/gcc/arm-none-eabi/14.2.0/cc1 -quiet <flags> -o build/emerald-test/test/battle/ability/big_pecks.o test/battle/ability/big_pecks.c
/home/eddie/devkitpro/opt/devkitpro/devkitARM/bin/../libexec/gcc/arm-none-eabi/14.2.0/cc1 -quiet <flags> -o build/emerald-test/test/battle/ability/blaze.o test/battle/ability/blaze.c
/home/eddie/devkitpro/opt/devkitpro/devkitARM/bin/../libexec/gcc/arm-none-eabi/14.2.0/cc1 -quiet <flags> -o build/emerald-test/test/battle/ability/bulletproof.o test/battle/ability/bulletproof.c
/home/eddie/devkitpro/opt/devkitpro/devkitARM/bin/../libexec/gcc/arm-none-eabi/14.2.0/cc1 -quiet <flags> -o build/emerald-test/test/battle/ability/cheek_pouch.o test/battle/ability/cheek_pouch.c
/home/eddie/devkitpro/opt/devkitpro/devkitARM/bin/../libexec/gcc/arm-none-eabi/14.2.0/cc1 -quiet <flags> -o build/emerald-test/test/battle/ability/chilling_neigh.o test/battle/ability/chilling_neigh.c
/home/eddie/devkitpro/opt/devkitpro/devkitARM/bin/../libexec/gcc/arm-none-eabi/14.2.0/cc1 -quiet <flags> -o build/emerald-test/test/battle/ability/chlorophyll.o test/battle/ability/chlorophyll.c
/home/eddie/devkitpro/opt/devkitpro/devkitARM/bin/../libexec/gcc/arm-none-eabi/14.2.0/cc1 -quiet <flags> -o build/emerald-test/test/battle/ability/clear_body.o test/battle/ability/clear_body.c
/home/eddie/devkitpro/opt/devkitpro/devkitARM/bin/../libexec/gcc/arm-none-eabi/14.2.0/cc1 -quiet <flags> -o build/emerald-test/test/battle/ability/cloud_nine.o test/battle/ability/cloud_nine.c
/home/eddie/devkitpro/opt/devkitpro/devkitARM/bin/../libexec/gcc/arm-none-eabi/14.2.0/cc1 -quiet <flags> -o build/emerald-test/test/battle/ability/color_change.o test/battle/ability/color_change.c
/home/eddie/devkitpro/opt/devkitpro/devkitARM/bin/../libexec/gcc/arm-none-eabi/14.2.0/cc1 -quiet <flags> -o build/emerald-test/test/battle/ability/comatose.o test/battle/ability/comatose.c
/home/eddie/devkitpro/opt/devkitpro/devkitARM/bin/../libexec/gcc/arm-none-eabi/14.2.0/cc1 -quiet <flags> -o build/emerald-test/test/battle/ability/commander.o test/battle/ability/commander.c
/home/eddie/devkitpro/opt/devkitpro/devkitARM/bin/../libexec/gcc/arm-none-eabi/14.2.0/cc1 -quiet <flags> -o build/emerald-test/test/battle/ability/competitive.o test/battle/ability/competitive.c
/home/eddie/devkitpro/opt/devkitpro/devkitARM/bin/../libexec/gcc/arm-none-eabi/14.2.0/cc1 -quiet <flags> -o build/emerald-test/test/battle/ability/compound_eyes.o test/battle/ability/compound_eyes.c
/home/eddie/devkitpro/opt/devkitpro/devkitARM/bin/../libexec/gcc/arm-none-eabi/14.2.0/cc1 -quiet <flags> -o build/emerald-test/test/battle/ability/contrary.o test/battle/ability/contrary.c
/home/eddie/devkitpro/opt/devkitpro/devkitARM/bin/../libexec/gcc/arm-none-eabi/14.2.0/cc1 -quiet <flags> -o build/emerald-test/test/battle/ability/corrosion.o test/battle/ability/corrosion.c
/home/eddie/devkitpro/opt/devkitpro/devkitARM/bin/../libexec/gcc/arm-none-eabi/14.2.0/cc1 -quiet <flags> -o build/emerald-test/test/battle/ability/costar.o test/battle/ability/costar.c
/home/eddie/devkitpro/opt/devkitpro/devkitARM/bin/../libexec/gcc/arm-none-eabi/14.2.0/cc1 -quiet <flags> -o build/emerald-test/test/battle/ability/cotton_down.o test/battle/ability/cotton_down.c
/home/eddie/devkitpro/opt/devkitpro/devkitARM/bin/../libexec/gcc/arm-none-eabi/14.2.0/cc1 -quiet <flags> -o build/emerald-test/test/battle/ability/cud_chew.o test/battle/ability/cud_chew.c
/home/eddie/devkitpro/opt/devkitpro/devkitARM/bin/../libexec/gcc/arm-none-eabi/14.2.0/cc1 -quiet <flags> -o build/emerald-test/test/battle/ability/curious_medicine.o test/battle/ability/curious_medicine.c
/home/eddie/devkitpro/opt/devkitpro/devkitARM/bin/../libexec/gcc/arm-none-eabi/14.2.0/cc1 -quiet <flags> -o build/emerald-test/test/battle/ability/cursed_body.o test/battle/ability/cursed_body.c
/home/eddie/devkitpro/opt/devkitpro/devkitARM/bin/../libexec/gcc/arm-none-eabi/14.2.0/cc1 -quiet <flags> -o build/emerald-test/test/battle/ability/cute_charm.o test/battle/ability/cute_charm.c
/home/eddie/devkitpro/opt/devkitpro/devkitARM/bin/../libexec/gcc/arm-none-eabi/14.2.0/cc1 -quiet <flags> -o build/emerald-test/test/battle/ability/damp.o test/battle/ability/damp.c
/home/eddie/devkitpro/opt/devkitpro/devkitARM/bin/../libexec/gcc/arm-none-eabi/14.2.0/cc1 -quiet <flags> -o build/emerald-test/test/battle/ability/dancer.o test/battle/ability/dancer.c
/home/eddie/devkitpro/opt/devkitpro/devkitARM/bin/../libexec/gcc/arm-none-eabi/14.2.0/cc1 -quiet <flags> -o build/emerald-test/test/battle/ability/dark_aura.o test/battle/ability/dark_aura.c
/home/eddie/devkitpro/opt/devkitpro/devkitARM/bin/../libexec/gcc/arm-none-eabi/14.2.0/cc1 -quiet <flags> -o build/emerald-test/test/battle/ability/dauntless_shield.o test/battle/ability/dauntless_shield.c
/home/eddie/devkitpro/opt/devkitpro/devkitARM/bin/../libexec/gcc/arm-none-eabi/14.2.0/cc1 -quiet <flags> -o build/emerald-test/test/battle/ability/dazzling.o test/battle/ability/dazzling.c
/home/eddie/devkitpro/opt/devkitpro/devkitARM/bin/../libexec/gcc/arm-none-eabi/14.2.0/cc1 -quiet <flags> -o build/emerald-test/test/battle/ability/defeatist.o test/battle/ability/defeatist.c
/home/eddie/devkitpro/opt/devkitpro/devkitARM/bin/../libexec/gcc/arm-none-eabi/14.2.0/cc1 -quiet <flags> -o build/emerald-test/test/battle/ability/defiant.o test/battle/ability/defiant.c
/home/eddie/devkitpro/opt/devkitpro/devkitARM/bin/../libexec/gcc/arm-none-eabi/14.2.0/cc1 -quiet <flags> -o build/emerald-test/test/battle/ability/delta_stream.o test/battle/ability/delta_stream.c
/home/eddie/devkitpro/opt/devkitpro/devkitARM/bin/../libexec/gcc/arm-none-eabi/14.2.0/cc1 -quiet <flags> -o build/emerald-test/test/battle/ability/desolate_land.o test/battle/ability/desolate_land.c
/home/eddie/devkitpro/opt/devkitpro/devkitARM/bin/../libexec/gcc/arm-none-eabi/14.2.0/cc1 -quiet <flags> -o build/emerald-test/test/battle/ability/disguise.o test/battle/ability/disguise.c
/home/eddie/devkitpro/opt/devkitpro/devkitARM/bin/../libexec/gcc/arm-none-eabi/14.2.0/cc1 -quiet <flags> -o build/emerald-test/test/battle/ability/download.o test/battle/ability/download.c
/home/eddie/devkitpro/opt/devkitpro/devkitARM/bin/../libexec/gcc/arm-none-eabi/14.2.0/cc1 -quiet <flags> -o build/emerald-test/test/battle/ability/dragonize.o test/battle/ability/dragonize.c
/home/eddie/devkitpro/opt/devkitpro/devkitARM/bin/../libexec/gcc/arm-none-eabi/14.2.0/cc1 -quiet <flags> -o build/emerald-test/test/battle/ability/dragons_maw.o test/battle/ability/dragons_maw.c
/home/eddie/devkitpro/opt/devkitpro/devkitARM/bin/../libexec/gcc/arm-none-eabi/14.2.0/cc1 -quiet <flags> -o build/emerald-test/test/battle/ability/drizzle.o test/battle/ability/drizzle.c
/home/eddie/devkitpro/opt/devkitpro/devkitARM/bin/../libexec/gcc/arm-none-eabi/14.2.0/cc1 -quiet <flags> -o build/emerald-test/test/battle/ability/drought.o test/battle/ability/drought.c
/home/eddie/devkitpro/opt/devkitpro/devkitARM/bin/../libexec/gcc/arm-none-eabi/14.2.0/cc1 -quiet <flags> -o build/emerald-test/test/battle/ability/dry_skin.o test/battle/ability/dry_skin.c
/home/eddie/devkitpro/opt/devkitpro/devkitARM/bin/../libexec/gcc/arm-none-eabi/14.2.0/cc1 -quiet <flags> -o build/emerald-test/test/battle/ability/early_bird.o test/battle/ability/early_bird.c
/home/eddie/devkitpro/opt/devkitpro/devkitARM/bin/../libexec/gcc/arm-none-eabi/14.2.0/cc1 -quiet <flags> -o build/emerald-test/test/battle/ability/earth_eater.o test/battle/ability/earth_eater.c
/home/eddie/devkitpro/opt/devkitpro/devkitARM/bin/../libexec/gcc/arm-none-eabi/14.2.0/cc1 -quiet <flags> -o build/emerald-test/test/battle/ability/effect_spore.o test/battle/ability/effect_spore.c
/home/eddie/devkitpro/opt/devkitpro/devkitARM/bin/../libexec/gcc/arm-none-eabi/14.2.0/cc1 -quiet <flags> -o build/emerald-test/test/battle/ability/electric_surge.o test/battle/ability/electric_surge.c
/home/eddie/devkitpro/opt/devkitpro/devkitARM/bin/../libexec/gcc/arm-none-eabi/14.2.0/cc1 -quiet <flags> -o build/emerald-test/test/battle/ability/electromorphosis.o test/battle/ability/electromorphosis.c
/home/eddie/devkitpro/opt/devkitpro/devkitARM/bin/../libexec/gcc/arm-none-eabi/14.2.0/cc1 -quiet <flags> -o build/emerald-test/test/battle/ability/embody_aspect.o test/battle/ability/embody_aspect.c
/home/eddie/devkitpro/opt/devkitpro/devkitARM/bin/../libexec/gcc/arm-none-eabi/14.2.0/cc1 -quiet <flags> -o build/emerald-test/test/battle/ability/emergency_exit.o test/battle/ability/emergency_exit.c
/home/eddie/devkitpro/opt/devkitpro/devkitARM/bin/../libexec/gcc/arm-none-eabi/14.2.0/cc1 -quiet <flags> -o build/emerald-test/test/battle/ability/fairy_aura.o test/battle/ability/fairy_aura.c
/home/eddie/devkitpro/opt/devkitpro/devkitARM/bin/../libexec/gcc/arm-none-eabi/14.2.0/cc1 -quiet <flags> -o build/emerald-test/test/battle/ability/filter.o test/battle/ability/filter.c
/home/eddie/devkitpro/opt/devkitpro/devkitARM/bin/../libexec/gcc/arm-none-eabi/14.2.0/cc1 -quiet <flags> -o build/emerald-test/test/battle/ability/flame_body.o test/battle/ability/flame_body.c
/home/eddie/devkitpro/opt/devkitpro/devkitARM/bin/../libexec/gcc/arm-none-eabi/14.2.0/cc1 -quiet <flags> -o build/emerald-test/test/battle/ability/flare_boost.o test/battle/ability/flare_boost.c
/home/eddie/devkitpro/opt/devkitpro/devkitARM/bin/../libexec/gcc/arm-none-eabi/14.2.0/cc1 -quiet <flags> -o build/emerald-test/test/battle/ability/flash_fire.o test/battle/ability/flash_fire.c
/home/eddie/devkitpro/opt/devkitpro/devkitARM/bin/../libexec/gcc/arm-none-eabi/14.2.0/cc1 -quiet <flags> -o build/emerald-test/test/battle/ability/flower_gift.o test/battle/ability/flower_gift.c
/home/eddie/devkitpro/opt/devkitpro/devkitARM/bin/../libexec/gcc/arm-none-eabi/14.2.0/cc1 -quiet <flags> -o build/emerald-test/test/battle/ability/flower_veil.o test/battle/ability/flower_veil.c
/home/eddie/devkitpro/opt/devkitpro/devkitARM/bin/../libexec/gcc/arm-none-eabi/14.2.0/cc1 -quiet <flags> -o build/emerald-test/test/battle/ability/fluffy.o test/battle/ability/fluffy.c
/home/eddie/devkitpro/opt/devkitpro/devkitARM/bin/../libexec/gcc/arm-none-eabi/14.2.0/cc1 -quiet <flags> -o build/emerald-test/test/battle/ability/forecast.o test/battle/ability/forecast.c
/home/eddie/devkitpro/opt/devkitpro/devkitARM/bin/../libexec/gcc/arm-none-eabi/14.2.0/cc1 -quiet <flags> -o build/emerald-test/test/battle/ability/forewarn.o test/battle/ability/forewarn.c
/home/eddie/devkitpro/opt/devkitpro/devkitARM/bin/../libexec/gcc/arm-none-eabi/14.2.0/cc1 -quiet <flags> -o build/emerald-test/test/battle/ability/friend_guard.o test/battle/ability/friend_guard.c
/home/eddie/devkitpro/opt/devkitpro/devkitARM/bin/../libexec/gcc/arm-none-eabi/14.2.0/cc1 -quiet <flags> -o build/emerald-test/test/battle/ability/frisk.o test/battle/ability/frisk.c
/home/eddie/devkitpro/opt/devkitpro/devkitARM/bin/../libexec/gcc/arm-none-eabi/14.2.0/cc1 -quiet <flags> -o build/emerald-test/test/battle/ability/full_metal_body.o test/battle/ability/full_metal_body.c
/home/eddie/devkitpro/opt/devkitpro/devkitARM/bin/../libexec/gcc/arm-none-eabi/14.2.0/cc1 -quiet <flags> -o build/emerald-test/test/battle/ability/fur_coat.o test/battle/ability/fur_coat.c
/home/eddie/devkitpro/opt/devkitpro/devkitARM/bin/../libexec/gcc/arm-none-eabi/14.2.0/cc1 -quiet <flags> -o build/emerald-test/test/battle/ability/gale_wings.o test/battle/ability/gale_wings.c
/home/eddie/devkitpro/opt/devkitpro/devkitARM/bin/../libexec/gcc/arm-none-eabi/14.2.0/cc1 -quiet <flags> -o build/emerald-test/test/battle/ability/galvanize.o test/battle/ability/galvanize.c
/home/eddie/devkitpro/opt/devkitpro/devkitARM/bin/../libexec/gcc/arm-none-eabi/14.2.0/cc1 -quiet <flags> -o build/emerald-test/test/battle/ability/gluttony.o test/battle/ability/gluttony.c
/home/eddie/devkitpro/opt/devkitpro/devkitARM/bin/../libexec/gcc/arm-none-eabi/14.2.0/cc1 -quiet <flags> -o build/emerald-test/test/battle/ability/good_as_gold.o test/battle/ability/good_as_gold.c
/home/eddie/devkitpro/opt/devkitpro/devkitARM/bin/../libexec/gcc/arm-none-eabi/14.2.0/cc1 -quiet <flags> -o build/emerald-test/test/battle/ability/gooey.o test/battle/ability/gooey.c
/home/eddie/devkitpro/opt/devkitpro/devkitARM/bin/../libexec/gcc/arm-none-eabi/14.2.0/cc1 -quiet <flags> -o build/emerald-test/test/battle/ability/gorilla_tactics.o test/battle/ability/gorilla_tactics.c
/home/eddie/devkitpro/opt/devkitpro/devkitARM/bin/../libexec/gcc/arm-none-eabi/14.2.0/cc1 -quiet <flags> -o build/emerald-test/test/battle/ability/grass_pelt.o test/battle/ability/grass_pelt.c
/home/eddie/devkitpro/opt/devkitpro/devkitARM/bin/../libexec/gcc/arm-none-eabi/14.2.0/cc1 -quiet <flags> -o build/emerald-test/test/battle/ability/grassy_surge.o test/battle/ability/grassy_surge.c
/home/eddie/devkitpro/opt/devkitpro/devkitARM/bin/../libexec/gcc/arm-none-eabi/14.2.0/cc1 -quiet <flags> -o build/emerald-test/test/battle/ability/grim_neigh.o test/battle/ability/grim_neigh.c
/home/eddie/devkitpro/opt/devkitpro/devkitARM/bin/../libexec/gcc/arm-none-eabi/14.2.0/cc1 -quiet <flags> -o build/emerald-test/test/battle/ability/guard_dog.o test/battle/ability/guard_dog.c
/home/eddie/devkitpro/opt/devkitpro/devkitARM/bin/../libexec/gcc/arm-none-eabi/14.2.0/cc1 -quiet <flags> -o build/emerald-test/test/battle/ability/gulp_missile.o test/battle/ability/gulp_missile.c
/home/eddie/devkitpro/opt/devkitpro/devkitARM/bin/../libexec/gcc/arm-none-eabi/14.2.0/cc1 -quiet <flags> -o build/emerald-test/test/battle/ability/guts.o test/battle/ability/guts.c
/home/eddie/devkitpro/opt/devkitpro/devkitARM/bin/../libexec/gcc/arm-none-eabi/14.2.0/cc1 -quiet <flags> -o build/emerald-test/test/battle/ability/hadron_engine.o test/battle/ability/hadron_engine.c
/home/eddie/devkitpro/opt/devkitpro/devkitARM/bin/../libexec/gcc/arm-none-eabi/14.2.0/cc1 -quiet <flags> -o build/emerald-test/test/battle/ability/harvest.o test/battle/ability/harvest.c
/home/eddie/devkitpro/opt/devkitpro/devkitARM/bin/../libexec/gcc/arm-none-eabi/14.2.0/cc1 -quiet <flags> -o build/emerald-test/test/battle/ability/healer.o test/battle/ability/healer.c
/home/eddie/devkitpro/opt/devkitpro/devkitARM/bin/../libexec/gcc/arm-none-eabi/14.2.0/cc1 -quiet <flags> -o build/emerald-test/test/battle/ability/heatproof.o test/battle/ability/heatproof.c
/home/eddie/devkitpro/opt/devkitpro/devkitARM/bin/../libexec/gcc/arm-none-eabi/14.2.0/cc1 -quiet <flags> -o build/emerald-test/test/battle/ability/heavy_metal.o test/battle/ability/heavy_metal.c
/home/eddie/devkitpro/opt/devkitpro/devkitARM/bin/../libexec/gcc/arm-none-eabi/14.2.0/cc1 -quiet <flags> -o build/emerald-test/test/battle/ability/honey_gather.o test/battle/ability/honey_gather.c
/home/eddie/devkitpro/opt/devkitpro/devkitARM/bin/../libexec/gcc/arm-none-eabi/14.2.0/cc1 -quiet <flags> -o build/emerald-test/test/battle/ability/hospitality.o test/battle/ability/hospitality.c
/home/eddie/devkitpro/opt/devkitpro/devkitARM/bin/../libexec/gcc/arm-none-eabi/14.2.0/cc1 -quiet <flags> -o build/emerald-test/test/battle/ability/huge_power.o test/battle/ability/huge_power.c
/home/eddie/devkitpro/opt/devkitpro/devkitARM/bin/../libexec/gcc/arm-none-eabi/14.2.0/cc1 -quiet <flags> -o build/emerald-test/test/battle/ability/hunger_switch.o test/battle/ability/hunger_switch.c
/home/eddie/devkitpro/opt/devkitpro/devkitARM/bin/../libexec/gcc/arm-none-eabi/14.2.0/cc1 -quiet <flags> -o build/emerald-test/test/battle/ability/hustle.o test/battle/ability/hustle.c
/home/eddie/devkitpro/opt/devkitpro/devkitARM/bin/../libexec/gcc/arm-none-eabi/14.2.0/cc1 -quiet <flags> -o build/emerald-test/test/battle/ability/hydration.o test/battle/ability/hydration.c
/home/eddie/devkitpro/opt/devkitpro/devkitARM/bin/../libexec/gcc/arm-none-eabi/14.2.0/cc1 -quiet <flags> -o build/emerald-test/test/battle/ability/hyper_cutter.o test/battle/ability/hyper_cutter.c
/home/eddie/devkitpro/opt/devkitpro/devkitARM/bin/../libexec/gcc/arm-none-eabi/14.2.0/cc1 -quiet <flags> -o build/emerald-test/test/battle/ability/ice_body.o test/battle/ability/ice_body.c
/home/eddie/devkitpro/opt/devkitpro/devkitARM/bin/../libexec/gcc/arm-none-eabi/14.2.0/cc1 -quiet <flags> -o build/emerald-test/test/battle/ability/ice_face.o test/battle/ability/ice_face.c
/home/eddie/devkitpro/opt/devkitpro/devkitARM/bin/../libexec/gcc/arm-none-eabi/14.2.0/cc1 -quiet <flags> -o build/emerald-test/test/battle/ability/ice_scales.o test/battle/ability/ice_scales.c
/home/eddie/devkitpro/opt/devkitpro/devkitARM/bin/../libexec/gcc/arm-none-eabi/14.2.0/cc1 -quiet <flags> -o build/emerald-test/test/battle/ability/illuminate.o test/battle/ability/illuminate.c
/home/eddie/devkitpro/opt/devkitpro/devkitARM/bin/../libexec/gcc/arm-none-eabi/14.2.0/cc1 -quiet <flags> -o build/emerald-test/test/battle/ability/illusion.o test/battle/ability/illusion.c
/home/eddie/devkitpro/opt/devkitpro/devkitARM/bin/../libexec/gcc/arm-none-eabi/14.2.0/cc1 -quiet <flags> -o build/emerald-test/test/battle/ability/immunity.o test/battle/ability/immunity.c
/home/eddie/devkitpro/opt/devkitpro/devkitARM/bin/../libexec/gcc/arm-none-eabi/14.2.0/cc1 -quiet <flags> -o build/emerald-test/test/battle/ability/imposter.o test/battle/ability/imposter.c
/home/eddie/devkitpro/opt/devkitpro/devkitARM/bin/../libexec/gcc/arm-none-eabi/14.2.0/cc1 -quiet <flags> -o build/emerald-test/test/battle/ability/infiltrator.o test/battle/ability/infiltrator.c
/home/eddie/devkitpro/opt/devkitpro/devkitARM/bin/../libexec/gcc/arm-none-eabi/14.2.0/cc1 -quiet <flags> -o build/emerald-test/test/battle/ability/innards_out.o test/battle/ability/innards_out.c
/home/eddie/devkitpro/opt/devkitpro/devkitARM/bin/../libexec/gcc/arm-none-eabi/14.2.0/cc1 -quiet <flags> -o build/emerald-test/test/battle/ability/inner_focus.o test/battle/ability/inner_focus.c
/home/eddie/devkitpro/opt/devkitpro/devkitARM/bin/../libexec/gcc/arm-none-eabi/14.2.0/cc1 -quiet <flags> -o build/emerald-test/test/battle/ability/insomnia.o test/battle/ability/insomnia.c
/home/eddie/devkitpro/opt/devkitpro/devkitARM/bin/../libexec/gcc/arm-none-eabi/14.2.0/cc1 -quiet <flags> -o build/emerald-test/test/battle/ability/intimidate.o test/battle/ability/intimidate.c
/home/eddie/devkitpro/opt/devkitpro/devkitARM/bin/../libexec/gcc/arm-none-eabi/14.2.0/cc1 -quiet <flags> -o build/emerald-test/test/battle/ability/intrepid_sword.o test/battle/ability/intrepid_sword.c
/home/eddie/devkitpro/opt/devkitpro/devkitARM/bin/../libexec/gcc/arm-none-eabi/14.2.0/cc1 -quiet <flags> -o build/emerald-test/test/battle/ability/iron_barbs.o test/battle/ability/iron_barbs.c
/home/eddie/devkitpro/opt/devkitpro/devkitARM/bin/../libexec/gcc/arm-none-eabi/14.2.0/cc1 -quiet <flags> -o build/emerald-test/test/battle/ability/iron_fist.o test/battle/ability/iron_fist.c
/home/eddie/devkitpro/opt/devkitpro/devkitARM/bin/../libexec/gcc/arm-none-eabi/14.2.0/cc1 -quiet <flags> -o build/emerald-test/test/battle/ability/justified.o test/battle/ability/justified.c
/home/eddie/devkitpro/opt/devkitpro/devkitARM/bin/../libexec/gcc/arm-none-eabi/14.2.0/cc1 -quiet <flags> -o build/emerald-test/test/battle/ability/keen_eye.o test/battle/ability/keen_eye.c
/home/eddie/devkitpro/opt/devkitpro/devkitARM/bin/../libexec/gcc/arm-none-eabi/14.2.0/cc1 -quiet <flags> -o build/emerald-test/test/battle/ability/klutz.o test/battle/ability/klutz.c
/home/eddie/devkitpro/opt/devkitpro/devkitARM/bin/../libexec/gcc/arm-none-eabi/14.2.0/cc1 -quiet <flags> -o build/emerald-test/test/battle/ability/leaf_guard.o test/battle/ability/leaf_guard.c
/home/eddie/devkitpro/opt/devkitpro/devkitARM/bin/../libexec/gcc/arm-none-eabi/14.2.0/cc1 -quiet <flags> -o build/emerald-test/test/battle/ability/levitate.o test/battle/ability/levitate.c
/home/eddie/devkitpro/opt/devkitpro/devkitARM/bin/../libexec/gcc/arm-none-eabi/14.2.0/cc1 -quiet <flags> -o build/emerald-test/test/battle/ability/libero.o test/battle/ability/libero.c
/home/eddie/devkitpro/opt/devkitpro/devkitARM/bin/../libexec/gcc/arm-none-eabi/14.2.0/cc1 -quiet <flags> -o build/emerald-test/test/battle/ability/light_metal.o test/battle/ability/light_metal.c
/home/eddie/devkitpro/opt/devkitpro/devkitARM/bin/../libexec/gcc/arm-none-eabi/14.2.0/cc1 -quiet <flags> -o build/emerald-test/test/battle/ability/limber.o test/battle/ability/limber.c
/home/eddie/devkitpro/opt/devkitpro/devkitARM/bin/../libexec/gcc/arm-none-eabi/14.2.0/cc1 -quiet <flags> -o build/emerald-test/test/battle/ability/lightning_rod.o test/battle/ability/lightning_rod.c
/home/eddie/devkitpro/opt/devkitpro/devkitARM/bin/../libexec/gcc/arm-none-eabi/14.2.0/cc1 -quiet <flags> -o build/emerald-test/test/battle/ability/lingering_aroma.o test/battle/ability/lingering_aroma.c
/home/eddie/devkitpro/opt/devkitpro/devkitARM/bin/../libexec/gcc/arm-none-eabi/14.2.0/cc1 -quiet <flags> -o build/emerald-test/test/battle/ability/liquid_ooze.o test/battle/ability/liquid_ooze.c
/home/eddie/devkitpro/opt/devkitpro/devkitARM/bin/../libexec/gcc/arm-none-eabi/14.2.0/cc1 -quiet <flags> -o build/emerald-test/test/battle/ability/liquid_voice.o test/battle/ability/liquid_voice.c
/home/eddie/devkitpro/opt/devkitpro/devkitARM/bin/../libexec/gcc/arm-none-eabi/14.2.0/cc1 -quiet <flags> -o build/emerald-test/test/battle/ability/long_reach.o test/battle/ability/long_reach.c
/home/eddie/devkitpro/opt/devkitpro/devkitARM/bin/../libexec/gcc/arm-none-eabi/14.2.0/cc1 -quiet <flags> -o build/emerald-test/test/battle/ability/magic_bounce.o test/battle/ability/magic_bounce.c
/home/eddie/devkitpro/opt/devkitpro/devkitARM/bin/../libexec/gcc/arm-none-eabi/14.2.0/cc1 -quiet <flags> -o build/emerald-test/test/battle/ability/magic_guard.o test/battle/ability/magic_guard.c
/home/eddie/devkitpro/opt/devkitpro/devkitARM/bin/../libexec/gcc/arm-none-eabi/14.2.0/cc1 -quiet <flags> -o build/emerald-test/test/battle/ability/magician.o test/battle/ability/magician.c
/home/eddie/devkitpro/opt/devkitpro/devkitARM/bin/../libexec/gcc/arm-none-eabi/14.2.0/cc1 -quiet <flags> -o build/emerald-test/test/battle/ability/magma_armor.o test/battle/ability/magma_armor.c
/home/eddie/devkitpro/opt/devkitpro/devkitARM/bin/../libexec/gcc/arm-none-eabi/14.2.0/cc1 -quiet <flags> -o build/emerald-test/test/battle/ability/magnet_pull.o test/battle/ability/magnet_pull.c
/home/eddie/devkitpro/opt/devkitpro/devkitARM/bin/../libexec/gcc/arm-none-eabi/14.2.0/cc1 -quiet <flags> -o build/emerald-test/test/battle/ability/marvel_scale.o test/battle/ability/marvel_scale.c
/home/eddie/devkitpro/opt/devkitpro/devkitARM/bin/../libexec/gcc/arm-none-eabi/14.2.0/cc1 -quiet <flags> -o build/emerald-test/test/battle/ability/mega_launcher.o test/battle/ability/mega_launcher.c
/home/eddie/devkitpro/opt/devkitpro/devkitARM/bin/../libexec/gcc/arm-none-eabi/14.2.0/cc1 -quiet <flags> -o build/emerald-test/test/battle/ability/mega_sol.o test/battle/ability/mega_sol.c
/home/eddie/devkitpro/opt/devkitpro/devkitARM/bin/../libexec/gcc/arm-none-eabi/14.2.0/cc1 -quiet <flags> -o build/emerald-test/test/battle/ability/merciless.o test/battle/ability/merciless.c
/home/eddie/devkitpro/opt/devkitpro/devkitARM/bin/../libexec/gcc/arm-none-eabi/14.2.0/cc1 -quiet <flags> -o build/emerald-test/test/battle/ability/mimicry.o test/battle/ability/mimicry.c
/home/eddie/devkitpro/opt/devkitpro/devkitARM/bin/../libexec/gcc/arm-none-eabi/14.2.0/cc1 -quiet <flags> -o build/emerald-test/test/battle/ability/minds_eye.o test/battle/ability/minds_eye.c
/home/eddie/devkitpro/opt/devkitpro/devkitARM/bin/../libexec/gcc/arm-none-eabi/14.2.0/cc1 -quiet <flags> -o build/emerald-test/test/battle/ability/minus.o test/battle/ability/minus.c
/home/eddie/devkitpro/opt/devkitpro/devkitARM/bin/../libexec/gcc/arm-none-eabi/14.2.0/cc1 -quiet <flags> -o build/emerald-test/test/battle/ability/mirror_armor.o test/battle/ability/mirror_armor.c
/home/eddie/devkitpro/opt/devkitpro/devkitARM/bin/../libexec/gcc/arm-none-eabi/14.2.0/cc1 -quiet <flags> -o build/emerald-test/test/battle/ability/misty_surge.o test/battle/ability/misty_surge.c
/home/eddie/devkitpro/opt/devkitpro/devkitARM/bin/../libexec/gcc/arm-none-eabi/14.2.0/cc1 -quiet <flags> -o build/emerald-test/test/battle/ability/mold_breaker.o test/battle/ability/mold_breaker.c
/home/eddie/devkitpro/opt/devkitpro/devkitARM/bin/../libexec/gcc/arm-none-eabi/14.2.0/cc1 -quiet <flags> -o build/emerald-test/test/battle/ability/moody.o test/battle/ability/moody.c
/home/eddie/devkitpro/opt/devkitpro/devkitARM/bin/../libexec/gcc/arm-none-eabi/14.2.0/cc1 -quiet <flags> -o build/emerald-test/test/battle/ability/motor_drive.o test/battle/ability/motor_drive.c
/home/eddie/devkitpro/opt/devkitpro/devkitARM/bin/../libexec/gcc/arm-none-eabi/14.2.0/cc1 -quiet <flags> -o build/emerald-test/test/battle/ability/moxie.o test/battle/ability/moxie.c
/home/eddie/devkitpro/opt/devkitpro/devkitARM/bin/../libexec/gcc/arm-none-eabi/14.2.0/cc1 -quiet <flags> -o build/emerald-test/test/battle/ability/multiscale.o test/battle/ability/multiscale.c
/home/eddie/devkitpro/opt/devkitpro/devkitARM/bin/../libexec/gcc/arm-none-eabi/14.2.0/cc1 -quiet <flags> -o build/emerald-test/test/battle/ability/multitype.o test/battle/ability/multitype.c
/home/eddie/devkitpro/opt/devkitpro/devkitARM/bin/../libexec/gcc/arm-none-eabi/14.2.0/cc1 -quiet <flags> -o build/emerald-test/test/battle/ability/mummy.o test/battle/ability/mummy.c
/home/eddie/devkitpro/opt/devkitpro/devkitARM/bin/../libexec/gcc/arm-none-eabi/14.2.0/cc1 -quiet <flags> -o build/emerald-test/test/battle/ability/mycelium_might.o test/battle/ability/mycelium_might.c
/home/eddie/devkitpro/opt/devkitpro/devkitARM/bin/../libexec/gcc/arm-none-eabi/14.2.0/cc1 -quiet <flags> -o build/emerald-test/test/battle/ability/natural_cure.o test/battle/ability/natural_cure.c
/home/eddie/devkitpro/opt/devkitpro/devkitARM/bin/../libexec/gcc/arm-none-eabi/14.2.0/cc1 -quiet <flags> -o build/emerald-test/test/battle/ability/neuroforce.o test/battle/ability/neuroforce.c
/home/eddie/devkitpro/opt/devkitpro/devkitARM/bin/../libexec/gcc/arm-none-eabi/14.2.0/cc1 -quiet <flags> -o build/emerald-test/test/battle/ability/neutralizing_gas.o test/battle/ability/neutralizing_gas.c
/home/eddie/devkitpro/opt/devkitpro/devkitARM/bin/../libexec/gcc/arm-none-eabi/14.2.0/cc1 -quiet <flags> -o build/emerald-test/test/battle/ability/no_guard.o test/battle/ability/no_guard.c
/home/eddie/devkitpro/opt/devkitpro/devkitARM/bin/../libexec/gcc/arm-none-eabi/14.2.0/cc1 -quiet <flags> -o build/emerald-test/test/battle/ability/normalize.o test/battle/ability/normalize.c
/home/eddie/devkitpro/opt/devkitpro/devkitARM/bin/../libexec/gcc/arm-none-eabi/14.2.0/cc1 -quiet <flags> -o build/emerald-test/test/battle/ability/oblivious.o test/battle/ability/oblivious.c
/home/eddie/devkitpro/opt/devkitpro/devkitARM/bin/../libexec/gcc/arm-none-eabi/14.2.0/cc1 -quiet <flags> -o build/emerald-test/test/battle/ability/opportunist.o test/battle/ability/opportunist.c
/home/eddie/devkitpro/opt/devkitpro/devkitARM/bin/../libexec/gcc/arm-none-eabi/14.2.0/cc1 -quiet <flags> -o build/emerald-test/test/battle/ability/orichalcum_pulse.o test/battle/ability/orichalcum_pulse.c
/home/eddie/devkitpro/opt/devkitpro/devkitARM/bin/../libexec/gcc/arm-none-eabi/14.2.0/cc1 -quiet <flags> -o build/emerald-test/test/battle/ability/overcoat.o test/battle/ability/overcoat.c
/home/eddie/devkitpro/opt/devkitpro/devkitARM/bin/../libexec/gcc/arm-none-eabi/14.2.0/cc1 -quiet <flags> -o build/emerald-test/test/battle/ability/overgrow.o test/battle/ability/overgrow.c
/home/eddie/devkitpro/opt/devkitpro/devkitARM/bin/../libexec/gcc/arm-none-eabi/14.2.0/cc1 -quiet <flags> -o build/emerald-test/test/battle/ability/own_tempo.o test/battle/ability/own_tempo.c
/home/eddie/devkitpro/opt/devkitpro/devkitARM/bin/../libexec/gcc/arm-none-eabi/14.2.0/cc1 -quiet <flags> -o build/emerald-test/test/battle/ability/parental_bond.o test/battle/ability/parental_bond.c
/home/eddie/devkitpro/opt/devkitpro/devkitARM/bin/../libexec/gcc/arm-none-eabi/14.2.0/cc1 -quiet <flags> -o build/emerald-test/test/battle/ability/pastel_veil.o test/battle/ability/pastel_veil.c
/home/eddie/devkitpro/opt/devkitpro/devkitARM/bin/../libexec/gcc/arm-none-eabi/14.2.0/cc1 -quiet <flags> -o build/emerald-test/test/battle/ability/perish_body.o test/battle/ability/perish_body.c
/home/eddie/devkitpro/opt/devkitpro/devkitARM/bin/../libexec/gcc/arm-none-eabi/14.2.0/cc1 -quiet <flags> -o build/emerald-test/test/battle/ability/pickpocket.o test/battle/ability/pickpocket.c
/home/eddie/devkitpro/opt/devkitpro/devkitARM/bin/../libexec/gcc/arm-none-eabi/14.2.0/cc1 -quiet <flags> -o build/emerald-test/test/battle/ability/pickup.o test/battle/ability/pickup.c
/home/eddie/devkitpro/opt/devkitpro/devkitARM/bin/../libexec/gcc/arm-none-eabi/14.2.0/cc1 -quiet <flags> -o build/emerald-test/test/battle/ability/pixilate.o test/battle/ability/pixilate.c
/home/eddie/devkitpro/opt/devkitpro/devkitARM/bin/../libexec/gcc/arm-none-eabi/14.2.0/cc1 -quiet <flags> -o build/emerald-test/test/battle/ability/plus.o test/battle/ability/plus.c
/home/eddie/devkitpro/opt/devkitpro/devkitARM/bin/../libexec/gcc/arm-none-eabi/14.2.0/cc1 -quiet <flags> -o build/emerald-test/test/battle/ability/poison_heal.o test/battle/ability/poison_heal.c
/home/eddie/devkitpro/opt/devkitpro/devkitARM/bin/../libexec/gcc/arm-none-eabi/14.2.0/cc1 -quiet <flags> -o build/emerald-test/test/battle/ability/poison_point.o test/battle/ability/poison_point.c
/home/eddie/devkitpro/opt/devkitpro/devkitARM/bin/../libexec/gcc/arm-none-eabi/14.2.0/cc1 -quiet <flags> -o build/emerald-test/test/battle/ability/poison_puppeteer.o test/battle/ability/poison_puppeteer.c
/home/eddie/devkitpro/opt/devkitpro/devkitARM/bin/../libexec/gcc/arm-none-eabi/14.2.0/cc1 -quiet <flags> -o build/emerald-test/test/battle/ability/poison_touch.o test/battle/ability/poison_touch.c
/home/eddie/devkitpro/opt/devkitpro/devkitARM/bin/../libexec/gcc/arm-none-eabi/14.2.0/cc1 -quiet <flags> -o build/emerald-test/test/battle/ability/power_construct.o test/battle/ability/power_construct.c
/home/eddie/devkitpro/opt/devkitpro/devkitARM/bin/../libexec/gcc/arm-none-eabi/14.2.0/cc1 -quiet <flags> -o build/emerald-test/test/battle/ability/power_of_alchemy.o test/battle/ability/power_of_alchemy.c
/home/eddie/devkitpro/opt/devkitpro/devkitARM/bin/../libexec/gcc/arm-none-eabi/14.2.0/cc1 -quiet <flags> -o build/emerald-test/test/battle/ability/power_spot.o test/battle/ability/power_spot.c
/home/eddie/devkitpro/opt/devkitpro/devkitARM/bin/../libexec/gcc/arm-none-eabi/14.2.0/cc1 -quiet <flags> -o build/emerald-test/test/battle/ability/prankster.o test/battle/ability/prankster.c
/home/eddie/devkitpro/opt/devkitpro/devkitARM/bin/../libexec/gcc/arm-none-eabi/14.2.0/cc1 -quiet <flags> -o build/emerald-test/test/battle/ability/pressure.o test/battle/ability/pressure.c
/home/eddie/devkitpro/opt/devkitpro/devkitARM/bin/../libexec/gcc/arm-none-eabi/14.2.0/cc1 -quiet <flags> -o build/emerald-test/test/battle/ability/primordial_sea.o test/battle/ability/primordial_sea.c
/home/eddie/devkitpro/opt/devkitpro/devkitARM/bin/../libexec/gcc/arm-none-eabi/14.2.0/cc1 -quiet <flags> -o build/emerald-test/test/battle/ability/prism_armor.o test/battle/ability/prism_armor.c
/home/eddie/devkitpro/opt/devkitpro/devkitARM/bin/../libexec/gcc/arm-none-eabi/14.2.0/cc1 -quiet <flags> -o build/emerald-test/test/battle/ability/propeller_tail.o test/battle/ability/propeller_tail.c
/home/eddie/devkitpro/opt/devkitpro/devkitARM/bin/../libexec/gcc/arm-none-eabi/14.2.0/cc1 -quiet <flags> -o build/emerald-test/test/battle/ability/protean.o test/battle/ability/protean.c
/home/eddie/devkitpro/opt/devkitpro/devkitARM/bin/../libexec/gcc/arm-none-eabi/14.2.0/cc1 -quiet <flags> -o build/emerald-test/test/battle/ability/protosynthesis.o test/battle/ability/protosynthesis.c
/home/eddie/devkitpro/opt/devkitpro/devkitARM/bin/../libexec/gcc/arm-none-eabi/14.2.0/cc1 -quiet <flags> -o build/emerald-test/test/battle/ability/psychic_surge.o test/battle/ability/psychic_surge.c
/home/eddie/devkitpro/opt/devkitpro/devkitARM/bin/../libexec/gcc/arm-none-eabi/14.2.0/cc1 -quiet <flags> -o build/emerald-test/test/battle/ability/punk_rock.o test/battle/ability/punk_rock.c
/home/eddie/devkitpro/opt/devkitpro/devkitARM/bin/../libexec/gcc/arm-none-eabi/14.2.0/cc1 -quiet <flags> -o build/emerald-test/test/battle/ability/pure_power.o test/battle/ability/pure_power.c
/home/eddie/devkitpro/opt/devkitpro/devkitARM/bin/../libexec/gcc/arm-none-eabi/14.2.0/cc1 -quiet <flags> -o build/emerald-test/test/battle/ability/purifying_salt.o test/battle/ability/purifying_salt.c
/home/eddie/devkitpro/opt/devkitpro/devkitARM/bin/../libexec/gcc/arm-none-eabi/14.2.0/cc1 -quiet <flags> -o build/emerald-test/test/battle/ability/quark_drive.o test/battle/ability/quark_drive.c
/home/eddie/devkitpro/opt/devkitpro/devkitARM/bin/../libexec/gcc/arm-none-eabi/14.2.0/cc1 -quiet <flags> -o build/emerald-test/test/battle/ability/queenly_majesty.o test/battle/ability/queenly_majesty.c
/home/eddie/devkitpro/opt/devkitpro/devkitARM/bin/../libexec/gcc/arm-none-eabi/14.2.0/cc1 -quiet <flags> -o build/emerald-test/test/battle/ability/quick_draw.o test/battle/ability/quick_draw.c
/home/eddie/devkitpro/opt/devkitpro/devkitARM/bin/../libexec/gcc/arm-none-eabi/14.2.0/cc1 -quiet <flags> -o build/emerald-test/test/battle/ability/quick_feet.o test/battle/ability/quick_feet.c
/home/eddie/devkitpro/opt/devkitpro/devkitARM/bin/../libexec/gcc/arm-none-eabi/14.2.0/cc1 -quiet <flags> -o build/emerald-test/test/battle/ability/rain_dish.o test/battle/ability/rain_dish.c
/home/eddie/devkitpro/opt/devkitpro/devkitARM/bin/../libexec/gcc/arm-none-eabi/14.2.0/cc1 -quiet <flags> -o build/emerald-test/test/battle/ability/rattled.o test/battle/ability/rattled.c
/home/eddie/devkitpro/opt/devkitpro/devkitARM/bin/../libexec/gcc/arm-none-eabi/14.2.0/cc1 -quiet <flags> -o build/emerald-test/test/battle/ability/receiver.o test/battle/ability/receiver.c
/home/eddie/devkitpro/opt/devkitpro/devkitARM/bin/../libexec/gcc/arm-none-eabi/14.2.0/cc1 -quiet <flags> -o build/emerald-test/test/battle/ability/reckless.o test/battle/ability/reckless.c
/home/eddie/devkitpro/opt/devkitpro/devkitARM/bin/../libexec/gcc/arm-none-eabi/14.2.0/cc1 -quiet <flags> -o build/emerald-test/test/battle/ability/refrigerate.o test/battle/ability/refrigerate.c
/home/eddie/devkitpro/opt/devkitpro/devkitARM/bin/../libexec/gcc/arm-none-eabi/14.2.0/cc1 -quiet <flags> -o build/emerald-test/test/battle/ability/regenerator.o test/battle/ability/regenerator.c
/home/eddie/devkitpro/opt/devkitpro/devkitARM/bin/../libexec/gcc/arm-none-eabi/14.2.0/cc1 -quiet <flags> -o build/emerald-test/test/battle/ability/rivalry.o test/battle/ability/rivalry.c
/home/eddie/devkitpro/opt/devkitpro/devkitARM/bin/../libexec/gcc/arm-none-eabi/14.2.0/cc1 -quiet <flags> -o build/emerald-test/test/battle/ability/rks_system.o test/battle/ability/rks_system.c
/home/eddie/devkitpro/opt/devkitpro/devkitARM/bin/../libexec/gcc/arm-none-eabi/14.2.0/cc1 -quiet <flags> -o build/emerald-test/test/battle/ability/rock_head.o test/battle/ability/rock_head.c
/home/eddie/devkitpro/opt/devkitpro/devkitARM/bin/../libexec/gcc/arm-none-eabi/14.2.0/cc1 -quiet <flags> -o build/emerald-test/test/battle/ability/rocky_payload.o test/battle/ability/rocky_payload.c
/home/eddie/devkitpro/opt/devkitpro/devkitARM/bin/../libexec/gcc/arm-none-eabi/14.2.0/cc1 -quiet <flags> -o build/emerald-test/test/battle/ability/run_away.o test/battle/ability/run_away.c
/home/eddie/devkitpro/opt/devkitpro/devkitARM/bin/../libexec/gcc/arm-none-eabi/14.2.0/cc1 -quiet <flags> -o build/emerald-test/test/battle/ability/sand_force.o test/battle/ability/sand_force.c
/home/eddie/devkitpro/opt/devkitpro/devkitARM/bin/../libexec/gcc/arm-none-eabi/14.2.0/cc1 -quiet <flags> -o build/emerald-test/test/battle/ability/sand_rush.o test/battle/ability/sand_rush.c
/home/eddie/devkitpro/opt/devkitpro/devkitARM/bin/../libexec/gcc/arm-none-eabi/14.2.0/cc1 -quiet <flags> -o build/emerald-test/test/battle/ability/sand_spit.o test/battle/ability/sand_spit.c
/home/eddie/devkitpro/opt/devkitpro/devkitARM/bin/../libexec/gcc/arm-none-eabi/14.2.0/cc1 -quiet <flags> -o build/emerald-test/test/battle/ability/sand_stream.o test/battle/ability/sand_stream.c
/home/eddie/devkitpro/opt/devkitpro/devkitARM/bin/../libexec/gcc/arm-none-eabi/14.2.0/cc1 -quiet <flags> -o build/emerald-test/test/battle/ability/sand_veil.o test/battle/ability/sand_veil.c
/home/eddie/devkitpro/opt/devkitpro/devkitARM/bin/../libexec/gcc/arm-none-eabi/14.2.0/cc1 -quiet <flags> -o build/emerald-test/test/battle/ability/sap_sipper.o test/battle/ability/sap_sipper.c
/home/eddie/devkitpro/opt/devkitpro/devkitARM/bin/../libexec/gcc/arm-none-eabi/14.2.0/cc1 -quiet <flags> -o build/emerald-test/test/battle/ability/schooling.o test/battle/ability/schooling.c
/home/eddie/devkitpro/opt/devkitpro/devkitARM/bin/../libexec/gcc/arm-none-eabi/14.2.0/cc1 -quiet <flags> -o build/emerald-test/test/battle/ability/scrappy.o test/battle/ability/scrappy.c
/home/eddie/devkitpro/opt/devkitpro/devkitARM/bin/../libexec/gcc/arm-none-eabi/14.2.0/cc1 -quiet <flags> -o build/emerald-test/test/battle/ability/screen_cleaner.o test/battle/ability/screen_cleaner.c
/home/eddie/devkitpro/opt/devkitpro/devkitARM/bin/../libexec/gcc/arm-none-eabi/14.2.0/cc1 -quiet <flags> -o build/emerald-test/test/battle/ability/seed_sower.o test/battle/ability/seed_sower.c
/home/eddie/devkitpro/opt/devkitpro/devkitARM/bin/../libexec/gcc/arm-none-eabi/14.2.0/cc1 -quiet <flags> -o build/emerald-test/test/battle/ability/serene_grace.o test/battle/ability/serene_grace.c
/home/eddie/devkitpro/opt/devkitpro/devkitARM/bin/../libexec/gcc/arm-none-eabi/14.2.0/cc1 -quiet <flags> -o build/emerald-test/test/battle/ability/shadow_shield.o test/battle/ability/shadow_shield.c
/home/eddie/devkitpro/opt/devkitpro/devkitARM/bin/../libexec/gcc/arm-none-eabi/14.2.0/cc1 -quiet <flags> -o build/emerald-test/test/battle/ability/shadow_tag.o test/battle/ability/shadow_tag.c
/home/eddie/devkitpro/opt/devkitpro/devkitARM/bin/../libexec/gcc/arm-none-eabi/14.2.0/cc1 -quiet <flags> -o build/emerald-test/test/battle/ability/sharpness.o test/battle/ability/sharpness.c
/home/eddie/devkitpro/opt/devkitpro/devkitARM/bin/../libexec/gcc/arm-none-eabi/14.2.0/cc1 -quiet <flags> -o build/emerald-test/test/battle/ability/shed_skin.o test/battle/ability/shed_skin.c
/home/eddie/devkitpro/opt/devkitpro/devkitARM/bin/../libexec/gcc/arm-none-eabi/14.2.0/cc1 -quiet <flags> -o build/emerald-test/test/battle/ability/sheer_force.o test/battle/ability/sheer_force.c
/home/eddie/devkitpro/opt/devkitpro/devkitARM/bin/../libexec/gcc/arm-none-eabi/14.2.0/cc1 -quiet <flags> -o build/emerald-test/test/battle/ability/shell_armor.o test/battle/ability/shell_armor.c
/home/eddie/devkitpro/opt/devkitpro/devkitARM/bin/../libexec/gcc/arm-none-eabi/14.2.0/cc1 -quiet <flags> -o build/emerald-test/test/battle/ability/shields_down.o test/battle/ability/shields_down.c
/home/eddie/devkitpro/opt/devkitpro/devkitARM/bin/../libexec/gcc/arm-none-eabi/14.2.0/cc1 -quiet <flags> -o build/emerald-test/test/battle/ability/shield_dust.o test/battle/ability/shield_dust.c
/home/eddie/devkitpro/opt/devkitpro/devkitARM/bin/../libexec/gcc/arm-none-eabi/14.2.0/cc1 -quiet <flags> -o build/emerald-test/test/battle/ability/simple.o test/battle/ability/simple.c
/home/eddie/devkitpro/opt/devkitpro/devkitARM/bin/../libexec/gcc/arm-none-eabi/14.2.0/cc1 -quiet <flags> -o build/emerald-test/test/battle/ability/skill_link.o test/battle/ability/skill_link.c
/home/eddie/devkitpro/opt/devkitpro/devkitARM/bin/../libexec/gcc/arm-none-eabi/14.2.0/cc1 -quiet <flags> -o build/emerald-test/test/battle/ability/slow_start.o test/battle/ability/slow_start.c
/home/eddie/devkitpro/opt/devkitpro/devkitARM/bin/../libexec/gcc/arm-none-eabi/14.2.0/cc1 -quiet <flags> -o build/emerald-test/test/battle/ability/slush_rush.o test/battle/ability/slush_rush.c
/home/eddie/devkitpro/opt/devkitpro/devkitARM/bin/../libexec/gcc/arm-none-eabi/14.2.0/cc1 -quiet <flags> -o build/emerald-test/test/battle/ability/snow_cloak.o test/battle/ability/snow_cloak.c
/home/eddie/devkitpro/opt/devkitpro/devkitARM/bin/../libexec/gcc/arm-none-eabi/14.2.0/cc1 -quiet <flags> -o build/emerald-test/test/battle/ability/snow_warning.o test/battle/ability/snow_warning.c
/home/eddie/devkitpro/opt/devkitpro/devkitARM/bin/../libexec/gcc/arm-none-eabi/14.2.0/cc1 -quiet <flags> -o build/emerald-test/test/battle/ability/solar_power.o test/battle/ability/solar_power.c
/home/eddie/devkitpro/opt/devkitpro/devkitARM/bin/../libexec/gcc/arm-none-eabi/14.2.0/cc1 -quiet <flags> -o build/emerald-test/test/battle/ability/solid_rock.o test/battle/ability/solid_rock.c
/home/eddie/devkitpro/opt/devkitpro/devkitARM/bin/../libexec/gcc/arm-none-eabi/14.2.0/cc1 -quiet <flags> -o build/emerald-test/test/battle/ability/soul_heart.o test/battle/ability/soul_heart.c
/home/eddie/devkitpro/opt/devkitpro/devkitARM/bin/../libexec/gcc/arm-none-eabi/14.2.0/cc1 -quiet <flags> -o build/emerald-test/test/battle/ability/soundproof.o test/battle/ability/soundproof.c
/home/eddie/devkitpro/opt/devkitpro/devkitARM/bin/../libexec/gcc/arm-none-eabi/14.2.0/cc1 -quiet <flags> -o build/emerald-test/test/battle/ability/speed_boost.o test/battle/ability/speed_boost.c
/home/eddie/devkitpro/opt/devkitpro/devkitARM/bin/../libexec/gcc/arm-none-eabi/14.2.0/cc1 -quiet <flags> -o build/emerald-test/test/battle/ability/spicy_spray.o test/battle/ability/spicy_spray.c
/home/eddie/devkitpro/opt/devkitpro/devkitARM/bin/../libexec/gcc/arm-none-eabi/14.2.0/cc1 -quiet <flags> -o build/emerald-test/test/battle/ability/stakeout.o test/battle/ability/stakeout.c
/home/eddie/devkitpro/opt/devkitpro/devkitARM/bin/../libexec/gcc/arm-none-eabi/14.2.0/cc1 -quiet <flags> -o build/emerald-test/test/battle/ability/stall.o test/battle/ability/stall.c
/home/eddie/devkitpro/opt/devkitpro/devkitARM/bin/../libexec/gcc/arm-none-eabi/14.2.0/cc1 -quiet <flags> -o build/emerald-test/test/battle/ability/stalwart.o test/battle/ability/stalwart.c
/home/eddie/devkitpro/opt/devkitpro/devkitARM/bin/../libexec/gcc/arm-none-eabi/14.2.0/cc1 -quiet <flags> -o build/emerald-test/test/battle/ability/stamina.o test/battle/ability/stamina.c
/home/eddie/devkitpro/opt/devkitpro/devkitARM/bin/../libexec/gcc/arm-none-eabi/14.2.0/cc1 -quiet <flags> -o build/emerald-test/test/battle/ability/stance_change.o test/battle/ability/stance_change.c
/home/eddie/devkitpro/opt/devkitpro/devkitARM/bin/../libexec/gcc/arm-none-eabi/14.2.0/cc1 -quiet <flags> -o build/emerald-test/test/battle/ability/static.o test/battle/ability/static.c
/home/eddie/devkitpro/opt/devkitpro/devkitARM/bin/../libexec/gcc/arm-none-eabi/14.2.0/cc1 -quiet <flags> -o build/emerald-test/test/battle/ability/steadfast.o test/battle/ability/steadfast.c
/home/eddie/devkitpro/opt/devkitpro/devkitARM/bin/../libexec/gcc/arm-none-eabi/14.2.0/cc1 -quiet <flags> -o build/emerald-test/test/battle/ability/steam_engine.o test/battle/ability/steam_engine.c
/home/eddie/devkitpro/opt/devkitpro/devkitARM/bin/../libexec/gcc/arm-none-eabi/14.2.0/cc1 -quiet <flags> -o build/emerald-test/test/battle/ability/steelworker.o test/battle/ability/steelworker.c
/home/eddie/devkitpro/opt/devkitpro/devkitARM/bin/../libexec/gcc/arm-none-eabi/14.2.0/cc1 -quiet <flags> -o build/emerald-test/test/battle/ability/steely_spirit.o test/battle/ability/steely_spirit.c
/home/eddie/devkitpro/opt/devkitpro/devkitARM/bin/../libexec/gcc/arm-none-eabi/14.2.0/cc1 -quiet <flags> -o build/emerald-test/test/battle/ability/stench.o test/battle/ability/stench.c
/home/eddie/devkitpro/opt/devkitpro/devkitARM/bin/../libexec/gcc/arm-none-eabi/14.2.0/cc1 -quiet <flags> -o build/emerald-test/test/battle/ability/sticky_hold.o test/battle/ability/sticky_hold.c
/home/eddie/devkitpro/opt/devkitpro/devkitARM/bin/../libexec/gcc/arm-none-eabi/14.2.0/cc1 -quiet <flags> -o build/emerald-test/test/battle/ability/storm_drain.o test/battle/ability/storm_drain.c
/home/eddie/devkitpro/opt/devkitpro/devkitARM/bin/../libexec/gcc/arm-none-eabi/14.2.0/cc1 -quiet <flags> -o build/emerald-test/test/battle/ability/strong_jaw.o test/battle/ability/strong_jaw.c
/home/eddie/devkitpro/opt/devkitpro/devkitARM/bin/../libexec/gcc/arm-none-eabi/14.2.0/cc1 -quiet <flags> -o build/emerald-test/test/battle/ability/sturdy.o test/battle/ability/sturdy.c
/home/eddie/devkitpro/opt/devkitpro/devkitARM/bin/../libexec/gcc/arm-none-eabi/14.2.0/cc1 -quiet <flags> -o build/emerald-test/test/battle/ability/suction_cups.o test/battle/ability/suction_cups.c
/home/eddie/devkitpro/opt/devkitpro/devkitARM/bin/../libexec/gcc/arm-none-eabi/14.2.0/cc1 -quiet <flags> -o build/emerald-test/test/battle/ability/super_luck.o test/battle/ability/super_luck.c
/home/eddie/devkitpro/opt/devkitpro/devkitARM/bin/../libexec/gcc/arm-none-eabi/14.2.0/cc1 -quiet <flags> -o build/emerald-test/test/battle/ability/supersweet_syrup.o test/battle/ability/supersweet_syrup.c
/home/eddie/devkitpro/opt/devkitpro/devkitARM/bin/../libexec/gcc/arm-none-eabi/14.2.0/cc1 -quiet <flags> -o build/emerald-test/test/battle/ability/supreme_overlord.o test/battle/ability/supreme_overlord.c
/home/eddie/devkitpro/opt/devkitpro/devkitARM/bin/../libexec/gcc/arm-none-eabi/14.2.0/cc1 -quiet <flags> -o build/emerald-test/test/battle/ability/surge_surfer.o test/battle/ability/surge_surfer.c
/home/eddie/devkitpro/opt/devkitpro/devkitARM/bin/../libexec/gcc/arm-none-eabi/14.2.0/cc1 -quiet <flags> -o build/emerald-test/test/battle/ability/swarm.o test/battle/ability/swarm.c
/home/eddie/devkitpro/opt/devkitpro/devkitARM/bin/../libexec/gcc/arm-none-eabi/14.2.0/cc1 -quiet <flags> -o build/emerald-test/test/battle/ability/sweet_veil.o test/battle/ability/sweet_veil.c
/home/eddie/devkitpro/opt/devkitpro/devkitARM/bin/../libexec/gcc/arm-none-eabi/14.2.0/cc1 -quiet <flags> -o build/emerald-test/test/battle/ability/swift_swim.o test/battle/ability/swift_swim.c
/home/eddie/devkitpro/opt/devkitpro/devkitARM/bin/../libexec/gcc/arm-none-eabi/14.2.0/cc1 -quiet <flags> -o build/emerald-test/test/battle/ability/sword_of_ruin.o test/battle/ability/sword_of_ruin.c
/home/eddie/devkitpro/opt/devkitpro/devkitARM/bin/../libexec/gcc/arm-none-eabi/14.2.0/cc1 -quiet <flags> -o build/emerald-test/test/battle/ability/symbiosis.o test/battle/ability/symbiosis.c
/home/eddie/devkitpro/opt/devkitpro/devkitARM/bin/../libexec/gcc/arm-none-eabi/14.2.0/cc1 -quiet <flags> -o build/emerald-test/test/battle/ability/synchronize.o test/battle/ability/synchronize.c
/home/eddie/devkitpro/opt/devkitpro/devkitARM/bin/../libexec/gcc/arm-none-eabi/14.2.0/cc1 -quiet <flags> -o build/emerald-test/test/battle/ability/tablets_of_ruin.o test/battle/ability/tablets_of_ruin.c
/home/eddie/devkitpro/opt/devkitpro/devkitARM/bin/../libexec/gcc/arm-none-eabi/14.2.0/cc1 -quiet <flags> -o build/emerald-test/test/battle/ability/tangled_feet.o test/battle/ability/tangled_feet.c
/home/eddie/devkitpro/opt/devkitpro/devkitARM/bin/../libexec/gcc/arm-none-eabi/14.2.0/cc1 -quiet <flags> -o build/emerald-test/test/battle/ability/tangling_hair.o test/battle/ability/tangling_hair.c
/home/eddie/devkitpro/opt/devkitpro/devkitARM/bin/../libexec/gcc/arm-none-eabi/14.2.0/cc1 -quiet <flags> -o build/emerald-test/test/battle/ability/technician.o test/battle/ability/technician.c
/home/eddie/devkitpro/opt/devkitpro/devkitARM/bin/../libexec/gcc/arm-none-eabi/14.2.0/cc1 -quiet <flags> -o build/emerald-test/test/battle/ability/telepathy.o test/battle/ability/telepathy.c
/home/eddie/devkitpro/opt/devkitpro/devkitARM/bin/../libexec/gcc/arm-none-eabi/14.2.0/cc1 -quiet <flags> -o build/emerald-test/test/battle/ability/tera_shell.o test/battle/ability/tera_shell.c
/home/eddie/devkitpro/opt/devkitpro/devkitARM/bin/../libexec/gcc/arm-none-eabi/14.2.0/cc1 -quiet <flags> -o build/emerald-test/test/battle/ability/teraform_zero.o test/battle/ability/teraform_zero.c
/home/eddie/devkitpro/opt/devkitpro/devkitARM/bin/../libexec/gcc/arm-none-eabi/14.2.0/cc1 -quiet <flags> -o build/emerald-test/test/battle/ability/tera_shift.o test/battle/ability/tera_shift.c
/home/eddie/devkitpro/opt/devkitpro/devkitARM/bin/../libexec/gcc/arm-none-eabi/14.2.0/cc1 -quiet <flags> -o build/emerald-test/test/battle/ability/teravolt.o test/battle/ability/teravolt.c
/home/eddie/devkitpro/opt/devkitpro/devkitARM/bin/../libexec/gcc/arm-none-eabi/14.2.0/cc1 -quiet <flags> -o build/emerald-test/test/battle/ability/thermal_exchange.o test/battle/ability/thermal_exchange.c
/home/eddie/devkitpro/opt/devkitpro/devkitARM/bin/../libexec/gcc/arm-none-eabi/14.2.0/cc1 -quiet <flags> -o build/emerald-test/test/battle/ability/thick_fat.o test/battle/ability/thick_fat.c
/home/eddie/devkitpro/opt/devkitpro/devkitARM/bin/../libexec/gcc/arm-none-eabi/14.2.0/cc1 -quiet <flags> -o build/emerald-test/test/battle/ability/tinted_lens.o test/battle/ability/tinted_lens.c
/home/eddie/devkitpro/opt/devkitpro/devkitARM/bin/../libexec/gcc/arm-none-eabi/14.2.0/cc1 -quiet <flags> -o build/emerald-test/test/battle/ability/torrent.o test/battle/ability/torrent.c
/home/eddie/devkitpro/opt/devkitpro/devkitARM/bin/../libexec/gcc/arm-none-eabi/14.2.0/cc1 -quiet <flags> -o build/emerald-test/test/battle/ability/tough_claws.o test/battle/ability/tough_claws.c
/home/eddie/devkitpro/opt/devkitpro/devkitARM/bin/../libexec/gcc/arm-none-eabi/14.2.0/cc1 -quiet <flags> -o build/emerald-test/test/battle/ability/toxic_boost.o test/battle/ability/toxic_boost.c
/home/eddie/devkitpro/opt/devkitpro/devkitARM/bin/../libexec/gcc/arm-none-eabi/14.2.0/cc1 -quiet <flags> -o build/emerald-test/test/battle/ability/toxic_debris.o test/battle/ability/toxic_debris.c
/home/eddie/devkitpro/opt/devkitpro/devkitARM/bin/../libexec/gcc/arm-none-eabi/14.2.0/cc1 -quiet <flags> -o build/emerald-test/test/battle/ability/toxic_chain.o test/battle/ability/toxic_chain.c
/home/eddie/devkitpro/opt/devkitpro/devkitARM/bin/../libexec/gcc/arm-none-eabi/14.2.0/cc1 -quiet <flags> -o build/emerald-test/test/battle/ability/trace.o test/battle/ability/trace.c
/home/eddie/devkitpro/opt/devkitpro/devkitARM/bin/../libexec/gcc/arm-none-eabi/14.2.0/cc1 -quiet <flags> -o build/emerald-test/test/battle/ability/transistor.o test/battle/ability/transistor.c
/home/eddie/devkitpro/opt/devkitpro/devkitARM/bin/../libexec/gcc/arm-none-eabi/14.2.0/cc1 -quiet <flags> -o build/emerald-test/test/battle/ability/triage.o test/battle/ability/triage.c
/home/eddie/devkitpro/opt/devkitpro/devkitARM/bin/../libexec/gcc/arm-none-eabi/14.2.0/cc1 -quiet <flags> -o build/emerald-test/test/battle/ability/truant.o test/battle/ability/truant.c
/home/eddie/devkitpro/opt/devkitpro/devkitARM/bin/../libexec/gcc/arm-none-eabi/14.2.0/cc1 -quiet <flags> -o build/emerald-test/test/battle/ability/turboblaze.o test/battle/ability/turboblaze.c
/home/eddie/devkitpro/opt/devkitpro/devkitARM/bin/../libexec/gcc/arm-none-eabi/14.2.0/cc1 -quiet <flags> -o build/emerald-test/test/battle/ability/unaware.o test/battle/ability/unaware.c
/home/eddie/devkitpro/opt/devkitpro/devkitARM/bin/../libexec/gcc/arm-none-eabi/14.2.0/cc1 -quiet <flags> -o build/emerald-test/test/battle/ability/unburden.o test/battle/ability/unburden.c
/home/eddie/devkitpro/opt/devkitpro/devkitARM/bin/../libexec/gcc/arm-none-eabi/14.2.0/cc1 -quiet <flags> -o build/emerald-test/test/battle/ability/unnerve.o test/battle/ability/unnerve.c
/home/eddie/devkitpro/opt/devkitpro/devkitARM/bin/../libexec/gcc/arm-none-eabi/14.2.0/cc1 -quiet <flags> -o build/emerald-test/test/battle/ability/unseen_fist.o test/battle/ability/unseen_fist.c
/home/eddie/devkitpro/opt/devkitpro/devkitARM/bin/../libexec/gcc/arm-none-eabi/14.2.0/cc1 -quiet <flags> -o build/emerald-test/test/battle/ability/vessel_of_ruin.o test/battle/ability/vessel_of_ruin.c
/home/eddie/devkitpro/opt/devkitpro/devkitARM/bin/../libexec/gcc/arm-none-eabi/14.2.0/cc1 -quiet <flags> -o build/emerald-test/test/battle/ability/victory_star.o test/battle/ability/victory_star.c
/home/eddie/devkitpro/opt/devkitpro/devkitARM/bin/../libexec/gcc/arm-none-eabi/14.2.0/cc1 -quiet <flags> -o build/emerald-test/test/battle/ability/vital_spirit.o test/battle/ability/vital_spirit.c
/home/eddie/devkitpro/opt/devkitpro/devkitARM/bin/../libexec/gcc/arm-none-eabi/14.2.0/cc1 -quiet <flags> -o build/emerald-test/test/battle/ability/volt_absorb.o test/battle/ability/volt_absorb.c
/home/eddie/devkitpro/opt/devkitpro/devkitARM/bin/../libexec/gcc/arm-none-eabi/14.2.0/cc1 -quiet <flags> -o build/emerald-test/test/battle/ability/wandering_spirit.o test/battle/ability/wandering_spirit.c
/home/eddie/devkitpro/opt/devkitpro/devkitARM/bin/../libexec/gcc/arm-none-eabi/14.2.0/cc1 -quiet <flags> -o build/emerald-test/test/battle/ability/water_absorb.o test/battle/ability/water_absorb.c
/home/eddie/devkitpro/opt/devkitpro/devkitARM/bin/../libexec/gcc/arm-none-eabi/14.2.0/cc1 -quiet <flags> -o build/emerald-test/test/battle/ability/water_bubble.o test/battle/ability/water_bubble.c
/home/eddie/devkitpro/opt/devkitpro/devkitARM/bin/../libexec/gcc/arm-none-eabi/14.2.0/cc1 -quiet <flags> -o build/emerald-test/test/battle/ability/water_compaction.o test/battle/ability/water_compaction.c
/home/eddie/devkitpro/opt/devkitpro/devkitARM/bin/../libexec/gcc/arm-none-eabi/14.2.0/cc1 -quiet <flags> -o build/emerald-test/test/battle/ability/water_veil.o test/battle/ability/water_veil.c
/home/eddie/devkitpro/opt/devkitpro/devkitARM/bin/../libexec/gcc/arm-none-eabi/14.2.0/cc1 -quiet <flags> -o build/emerald-test/test/battle/ability/weak_armor.o test/battle/ability/weak_armor.c
/home/eddie/devkitpro/opt/devkitpro/devkitARM/bin/../libexec/gcc/arm-none-eabi/14.2.0/cc1 -quiet <flags> -o build/emerald-test/test/battle/ability/well_baked_body.o test/battle/ability/well_baked_body.c
/home/eddie/devkitpro/opt/devkitpro/devkitARM/bin/../libexec/gcc/arm-none-eabi/14.2.0/cc1 -quiet <flags> -o build/emerald-test/test/battle/ability/white_smoke.o test/battle/ability/white_smoke.c
/home/eddie/devkitpro/opt/devkitpro/devkitARM/bin/../libexec/gcc/arm-none-eabi/14.2.0/cc1 -quiet <flags> -o build/emerald-test/test/battle/ability/wimp_out.o test/battle/ability/wimp_out.c
/home/eddie/devkitpro/opt/devkitpro/devkitARM/bin/../libexec/gcc/arm-none-eabi/14.2.0/cc1 -quiet <flags> -o build/emerald-test/test/battle/ability/wind_power.o test/battle/ability/wind_power.c
/home/eddie/devkitpro/opt/devkitpro/devkitARM/bin/../libexec/gcc/arm-none-eabi/14.2.0/cc1 -quiet <flags> -o build/emerald-test/test/battle/ability/wind_rider.o test/battle/ability/wind_rider.c
/home/eddie/devkitpro/opt/devkitpro/devkitARM/bin/../libexec/gcc/arm-none-eabi/14.2.0/cc1 -quiet <flags> -o build/emerald-test/test/battle/ability/wonder_guard.o test/battle/ability/wonder_guard.c
/home/eddie/devkitpro/opt/devkitpro/devkitARM/bin/../libexec/gcc/arm-none-eabi/14.2.0/cc1 -quiet <flags> -o build/emerald-test/test/battle/ability/wonder_skin.o test/battle/ability/wonder_skin.c
/home/eddie/devkitpro/opt/devkitpro/devkitARM/bin/../libexec/gcc/arm-none-eabi/14.2.0/cc1 -quiet <flags> -o build/emerald-test/test/battle/ability/zen_mode.o test/battle/ability/zen_mode.c
/home/eddie/devkitpro/opt/devkitpro/devkitARM/bin/../libexec/gcc/arm-none-eabi/14.2.0/cc1 -quiet <flags> -o build/emerald-test/test/battle/ability/zero_to_hero.o test/battle/ability/zero_to_hero.c
/home/eddie/devkitpro/opt/devkitpro/devkitARM/bin/../libexec/gcc/arm-none-eabi/14.2.0/cc1 -quiet <flags> -o build/emerald-test/test/battle/ai/ai_assume_stab.o test/battle/ai/ai_assume_stab.c
/home/eddie/devkitpro/opt/devkitpro/devkitARM/bin/../libexec/gcc/arm-none-eabi/14.2.0/cc1 -quiet <flags> -o build/emerald-test/test/battle/ai/ai_assume_status_moves.o test/battle/ai/ai_assume_status_moves.c
/home/eddie/devkitpro/opt/devkitpro/devkitARM/bin/../libexec/gcc/arm-none-eabi/14.2.0/cc1 -quiet <flags> -o build/emerald-test/test/battle/ai/ai.o test/battle/ai/ai.c
/home/eddie/devkitpro/opt/devkitpro/devkitARM/bin/../libexec/gcc/arm-none-eabi/14.2.0/cc1 -quiet <flags> -o build/emerald-test/test/battle/ai/ai_calc_best_move_score.o test/battle/ai/ai_calc_best_move_score.c
/home/eddie/devkitpro/opt/devkitpro/devkitARM/bin/../libexec/gcc/arm-none-eabi/14.2.0/cc1 -quiet <flags> -o build/emerald-test/test/battle/ai/ai_check_viability.o test/battle/ai/ai_check_viability.c
/home/eddie/devkitpro/opt/devkitpro/devkitARM/bin/../libexec/gcc/arm-none-eabi/14.2.0/cc1 -quiet <flags> -o build/emerald-test/test/battle/ai/ai_choice.o test/battle/ai/ai_choice.c
/home/eddie/devkitpro/opt/devkitpro/devkitARM/bin/../libexec/gcc/arm-none-eabi/14.2.0/cc1 -quiet <flags> -o build/emerald-test/test/battle/ai/ai_double_ace.o test/battle/ai/ai_double_ace.c
/home/eddie/devkitpro/opt/devkitpro/devkitARM/bin/../libexec/gcc/arm-none-eabi/14.2.0/cc1 -quiet <flags> -o build/emerald-test/test/battle/ai/ai_doubles.o test/battle/ai/ai_doubles.c
/home/eddie/devkitpro/opt/devkitpro/devkitARM/bin/../libexec/gcc/arm-none-eabi/14.2.0/cc1 -quiet <flags> -o build/emerald-test/test/battle/ai/ai_flag_attacks_partner.o test/battle/ai/ai_flag_attacks_partner.c
/home/eddie/devkitpro/opt/devkitpro/devkitARM/bin/../libexec/gcc/arm-none-eabi/14.2.0/cc1 -quiet <flags> -o build/emerald-test/test/battle/ai/ai_flag_predict_ability.o test/battle/ai/ai_flag_predict_ability.c
/home/eddie/devkitpro/opt/devkitpro/devkitARM/bin/../libexec/gcc/arm-none-eabi/14.2.0/cc1 -quiet <flags> -o build/emerald-test/test/battle/ai/ai_flag_predict_move.o test/battle/ai/ai_flag_predict_move.c
/home/eddie/devkitpro/opt/devkitpro/devkitARM/bin/../libexec/gcc/arm-none-eabi/14.2.0/cc1 -quiet <flags> -o build/emerald-test/test/battle/ai/ai_flag_predict_switch.o test/battle/ai/ai_flag_predict_switch.c
/home/eddie/devkitpro/opt/devkitpro/devkitARM/bin/../libexec/gcc/arm-none-eabi/14.2.0/cc1 -quiet <flags> -o build/emerald-test/test/battle/ai/ai_flag_risky.o test/battle/ai/ai_flag_risky.c
/home/eddie/devkitpro/opt/devkitpro/devkitARM/bin/../libexec/gcc/arm-none-eabi/14.2.0/cc1 -quiet <flags> -o build/emerald-test/test/battle/ai/ai_flag_sequence_switching.o test/battle/ai/ai_flag_sequence_switching.c
/home/eddie/devkitpro/opt/devkitpro/devkitARM/bin/../libexec/gcc/arm-none-eabi/14.2.0/cc1 -quiet <flags> -o build/emerald-test/test/battle/ai/ai_multi.o test/battle/ai/ai_multi.c
/home/eddie/devkitpro/opt/devkitpro/devkitARM/bin/../libexec/gcc/arm-none-eabi/14.2.0/cc1 -quiet <flags> -o build/emerald-test/test/battle/ai/ai_powerful_status.o test/battle/ai/ai_powerful_status.c
/home/eddie/devkitpro/opt/devkitpro/devkitARM/bin/../libexec/gcc/arm-none-eabi/14.2.0/cc1 -quiet <flags> -o build/emerald-test/test/battle/ai/ai_pp_stall_prevention.o test/battle/ai/ai_pp_stall_prevention.c
/home/eddie/devkitpro/opt/devkitpro/devkitARM/bin/../libexec/gcc/arm-none-eabi/14.2.0/cc1 -quiet <flags> -o build/emerald-test/test/battle/ai/ai_smart_tera.o test/battle/ai/ai_smart_tera.c
/home/eddie/devkitpro/opt/devkitpro/devkitARM/bin/../libexec/gcc/arm-none-eabi/14.2.0/cc1 -quiet <flags> -o build/emerald-test/test/battle/ai/ai_switching.o test/battle/ai/ai_switching.c
/home/eddie/devkitpro/opt/devkitpro/devkitARM/bin/../libexec/gcc/arm-none-eabi/14.2.0/cc1 -quiet <flags> -o build/emerald-test/test/battle/ai/ai_test_test_runner.o test/battle/ai/ai_test_test_runner.c
/home/eddie/devkitpro/opt/devkitpro/devkitARM/bin/../libexec/gcc/arm-none-eabi/14.2.0/cc1 -quiet <flags> -o build/emerald-test/test/battle/ai/ai_thinking_time.o test/battle/ai/ai_thinking_time.c
/home/eddie/devkitpro/opt/devkitpro/devkitARM/bin/../libexec/gcc/arm-none-eabi/14.2.0/cc1 -quiet <flags> -o build/emerald-test/test/battle/ai/ai_trytofaint.o test/battle/ai/ai_trytofaint.c
/home/eddie/devkitpro/opt/devkitpro/devkitARM/bin/../libexec/gcc/arm-none-eabi/14.2.0/cc1 -quiet <flags> -o build/emerald-test/test/battle/ai/ai_twelves.o test/battle/ai/ai_twelves.c
/home/eddie/devkitpro/opt/devkitpro/devkitARM/bin/../libexec/gcc/arm-none-eabi/14.2.0/cc1 -quiet <flags> -o build/emerald-test/test/battle/ai/check_bad_move.o test/battle/ai/check_bad_move.c
/home/eddie/devkitpro/opt/devkitpro/devkitARM/bin/../libexec/gcc/arm-none-eabi/14.2.0/cc1 -quiet <flags> -o build/emerald-test/test/battle/ai/gimmick_dynamax.o test/battle/ai/gimmick_dynamax.c
/home/eddie/devkitpro/opt/devkitpro/devkitARM/bin/../libexec/gcc/arm-none-eabi/14.2.0/cc1 -quiet <flags> -o build/emerald-test/test/battle/ai/gimmick_mega.o test/battle/ai/gimmick_mega.c
/home/eddie/devkitpro/opt/devkitpro/devkitARM/bin/../libexec/gcc/arm-none-eabi/14.2.0/cc1 -quiet <flags> -o build/emerald-test/test/battle/ai/gimmick_z_move.o test/battle/ai/gimmick_z_move.c
/home/eddie/devkitpro/opt/devkitpro/devkitARM/bin/../libexec/gcc/arm-none-eabi/14.2.0/cc1 -quiet <flags> -o build/emerald-test/test/battle/ai/values_moves_over_splash.o test/battle/ai/values_moves_over_splash.c
/home/eddie/devkitpro/opt/devkitpro/devkitARM/bin/../libexec/gcc/arm-none-eabi/14.2.0/cc1 -quiet <flags> -o build/emerald-test/test/battle/form_change/battle_after_move.o test/battle/form_change/battle_after_move.c
/home/eddie/devkitpro/opt/devkitpro/devkitARM/bin/../libexec/gcc/arm-none-eabi/14.2.0/cc1 -quiet <flags> -o build/emerald-test/test/battle/form_change/battle_switch.o test/battle/form_change/battle_switch.c
/home/eddie/devkitpro/opt/devkitpro/devkitARM/bin/../libexec/gcc/arm-none-eabi/14.2.0/cc1 -quiet <flags> -o build/emerald-test/test/battle/form_change/begin_battle.o test/battle/form_change/begin_battle.c
/home/eddie/devkitpro/opt/devkitpro/devkitARM/bin/../libexec/gcc/arm-none-eabi/14.2.0/cc1 -quiet <flags> -o build/emerald-test/test/battle/form_change/end_battle.o test/battle/form_change/end_battle.c
/home/eddie/devkitpro/opt/devkitpro/devkitARM/bin/../libexec/gcc/arm-none-eabi/14.2.0/cc1 -quiet <flags> -o build/emerald-test/test/battle/form_change/end_battle_environment.o test/battle/form_change/end_battle_environment.c
/home/eddie/devkitpro/opt/devkitpro/devkitARM/bin/../libexec/gcc/arm-none-eabi/14.2.0/cc1 -quiet <flags> -o build/emerald-test/test/battle/form_change/faint.o test/battle/form_change/faint.c
/home/eddie/devkitpro/opt/devkitpro/devkitARM/bin/../libexec/gcc/arm-none-eabi/14.2.0/cc1 -quiet <flags> -o build/emerald-test/test/battle/form_change/gigantamax.o test/battle/form_change/gigantamax.c
/home/eddie/devkitpro/opt/devkitpro/devkitARM/bin/../libexec/gcc/arm-none-eabi/14.2.0/cc1 -quiet <flags> -o build/emerald-test/test/battle/form_change/mega_evolution.o test/battle/form_change/mega_evolution.c
/home/eddie/devkitpro/opt/devkitpro/devkitARM/bin/../libexec/gcc/arm-none-eabi/14.2.0/cc1 -quiet <flags> -o build/emerald-test/test/battle/form_change/primal_reversion.o test/battle/form_change/primal_reversion.c
/home/eddie/devkitpro/opt/devkitpro/devkitARM/bin/../libexec/gcc/arm-none-eabi/14.2.0/cc1 -quiet <flags> -o build/emerald-test/test/battle/form_change/status.o test/battle/form_change/status.c
/home/eddie/devkitpro/opt/devkitpro/devkitARM/bin/../libexec/gcc/arm-none-eabi/14.2.0/cc1 -quiet <flags> -o build/emerald-test/test/battle/form_change/ultra_burst.o test/battle/form_change/ultra_burst.c
/home/eddie/devkitpro/opt/devkitpro/devkitARM/bin/../libexec/gcc/arm-none-eabi/14.2.0/cc1 -quiet <flags> -o build/emerald-test/test/battle/gimmick/dynamax.o test/battle/gimmick/dynamax.c
/home/eddie/devkitpro/opt/devkitpro/devkitARM/bin/../libexec/gcc/arm-none-eabi/14.2.0/cc1 -quiet <flags> -o build/emerald-test/test/battle/gimmick/terastal.o test/battle/gimmick/terastal.c
/home/eddie/devkitpro/opt/devkitpro/devkitARM/bin/../libexec/gcc/arm-none-eabi/14.2.0/cc1 -quiet <flags> -o build/emerald-test/test/battle/gimmick/zmove.o test/battle/gimmick/zmove.c
/home/eddie/devkitpro/opt/devkitpro/devkitARM/bin/../libexec/gcc/arm-none-eabi/14.2.0/cc1 -quiet <flags> -o build/emerald-test/test/battle/hold_effect/ability_shield.o test/battle/hold_effect/ability_shield.c
/home/eddie/devkitpro/opt/devkitpro/devkitARM/bin/../libexec/gcc/arm-none-eabi/14.2.0/cc1 -quiet <flags> -o build/emerald-test/test/battle/hold_effect/absorb_bulb.o test/battle/hold_effect/absorb_bulb.c
/home/eddie/devkitpro/opt/devkitpro/devkitARM/bin/../libexec/gcc/arm-none-eabi/14.2.0/cc1 -quiet <flags> -o build/emerald-test/test/battle/hold_effect/adamant_orb.o test/battle/hold_effect/adamant_orb.c
/home/eddie/devkitpro/opt/devkitpro/devkitARM/bin/../libexec/gcc/arm-none-eabi/14.2.0/cc1 -quiet <flags> -o build/emerald-test/test/battle/hold_effect/adrenaline_orb.o test/battle/hold_effect/adrenaline_orb.c
/home/eddie/devkitpro/opt/devkitpro/devkitARM/bin/../libexec/gcc/arm-none-eabi/14.2.0/cc1 -quiet <flags> -o build/emerald-test/test/battle/hold_effect/air_balloon.o test/battle/hold_effect/air_balloon.c
/home/eddie/devkitpro/opt/devkitpro/devkitARM/bin/../libexec/gcc/arm-none-eabi/14.2.0/cc1 -quiet <flags> -o build/emerald-test/test/battle/hold_effect/assault_vest.o test/battle/hold_effect/assault_vest.c
/home/eddie/devkitpro/opt/devkitpro/devkitARM/bin/../libexec/gcc/arm-none-eabi/14.2.0/cc1 -quiet <flags> -o build/emerald-test/test/battle/hold_effect/attack_up.o test/battle/hold_effect/attack_up.c
/home/eddie/devkitpro/opt/devkitpro/devkitARM/bin/../libexec/gcc/arm-none-eabi/14.2.0/cc1 -quiet <flags> -o build/emerald-test/test/battle/hold_effect/berserk_gene.o test/battle/hold_effect/berserk_gene.c
/home/eddie/devkitpro/opt/devkitpro/devkitARM/bin/../libexec/gcc/arm-none-eabi/14.2.0/cc1 -quiet <flags> -o build/emerald-test/test/battle/hold_effect/big_root.o test/battle/hold_effect/big_root.c
/home/eddie/devkitpro/opt/devkitpro/devkitARM/bin/../libexec/gcc/arm-none-eabi/14.2.0/cc1 -quiet <flags> -o build/emerald-test/test/battle/hold_effect/binding_band.o test/battle/hold_effect/binding_band.c
/home/eddie/devkitpro/opt/devkitpro/devkitARM/bin/../libexec/gcc/arm-none-eabi/14.2.0/cc1 -quiet <flags> -o build/emerald-test/test/battle/hold_effect/black_sludge.o test/battle/hold_effect/black_sludge.c
/home/eddie/devkitpro/opt/devkitpro/devkitARM/bin/../libexec/gcc/arm-none-eabi/14.2.0/cc1 -quiet <flags> -o build/emerald-test/test/battle/hold_effect/blunder_policy.o test/battle/hold_effect/blunder_policy.c
/home/eddie/devkitpro/opt/devkitpro/devkitARM/bin/../libexec/gcc/arm-none-eabi/14.2.0/cc1 -quiet <flags> -o build/emerald-test/test/battle/hold_effect/booster_energy.o test/battle/hold_effect/booster_energy.c
/home/eddie/devkitpro/opt/devkitpro/devkitARM/bin/../libexec/gcc/arm-none-eabi/14.2.0/cc1 -quiet <flags> -o build/emerald-test/test/battle/hold_effect/can_always_run.o test/battle/hold_effect/can_always_run.c
/home/eddie/devkitpro/opt/devkitpro/devkitARM/bin/../libexec/gcc/arm-none-eabi/14.2.0/cc1 -quiet <flags> -o build/emerald-test/test/battle/hold_effect/cell_battery.o test/battle/hold_effect/cell_battery.c
/home/eddie/devkitpro/opt/devkitpro/devkitARM/bin/../libexec/gcc/arm-none-eabi/14.2.0/cc1 -quiet <flags> -o build/emerald-test/test/battle/hold_effect/choice_band.o test/battle/hold_effect/choice_band.c
/home/eddie/devkitpro/opt/devkitpro/devkitARM/bin/../libexec/gcc/arm-none-eabi/14.2.0/cc1 -quiet <flags> -o build/emerald-test/test/battle/hold_effect/choice_scarf.o test/battle/hold_effect/choice_scarf.c
/home/eddie/devkitpro/opt/devkitpro/devkitARM/bin/../libexec/gcc/arm-none-eabi/14.2.0/cc1 -quiet <flags> -o build/emerald-test/test/battle/hold_effect/choice_specs.o test/battle/hold_effect/choice_specs.c
/home/eddie/devkitpro/opt/devkitpro/devkitARM/bin/../libexec/gcc/arm-none-eabi/14.2.0/cc1 -quiet <flags> -o build/emerald-test/test/battle/hold_effect/clear_amulet.o test/battle/hold_effect/clear_amulet.c
/home/eddie/devkitpro/opt/devkitpro/devkitARM/bin/../libexec/gcc/arm-none-eabi/14.2.0/cc1 -quiet <flags> -o build/emerald-test/test/battle/hold_effect/confuse_bitter.o test/battle/hold_effect/confuse_bitter.c
/home/eddie/devkitpro/opt/devkitpro/devkitARM/bin/../libexec/gcc/arm-none-eabi/14.2.0/cc1 -quiet <flags> -o build/emerald-test/test/battle/hold_effect/confuse_dry.o test/battle/hold_effect/confuse_dry.c
/home/eddie/devkitpro/opt/devkitpro/devkitARM/bin/../libexec/gcc/arm-none-eabi/14.2.0/cc1 -quiet <flags> -o build/emerald-test/test/battle/hold_effect/confuse_sour.o test/battle/hold_effect/confuse_sour.c
/home/eddie/devkitpro/opt/devkitpro/devkitARM/bin/../libexec/gcc/arm-none-eabi/14.2.0/cc1 -quiet <flags> -o build/emerald-test/test/battle/hold_effect/confuse_spicy.o test/battle/hold_effect/confuse_spicy.c
/home/eddie/devkitpro/opt/devkitpro/devkitARM/bin/../libexec/gcc/arm-none-eabi/14.2.0/cc1 -quiet <flags> -o build/emerald-test/test/battle/hold_effect/confuse_sweet.o test/battle/hold_effect/confuse_sweet.c
/home/eddie/devkitpro/opt/devkitpro/devkitARM/bin/../libexec/gcc/arm-none-eabi/14.2.0/cc1 -quiet <flags> -o build/emerald-test/test/battle/hold_effect/covert_cloak.o test/battle/hold_effect/covert_cloak.c
/home/eddie/devkitpro/opt/devkitpro/devkitARM/bin/../libexec/gcc/arm-none-eabi/14.2.0/cc1 -quiet <flags> -o build/emerald-test/test/battle/hold_effect/critical_up.o test/battle/hold_effect/critical_up.c
/home/eddie/devkitpro/opt/devkitpro/devkitARM/bin/../libexec/gcc/arm-none-eabi/14.2.0/cc1 -quiet <flags> -o build/emerald-test/test/battle/hold_effect/cure_brn.o test/battle/hold_effect/cure_brn.c
/home/eddie/devkitpro/opt/devkitpro/devkitARM/bin/../libexec/gcc/arm-none-eabi/14.2.0/cc1 -quiet <flags> -o build/emerald-test/test/battle/hold_effect/cure_confusion.o test/battle/hold_effect/cure_confusion.c
/home/eddie/devkitpro/opt/devkitpro/devkitARM/bin/../libexec/gcc/arm-none-eabi/14.2.0/cc1 -quiet <flags> -o build/emerald-test/test/battle/hold_effect/cure_frz.o test/battle/hold_effect/cure_frz.c
/home/eddie/devkitpro/opt/devkitpro/devkitARM/bin/../libexec/gcc/arm-none-eabi/14.2.0/cc1 -quiet <flags> -o build/emerald-test/test/battle/hold_effect/cure_par.o test/battle/hold_effect/cure_par.c
/home/eddie/devkitpro/opt/devkitpro/devkitARM/bin/../libexec/gcc/arm-none-eabi/14.2.0/cc1 -quiet <flags> -o build/emerald-test/test/battle/hold_effect/cure_psn.o test/battle/hold_effect/cure_psn.c
/home/eddie/devkitpro/opt/devkitpro/devkitARM/bin/../libexec/gcc/arm-none-eabi/14.2.0/cc1 -quiet <flags> -o build/emerald-test/test/battle/hold_effect/cure_slp.o test/battle/hold_effect/cure_slp.c
/home/eddie/devkitpro/opt/devkitpro/devkitARM/bin/../libexec/gcc/arm-none-eabi/14.2.0/cc1 -quiet <flags> -o build/emerald-test/test/battle/hold_effect/cure_status.o test/battle/hold_effect/cure_status.c
/home/eddie/devkitpro/opt/devkitpro/devkitARM/bin/../libexec/gcc/arm-none-eabi/14.2.0/cc1 -quiet <flags> -o build/emerald-test/test/battle/hold_effect/custap_berry.o test/battle/hold_effect/custap_berry.c
/home/eddie/devkitpro/opt/devkitpro/devkitARM/bin/../libexec/gcc/arm-none-eabi/14.2.0/cc1 -quiet <flags> -o build/emerald-test/test/battle/hold_effect/damp_rock.o test/battle/hold_effect/damp_rock.c
/home/eddie/devkitpro/opt/devkitpro/devkitARM/bin/../libexec/gcc/arm-none-eabi/14.2.0/cc1 -quiet <flags> -o build/emerald-test/test/battle/hold_effect/deep_sea_scale.o test/battle/hold_effect/deep_sea_scale.c
/home/eddie/devkitpro/opt/devkitpro/devkitARM/bin/../libexec/gcc/arm-none-eabi/14.2.0/cc1 -quiet <flags> -o build/emerald-test/test/battle/hold_effect/deep_sea_tooth.o test/battle/hold_effect/deep_sea_tooth.c
/home/eddie/devkitpro/opt/devkitpro/devkitARM/bin/../libexec/gcc/arm-none-eabi/14.2.0/cc1 -quiet <flags> -o build/emerald-test/test/battle/hold_effect/defense_up.o test/battle/hold_effect/defense_up.c
/home/eddie/devkitpro/opt/devkitpro/devkitARM/bin/../libexec/gcc/arm-none-eabi/14.2.0/cc1 -quiet <flags> -o build/emerald-test/test/battle/hold_effect/destiny_knot.o test/battle/hold_effect/destiny_knot.c
/home/eddie/devkitpro/opt/devkitpro/devkitARM/bin/../libexec/gcc/arm-none-eabi/14.2.0/cc1 -quiet <flags> -o build/emerald-test/test/battle/hold_effect/double_prize.o test/battle/hold_effect/double_prize.c
/home/eddie/devkitpro/opt/devkitpro/devkitARM/bin/../libexec/gcc/arm-none-eabi/14.2.0/cc1 -quiet <flags> -o build/emerald-test/test/battle/hold_effect/drive.o test/battle/hold_effect/drive.c
/home/eddie/devkitpro/opt/devkitpro/devkitARM/bin/../libexec/gcc/arm-none-eabi/14.2.0/cc1 -quiet <flags> -o build/emerald-test/test/battle/hold_effect/eject_button.o test/battle/hold_effect/eject_button.c
/home/eddie/devkitpro/opt/devkitpro/devkitARM/bin/../libexec/gcc/arm-none-eabi/14.2.0/cc1 -quiet <flags> -o build/emerald-test/test/battle/hold_effect/eject_pack.o test/battle/hold_effect/eject_pack.c
/home/eddie/devkitpro/opt/devkitpro/devkitARM/bin/../libexec/gcc/arm-none-eabi/14.2.0/cc1 -quiet <flags> -o build/emerald-test/test/battle/hold_effect/enigma_berry.o test/battle/hold_effect/enigma_berry.c
/home/eddie/devkitpro/opt/devkitpro/devkitARM/bin/../libexec/gcc/arm-none-eabi/14.2.0/cc1 -quiet <flags> -o build/emerald-test/test/battle/hold_effect/evasion_up.o test/battle/hold_effect/evasion_up.c
/home/eddie/devkitpro/opt/devkitpro/devkitARM/bin/../libexec/gcc/arm-none-eabi/14.2.0/cc1 -quiet <flags> -o build/emerald-test/test/battle/hold_effect/eviolite.o test/battle/hold_effect/eviolite.c
/home/eddie/devkitpro/opt/devkitpro/devkitARM/bin/../libexec/gcc/arm-none-eabi/14.2.0/cc1 -quiet <flags> -o build/emerald-test/test/battle/hold_effect/expert_belt.o test/battle/hold_effect/expert_belt.c
/home/eddie/devkitpro/opt/devkitpro/devkitARM/bin/../libexec/gcc/arm-none-eabi/14.2.0/cc1 -quiet <flags> -o build/emerald-test/test/battle/hold_effect/exp_share.o test/battle/hold_effect/exp_share.c
/home/eddie/devkitpro/opt/devkitpro/devkitARM/bin/../libexec/gcc/arm-none-eabi/14.2.0/cc1 -quiet <flags> -o build/emerald-test/test/battle/hold_effect/flame_orb.o test/battle/hold_effect/flame_orb.c
/home/eddie/devkitpro/opt/devkitpro/devkitARM/bin/../libexec/gcc/arm-none-eabi/14.2.0/cc1 -quiet <flags> -o build/emerald-test/test/battle/hold_effect/flinch.o test/battle/hold_effect/flinch.c
/home/eddie/devkitpro/opt/devkitpro/devkitARM/bin/../libexec/gcc/arm-none-eabi/14.2.0/cc1 -quiet <flags> -o build/emerald-test/test/battle/hold_effect/float_stone.o test/battle/hold_effect/float_stone.c
/home/eddie/devkitpro/opt/devkitpro/devkitARM/bin/../libexec/gcc/arm-none-eabi/14.2.0/cc1 -quiet <flags> -o build/emerald-test/test/battle/hold_effect/focus_band.o test/battle/hold_effect/focus_band.c
/home/eddie/devkitpro/opt/devkitpro/devkitARM/bin/../libexec/gcc/arm-none-eabi/14.2.0/cc1 -quiet <flags> -o build/emerald-test/test/battle/hold_effect/focus_sash.o test/battle/hold_effect/focus_sash.c
/home/eddie/devkitpro/opt/devkitpro/devkitARM/bin/../libexec/gcc/arm-none-eabi/14.2.0/cc1 -quiet <flags> -o build/emerald-test/test/battle/hold_effect/friendship_up.o test/battle/hold_effect/friendship_up.c
/home/eddie/devkitpro/opt/devkitpro/devkitARM/bin/../libexec/gcc/arm-none-eabi/14.2.0/cc1 -quiet <flags> -o build/emerald-test/test/battle/hold_effect/gems.o test/battle/hold_effect/gems.c
/home/eddie/devkitpro/opt/devkitpro/devkitARM/bin/../libexec/gcc/arm-none-eabi/14.2.0/cc1 -quiet <flags> -o build/emerald-test/test/battle/hold_effect/grip_claw.o test/battle/hold_effect/grip_claw.c
/home/eddie/devkitpro/opt/devkitpro/devkitARM/bin/../libexec/gcc/arm-none-eabi/14.2.0/cc1 -quiet <flags> -o build/emerald-test/test/battle/hold_effect/griseous_orb.o test/battle/hold_effect/griseous_orb.c
/home/eddie/devkitpro/opt/devkitpro/devkitARM/bin/../libexec/gcc/arm-none-eabi/14.2.0/cc1 -quiet <flags> -o build/emerald-test/test/battle/hold_effect/heat_rock.o test/battle/hold_effect/heat_rock.c
/home/eddie/devkitpro/opt/devkitpro/devkitARM/bin/../libexec/gcc/arm-none-eabi/14.2.0/cc1 -quiet <flags> -o build/emerald-test/test/battle/hold_effect/heavy_duty_boots.o test/battle/hold_effect/heavy_duty_boots.c
/home/eddie/devkitpro/opt/devkitpro/devkitARM/bin/../libexec/gcc/arm-none-eabi/14.2.0/cc1 -quiet <flags> -o build/emerald-test/test/battle/hold_effect/icy_rock.o test/battle/hold_effect/icy_rock.c
/home/eddie/devkitpro/opt/devkitpro/devkitARM/bin/../libexec/gcc/arm-none-eabi/14.2.0/cc1 -quiet <flags> -o build/emerald-test/test/battle/hold_effect/iron_ball.o test/battle/hold_effect/iron_ball.c
/home/eddie/devkitpro/opt/devkitpro/devkitARM/bin/../libexec/gcc/arm-none-eabi/14.2.0/cc1 -quiet <flags> -o build/emerald-test/test/battle/hold_effect/jaboca_berry.o test/battle/hold_effect/jaboca_berry.c
/home/eddie/devkitpro/opt/devkitpro/devkitARM/bin/../libexec/gcc/arm-none-eabi/14.2.0/cc1 -quiet <flags> -o build/emerald-test/test/battle/hold_effect/kee_berry.o test/battle/hold_effect/kee_berry.c
/home/eddie/devkitpro/opt/devkitpro/devkitARM/bin/../libexec/gcc/arm-none-eabi/14.2.0/cc1 -quiet <flags> -o build/emerald-test/test/battle/hold_effect/lagging_tail.o test/battle/hold_effect/lagging_tail.c
/home/eddie/devkitpro/opt/devkitpro/devkitARM/bin/../libexec/gcc/arm-none-eabi/14.2.0/cc1 -quiet <flags> -o build/emerald-test/test/battle/hold_effect/leek.o test/battle/hold_effect/leek.c
/home/eddie/devkitpro/opt/devkitpro/devkitARM/bin/../libexec/gcc/arm-none-eabi/14.2.0/cc1 -quiet <flags> -o build/emerald-test/test/battle/hold_effect/leftovers.o test/battle/hold_effect/leftovers.c
/home/eddie/devkitpro/opt/devkitpro/devkitARM/bin/../libexec/gcc/arm-none-eabi/14.2.0/cc1 -quiet <flags> -o build/emerald-test/test/battle/hold_effect/life_orb.o test/battle/hold_effect/life_orb.c
/home/eddie/devkitpro/opt/devkitpro/devkitARM/bin/../libexec/gcc/arm-none-eabi/14.2.0/cc1 -quiet <flags> -o build/emerald-test/test/battle/hold_effect/light_ball.o test/battle/hold_effect/light_ball.c
/home/eddie/devkitpro/opt/devkitpro/devkitARM/bin/../libexec/gcc/arm-none-eabi/14.2.0/cc1 -quiet <flags> -o build/emerald-test/test/battle/hold_effect/light_clay.o test/battle/hold_effect/light_clay.c
/home/eddie/devkitpro/opt/devkitpro/devkitARM/bin/../libexec/gcc/arm-none-eabi/14.2.0/cc1 -quiet <flags> -o build/emerald-test/test/battle/hold_effect/loaded_dice.o test/battle/hold_effect/loaded_dice.c
/home/eddie/devkitpro/opt/devkitpro/devkitARM/bin/../libexec/gcc/arm-none-eabi/14.2.0/cc1 -quiet <flags> -o build/emerald-test/test/battle/hold_effect/lucky_egg.o test/battle/hold_effect/lucky_egg.c
/home/eddie/devkitpro/opt/devkitpro/devkitARM/bin/../libexec/gcc/arm-none-eabi/14.2.0/cc1 -quiet <flags> -o build/emerald-test/test/battle/hold_effect/lucky_punch.o test/battle/hold_effect/lucky_punch.c
/home/eddie/devkitpro/opt/devkitpro/devkitARM/bin/../libexec/gcc/arm-none-eabi/14.2.0/cc1 -quiet <flags> -o build/emerald-test/test/battle/hold_effect/luminous_moss.o test/battle/hold_effect/luminous_moss.c
/home/eddie/devkitpro/opt/devkitpro/devkitARM/bin/../libexec/gcc/arm-none-eabi/14.2.0/cc1 -quiet <flags> -o build/emerald-test/test/battle/hold_effect/lustrous_orb.o test/battle/hold_effect/lustrous_orb.c
/home/eddie/devkitpro/opt/devkitpro/devkitARM/bin/../libexec/gcc/arm-none-eabi/14.2.0/cc1 -quiet <flags> -o build/emerald-test/test/battle/hold_effect/macho_brace.o test/battle/hold_effect/macho_brace.c
/home/eddie/devkitpro/opt/devkitpro/devkitARM/bin/../libexec/gcc/arm-none-eabi/14.2.0/cc1 -quiet <flags> -o build/emerald-test/test/battle/hold_effect/maranga_berry.o test/battle/hold_effect/maranga_berry.c
/home/eddie/devkitpro/opt/devkitpro/devkitARM/bin/../libexec/gcc/arm-none-eabi/14.2.0/cc1 -quiet <flags> -o build/emerald-test/test/battle/hold_effect/mega_stone.o test/battle/hold_effect/mega_stone.c
/home/eddie/devkitpro/opt/devkitpro/devkitARM/bin/../libexec/gcc/arm-none-eabi/14.2.0/cc1 -quiet <flags> -o build/emerald-test/test/battle/hold_effect/memory.o test/battle/hold_effect/memory.c
/home/eddie/devkitpro/opt/devkitpro/devkitARM/bin/../libexec/gcc/arm-none-eabi/14.2.0/cc1 -quiet <flags> -o build/emerald-test/test/battle/hold_effect/mental_herb.o test/battle/hold_effect/mental_herb.c
/home/eddie/devkitpro/opt/devkitpro/devkitARM/bin/../libexec/gcc/arm-none-eabi/14.2.0/cc1 -quiet <flags> -o build/emerald-test/test/battle/hold_effect/metal_powder.o test/battle/hold_effect/metal_powder.c
/home/eddie/devkitpro/opt/devkitpro/devkitARM/bin/../libexec/gcc/arm-none-eabi/14.2.0/cc1 -quiet <flags> -o build/emerald-test/test/battle/hold_effect/metronome.o test/battle/hold_effect/metronome.c
/home/eddie/devkitpro/opt/devkitpro/devkitARM/bin/../libexec/gcc/arm-none-eabi/14.2.0/cc1 -quiet <flags> -o build/emerald-test/test/battle/hold_effect/mirror_herb.o test/battle/hold_effect/mirror_herb.c
/home/eddie/devkitpro/opt/devkitpro/devkitARM/bin/../libexec/gcc/arm-none-eabi/14.2.0/cc1 -quiet <flags> -o build/emerald-test/test/battle/hold_effect/micle_berry.o test/battle/hold_effect/micle_berry.c
/home/eddie/devkitpro/opt/devkitpro/devkitARM/bin/../libexec/gcc/arm-none-eabi/14.2.0/cc1 -quiet <flags> -o build/emerald-test/test/battle/hold_effect/muscle_band.o test/battle/hold_effect/muscle_band.c
/home/eddie/devkitpro/opt/devkitpro/devkitARM/bin/../libexec/gcc/arm-none-eabi/14.2.0/cc1 -quiet <flags> -o build/emerald-test/test/battle/hold_effect/ogerpon_mask.o test/battle/hold_effect/ogerpon_mask.c
/home/eddie/devkitpro/opt/devkitpro/devkitARM/bin/../libexec/gcc/arm-none-eabi/14.2.0/cc1 -quiet <flags> -o build/emerald-test/test/battle/hold_effect/plate.o test/battle/hold_effect/plate.c
/home/eddie/devkitpro/opt/devkitpro/devkitARM/bin/../libexec/gcc/arm-none-eabi/14.2.0/cc1 -quiet <flags> -o build/emerald-test/test/battle/hold_effect/power_herb.o test/battle/hold_effect/power_herb.c
/home/eddie/devkitpro/opt/devkitpro/devkitARM/bin/../libexec/gcc/arm-none-eabi/14.2.0/cc1 -quiet <flags> -o build/emerald-test/test/battle/hold_effect/power_item.o test/battle/hold_effect/power_item.c
/home/eddie/devkitpro/opt/devkitpro/devkitARM/bin/../libexec/gcc/arm-none-eabi/14.2.0/cc1 -quiet <flags> -o build/emerald-test/test/battle/hold_effect/prevent_evolve.o test/battle/hold_effect/prevent_evolve.c
/home/eddie/devkitpro/opt/devkitpro/devkitARM/bin/../libexec/gcc/arm-none-eabi/14.2.0/cc1 -quiet <flags> -o build/emerald-test/test/battle/hold_effect/primal_orb.o test/battle/hold_effect/primal_orb.c
/home/eddie/devkitpro/opt/devkitpro/devkitARM/bin/../libexec/gcc/arm-none-eabi/14.2.0/cc1 -quiet <flags> -o build/emerald-test/test/battle/hold_effect/protective_pads.o test/battle/hold_effect/protective_pads.c
/home/eddie/devkitpro/opt/devkitpro/devkitARM/bin/../libexec/gcc/arm-none-eabi/14.2.0/cc1 -quiet <flags> -o build/emerald-test/test/battle/hold_effect/punching_glove.o test/battle/hold_effect/punching_glove.c
/home/eddie/devkitpro/opt/devkitpro/devkitARM/bin/../libexec/gcc/arm-none-eabi/14.2.0/cc1 -quiet <flags> -o build/emerald-test/test/battle/hold_effect/quick_claw.o test/battle/hold_effect/quick_claw.c
/home/eddie/devkitpro/opt/devkitpro/devkitARM/bin/../libexec/gcc/arm-none-eabi/14.2.0/cc1 -quiet <flags> -o build/emerald-test/test/battle/hold_effect/quick_powder.o test/battle/hold_effect/quick_powder.c
/home/eddie/devkitpro/opt/devkitpro/devkitARM/bin/../libexec/gcc/arm-none-eabi/14.2.0/cc1 -quiet <flags> -o build/emerald-test/test/battle/hold_effect/random_stat_up.o test/battle/hold_effect/random_stat_up.c
/home/eddie/devkitpro/opt/devkitpro/devkitARM/bin/../libexec/gcc/arm-none-eabi/14.2.0/cc1 -quiet <flags> -o build/emerald-test/test/battle/hold_effect/red_card.o test/battle/hold_effect/red_card.c
/home/eddie/devkitpro/opt/devkitpro/devkitARM/bin/../libexec/gcc/arm-none-eabi/14.2.0/cc1 -quiet <flags> -o build/emerald-test/test/battle/hold_effect/repel.o test/battle/hold_effect/repel.c
/home/eddie/devkitpro/opt/devkitpro/devkitARM/bin/../libexec/gcc/arm-none-eabi/14.2.0/cc1 -quiet <flags> -o build/emerald-test/test/battle/hold_effect/resist_berry.o test/battle/hold_effect/resist_berry.c
/home/eddie/devkitpro/opt/devkitpro/devkitARM/bin/../libexec/gcc/arm-none-eabi/14.2.0/cc1 -quiet <flags> -o build/emerald-test/test/battle/hold_effect/restore_hp.o test/battle/hold_effect/restore_hp.c
/home/eddie/devkitpro/opt/devkitpro/devkitARM/bin/../libexec/gcc/arm-none-eabi/14.2.0/cc1 -quiet <flags> -o build/emerald-test/test/battle/hold_effect/restore_pct_hp.o test/battle/hold_effect/restore_pct_hp.c
/home/eddie/devkitpro/opt/devkitpro/devkitARM/bin/../libexec/gcc/arm-none-eabi/14.2.0/cc1 -quiet <flags> -o build/emerald-test/test/battle/hold_effect/restore_pp.o test/battle/hold_effect/restore_pp.c
/home/eddie/devkitpro/opt/devkitpro/devkitARM/bin/../libexec/gcc/arm-none-eabi/14.2.0/cc1 -quiet <flags> -o build/emerald-test/test/battle/hold_effect/ring_target.o test/battle/hold_effect/ring_target.c
/home/eddie/devkitpro/opt/devkitpro/devkitARM/bin/../libexec/gcc/arm-none-eabi/14.2.0/cc1 -quiet <flags> -o build/emerald-test/test/battle/hold_effect/rocky_helmet.o test/battle/hold_effect/rocky_helmet.c
/home/eddie/devkitpro/opt/devkitpro/devkitARM/bin/../libexec/gcc/arm-none-eabi/14.2.0/cc1 -quiet <flags> -o build/emerald-test/test/battle/hold_effect/room_service.o test/battle/hold_effect/room_service.c
/home/eddie/devkitpro/opt/devkitpro/devkitARM/bin/../libexec/gcc/arm-none-eabi/14.2.0/cc1 -quiet <flags> -o build/emerald-test/test/battle/hold_effect/rowap_berry.o test/battle/hold_effect/rowap_berry.c
/home/eddie/devkitpro/opt/devkitpro/devkitARM/bin/../libexec/gcc/arm-none-eabi/14.2.0/cc1 -quiet <flags> -o build/emerald-test/test/battle/hold_effect/safety_goggles.o test/battle/hold_effect/safety_goggles.c
/home/eddie/devkitpro/opt/devkitpro/devkitARM/bin/../libexec/gcc/arm-none-eabi/14.2.0/cc1 -quiet <flags> -o build/emerald-test/test/battle/hold_effect/scope_lens.o test/battle/hold_effect/scope_lens.c
/home/eddie/devkitpro/opt/devkitpro/devkitARM/bin/../libexec/gcc/arm-none-eabi/14.2.0/cc1 -quiet <flags> -o build/emerald-test/test/battle/hold_effect/shed_shell.o test/battle/hold_effect/shed_shell.c
/home/eddie/devkitpro/opt/devkitpro/devkitARM/bin/../libexec/gcc/arm-none-eabi/14.2.0/cc1 -quiet <flags> -o build/emerald-test/test/battle/hold_effect/shell_bell.o test/battle/hold_effect/shell_bell.c
/home/eddie/devkitpro/opt/devkitpro/devkitARM/bin/../libexec/gcc/arm-none-eabi/14.2.0/cc1 -quiet <flags> -o build/emerald-test/test/battle/hold_effect/smooth_rock.o test/battle/hold_effect/smooth_rock.c
/home/eddie/devkitpro/opt/devkitpro/devkitARM/bin/../libexec/gcc/arm-none-eabi/14.2.0/cc1 -quiet <flags> -o build/emerald-test/test/battle/hold_effect/snowball.o test/battle/hold_effect/snowball.c
/home/eddie/devkitpro/opt/devkitpro/devkitARM/bin/../libexec/gcc/arm-none-eabi/14.2.0/cc1 -quiet <flags> -o build/emerald-test/test/battle/hold_effect/soul_dew.o test/battle/hold_effect/soul_dew.c
/home/eddie/devkitpro/opt/devkitpro/devkitARM/bin/../libexec/gcc/arm-none-eabi/14.2.0/cc1 -quiet <flags> -o build/emerald-test/test/battle/hold_effect/sp_attack_up.o test/battle/hold_effect/sp_attack_up.c
/home/eddie/devkitpro/opt/devkitpro/devkitARM/bin/../libexec/gcc/arm-none-eabi/14.2.0/cc1 -quiet <flags> -o build/emerald-test/test/battle/hold_effect/sp_defense_up.o test/battle/hold_effect/sp_defense_up.c
/home/eddie/devkitpro/opt/devkitpro/devkitARM/bin/../libexec/gcc/arm-none-eabi/14.2.0/cc1 -quiet <flags> -o build/emerald-test/test/battle/hold_effect/speed_up.o test/battle/hold_effect/speed_up.c
/home/eddie/devkitpro/opt/devkitpro/devkitARM/bin/../libexec/gcc/arm-none-eabi/14.2.0/cc1 -quiet <flags> -o build/emerald-test/test/battle/hold_effect/sticky_barb.o test/battle/hold_effect/sticky_barb.c
/home/eddie/devkitpro/opt/devkitpro/devkitARM/bin/../libexec/gcc/arm-none-eabi/14.2.0/cc1 -quiet <flags> -o build/emerald-test/test/battle/hold_effect/terrain_extender.o test/battle/hold_effect/terrain_extender.c
/home/eddie/devkitpro/opt/devkitpro/devkitARM/bin/../libexec/gcc/arm-none-eabi/14.2.0/cc1 -quiet <flags> -o build/emerald-test/test/battle/hold_effect/terrain_seed.o test/battle/hold_effect/terrain_seed.c
/home/eddie/devkitpro/opt/devkitpro/devkitARM/bin/../libexec/gcc/arm-none-eabi/14.2.0/cc1 -quiet <flags> -o build/emerald-test/test/battle/hold_effect/thick_club.o test/battle/hold_effect/thick_club.c
/home/eddie/devkitpro/opt/devkitpro/devkitARM/bin/../libexec/gcc/arm-none-eabi/14.2.0/cc1 -quiet <flags> -o build/emerald-test/test/battle/hold_effect/throat_spray.o test/battle/hold_effect/throat_spray.c
/home/eddie/devkitpro/opt/devkitpro/devkitARM/bin/../libexec/gcc/arm-none-eabi/14.2.0/cc1 -quiet <flags> -o build/emerald-test/test/battle/hold_effect/toxic_orb.o test/battle/hold_effect/toxic_orb.c
/home/eddie/devkitpro/opt/devkitpro/devkitARM/bin/../libexec/gcc/arm-none-eabi/14.2.0/cc1 -quiet <flags> -o build/emerald-test/test/battle/hold_effect/type_power.o test/battle/hold_effect/type_power.c
/home/eddie/devkitpro/opt/devkitpro/devkitARM/bin/../libexec/gcc/arm-none-eabi/14.2.0/cc1 -quiet <flags> -o build/emerald-test/test/battle/hold_effect/utility_umbrella.o test/battle/hold_effect/utility_umbrella.c
/home/eddie/devkitpro/opt/devkitpro/devkitARM/bin/../libexec/gcc/arm-none-eabi/14.2.0/cc1 -quiet <flags> -o build/emerald-test/test/battle/hold_effect/weakness_policy.o test/battle/hold_effect/weakness_policy.c
/home/eddie/devkitpro/opt/devkitpro/devkitARM/bin/../libexec/gcc/arm-none-eabi/14.2.0/cc1 -quiet <flags> -o build/emerald-test/test/battle/hold_effect/white_herb.o test/battle/hold_effect/white_herb.c
/home/eddie/devkitpro/opt/devkitpro/devkitARM/bin/../libexec/gcc/arm-none-eabi/14.2.0/cc1 -quiet <flags> -o build/emerald-test/test/battle/hold_effect/wide_lens.o test/battle/hold_effect/wide_lens.c
/home/eddie/devkitpro/opt/devkitpro/devkitARM/bin/../libexec/gcc/arm-none-eabi/14.2.0/cc1 -quiet <flags> -o build/emerald-test/test/battle/hold_effect/wise_glasses.o test/battle/hold_effect/wise_glasses.c
/home/eddie/devkitpro/opt/devkitpro/devkitARM/bin/../libexec/gcc/arm-none-eabi/14.2.0/cc1 -quiet <flags> -o build/emerald-test/test/battle/hold_effect/z_crystal.o test/battle/hold_effect/z_crystal.c
/home/eddie/devkitpro/opt/devkitpro/devkitARM/bin/../libexec/gcc/arm-none-eabi/14.2.0/cc1 -quiet <flags> -o build/emerald-test/test/battle/hold_effect/zoom_lens.o test/battle/hold_effect/zoom_lens.c
/home/eddie/devkitpro/opt/devkitpro/devkitARM/bin/../libexec/gcc/arm-none-eabi/14.2.0/cc1 -quiet <flags> -o build/emerald-test/test/battle/item_effect/cure_status.o test/battle/item_effect/cure_status.c
/home/eddie/devkitpro/opt/devkitpro/devkitARM/bin/../libexec/gcc/arm-none-eabi/14.2.0/cc1 -quiet <flags> -o build/emerald-test/test/battle/item_effect/dire_hit.o test/battle/item_effect/dire_hit.c
/home/eddie/devkitpro/opt/devkitpro/devkitARM/bin/../libexec/gcc/arm-none-eabi/14.2.0/cc1 -quiet <flags> -o build/emerald-test/test/battle/item_effect/escape.o test/battle/item_effect/escape.c
/home/eddie/devkitpro/opt/devkitpro/devkitARM/bin/../libexec/gcc/arm-none-eabi/14.2.0/cc1 -quiet <flags> -o build/emerald-test/test/battle/item_effect/heal_and_cure_status.o test/battle/item_effect/heal_and_cure_status.c
/home/eddie/devkitpro/opt/devkitpro/devkitARM/bin/../libexec/gcc/arm-none-eabi/14.2.0/cc1 -quiet <flags> -o build/emerald-test/test/battle/item_effect/increase_stat.o test/battle/item_effect/increase_stat.c
/home/eddie/devkitpro/opt/devkitpro/devkitARM/bin/../libexec/gcc/arm-none-eabi/14.2.0/cc1 -quiet <flags> -o build/emerald-test/test/battle/item_effect/poke_flute.o test/battle/item_effect/poke_flute.c
/home/eddie/devkitpro/opt/devkitpro/devkitARM/bin/../libexec/gcc/arm-none-eabi/14.2.0/cc1 -quiet <flags> -o build/emerald-test/test/battle/item_effect/restore_hp.o test/battle/item_effect/restore_hp.c
/home/eddie/devkitpro/opt/devkitpro/devkitARM/bin/../libexec/gcc/arm-none-eabi/14.2.0/cc1 -quiet <flags> -o build/emerald-test/test/battle/item_effect/restore_pp.o test/battle/item_effect/restore_pp.c
/home/eddie/devkitpro/opt/devkitpro/devkitARM/bin/../libexec/gcc/arm-none-eabi/14.2.0/cc1 -quiet <flags> -o build/emerald-test/test/battle/item_effect/revive.o test/battle/item_effect/revive.c
/home/eddie/devkitpro/opt/devkitpro/devkitARM/bin/../libexec/gcc/arm-none-eabi/14.2.0/cc1 -quiet <flags> -o build/emerald-test/test/battle/item_effect/set_mist.o test/battle/item_effect/set_mist.c
/home/eddie/devkitpro/opt/devkitpro/devkitARM/bin/../libexec/gcc/arm-none-eabi/14.2.0/cc1 -quiet <flags> -o build/emerald-test/test/battle/item_effect/throw_ball.o test/battle/item_effect/throw_ball.c
/home/eddie/devkitpro/opt/devkitpro/devkitARM/bin/../libexec/gcc/arm-none-eabi/14.2.0/cc1 -quiet <flags> -o build/emerald-test/test/battle/move_animations/smack_down.o test/battle/move_animations/smack_down.c
/home/eddie/devkitpro/opt/devkitpro/devkitARM/bin/../libexec/gcc/arm-none-eabi/14.2.0/cc1 -quiet <flags> -o build/emerald-test/test/battle/move_animations/all_anims.o test/battle/move_animations/all_anims.c
/home/eddie/devkitpro/opt/devkitpro/devkitARM/bin/../libexec/gcc/arm-none-eabi/14.2.0/cc1 -quiet <flags> -o build/emerald-test/test/battle/move_effect/absorb.o test/battle/move_effect/absorb.c
/home/eddie/devkitpro/opt/devkitpro/devkitARM/bin/../libexec/gcc/arm-none-eabi/14.2.0/cc1 -quiet <flags> -o build/emerald-test/test/battle/move_effect/accuracy_down_2.o test/battle/move_effect/accuracy_down_2.c
/home/eddie/devkitpro/opt/devkitpro/devkitARM/bin/../libexec/gcc/arm-none-eabi/14.2.0/cc1 -quiet <flags> -o build/emerald-test/test/battle/move_effect/accuracy_down.o test/battle/move_effect/accuracy_down.c
/home/eddie/devkitpro/opt/devkitpro/devkitARM/bin/../libexec/gcc/arm-none-eabi/14.2.0/cc1 -quiet <flags> -o build/emerald-test/test/battle/move_effect/accuracy_up_2.o test/battle/move_effect/accuracy_up_2.c
/home/eddie/devkitpro/opt/devkitpro/devkitARM/bin/../libexec/gcc/arm-none-eabi/14.2.0/cc1 -quiet <flags> -o build/emerald-test/test/battle/move_effect/accuracy_up.o test/battle/move_effect/accuracy_up.c
/home/eddie/devkitpro/opt/devkitpro/devkitARM/bin/../libexec/gcc/arm-none-eabi/14.2.0/cc1 -quiet <flags> -o build/emerald-test/test/battle/move_effect/acrobatics.o test/battle/move_effect/acrobatics.c
/home/eddie/devkitpro/opt/devkitpro/devkitARM/bin/../libexec/gcc/arm-none-eabi/14.2.0/cc1 -quiet <flags> -o build/emerald-test/test/battle/move_effect/acupressure.o test/battle/move_effect/acupressure.c
/home/eddie/devkitpro/opt/devkitpro/devkitARM/bin/../libexec/gcc/arm-none-eabi/14.2.0/cc1 -quiet <flags> -o build/emerald-test/test/battle/move_effect/after_you.o test/battle/move_effect/after_you.c
/home/eddie/devkitpro/opt/devkitpro/devkitARM/bin/../libexec/gcc/arm-none-eabi/14.2.0/cc1 -quiet <flags> -o build/emerald-test/test/battle/move_effect/ally_switch.o test/battle/move_effect/ally_switch.c
/home/eddie/devkitpro/opt/devkitpro/devkitARM/bin/../libexec/gcc/arm-none-eabi/14.2.0/cc1 -quiet <flags> -o build/emerald-test/test/battle/move_effect/aqua_ring.o test/battle/move_effect/aqua_ring.c
/home/eddie/devkitpro/opt/devkitpro/devkitARM/bin/../libexec/gcc/arm-none-eabi/14.2.0/cc1 -quiet <flags> -o build/emerald-test/test/battle/move_effect/aromatic_mist.o test/battle/move_effect/aromatic_mist.c
/home/eddie/devkitpro/opt/devkitpro/devkitARM/bin/../libexec/gcc/arm-none-eabi/14.2.0/cc1 -quiet <flags> -o build/emerald-test/test/battle/move_effect/assist.o test/battle/move_effect/assist.c
/home/eddie/devkitpro/opt/devkitpro/devkitARM/bin/../libexec/gcc/arm-none-eabi/14.2.0/cc1 -quiet <flags> -o build/emerald-test/test/battle/move_effect/assurance.o test/battle/move_effect/assurance.c
/home/eddie/devkitpro/opt/devkitpro/devkitARM/bin/../libexec/gcc/arm-none-eabi/14.2.0/cc1 -quiet <flags> -o build/emerald-test/test/battle/move_effect/attack_accuracy_up.o test/battle/move_effect/attack_accuracy_up.c
/home/eddie/devkitpro/opt/devkitpro/devkitARM/bin/../libexec/gcc/arm-none-eabi/14.2.0/cc1 -quiet <flags> -o build/emerald-test/test/battle/move_effect/attack_down_2.o test/battle/move_effect/attack_down_2.c
/home/eddie/devkitpro/opt/devkitpro/devkitARM/bin/../libexec/gcc/arm-none-eabi/14.2.0/cc1 -quiet <flags> -o build/emerald-test/test/battle/move_effect/attack_down.o test/battle/move_effect/attack_down.c
/home/eddie/devkitpro/opt/devkitpro/devkitARM/bin/../libexec/gcc/arm-none-eabi/14.2.0/cc1 -quiet <flags> -o build/emerald-test/test/battle/move_effect/attack_spatk_up.o test/battle/move_effect/attack_spatk_up.c
/home/eddie/devkitpro/opt/devkitpro/devkitARM/bin/../libexec/gcc/arm-none-eabi/14.2.0/cc1 -quiet <flags> -o build/emerald-test/test/battle/move_effect/attack_up_2.o test/battle/move_effect/attack_up_2.c
/home/eddie/devkitpro/opt/devkitpro/devkitARM/bin/../libexec/gcc/arm-none-eabi/14.2.0/cc1 -quiet <flags> -o build/emerald-test/test/battle/move_effect/attack_up.o test/battle/move_effect/attack_up.c
/home/eddie/devkitpro/opt/devkitpro/devkitARM/bin/../libexec/gcc/arm-none-eabi/14.2.0/cc1 -quiet <flags> -o build/emerald-test/test/battle/move_effect/attack_up_user_ally.o test/battle/move_effect/attack_up_user_ally.c
/home/eddie/devkitpro/opt/devkitpro/devkitARM/bin/../libexec/gcc/arm-none-eabi/14.2.0/cc1 -quiet <flags> -o build/emerald-test/test/battle/move_effect/attract.o test/battle/move_effect/attract.c
/home/eddie/devkitpro/opt/devkitpro/devkitARM/bin/../libexec/gcc/arm-none-eabi/14.2.0/cc1 -quiet <flags> -o build/emerald-test/test/battle/move_effect/aura_wheel.o test/battle/move_effect/aura_wheel.c
/home/eddie/devkitpro/opt/devkitpro/devkitARM/bin/../libexec/gcc/arm-none-eabi/14.2.0/cc1 -quiet <flags> -o build/emerald-test/test/battle/move_effect/aurora_veil.o test/battle/move_effect/aurora_veil.c
/home/eddie/devkitpro/opt/devkitpro/devkitARM/bin/../libexec/gcc/arm-none-eabi/14.2.0/cc1 -quiet <flags> -o build/emerald-test/test/battle/move_effect/autotomize.o test/battle/move_effect/autotomize.c
/home/eddie/devkitpro/opt/devkitpro/devkitARM/bin/../libexec/gcc/arm-none-eabi/14.2.0/cc1 -quiet <flags> -o build/emerald-test/test/battle/move_effect/baton_pass.o test/battle/move_effect/baton_pass.c
/home/eddie/devkitpro/opt/devkitpro/devkitARM/bin/../libexec/gcc/arm-none-eabi/14.2.0/cc1 -quiet <flags> -o build/emerald-test/test/battle/move_effect/beak_blast.o test/battle/move_effect/beak_blast.c
/home/eddie/devkitpro/opt/devkitpro/devkitARM/bin/../libexec/gcc/arm-none-eabi/14.2.0/cc1 -quiet <flags> -o build/emerald-test/test/battle/move_effect/beat_up.o test/battle/move_effect/beat_up.c
/home/eddie/devkitpro/opt/devkitpro/devkitARM/bin/../libexec/gcc/arm-none-eabi/14.2.0/cc1 -quiet <flags> -o build/emerald-test/test/battle/move_effect/belch.o test/battle/move_effect/belch.c
/home/eddie/devkitpro/opt/devkitpro/devkitARM/bin/../libexec/gcc/arm-none-eabi/14.2.0/cc1 -quiet <flags> -o build/emerald-test/test/battle/move_effect/bestow.o test/battle/move_effect/bestow.c
/home/eddie/devkitpro/opt/devkitpro/devkitARM/bin/../libexec/gcc/arm-none-eabi/14.2.0/cc1 -quiet <flags> -o build/emerald-test/test/battle/move_effect/belly_drum.o test/battle/move_effect/belly_drum.c
/home/eddie/devkitpro/opt/devkitpro/devkitARM/bin/../libexec/gcc/arm-none-eabi/14.2.0/cc1 -quiet <flags> -o build/emerald-test/test/battle/move_effect/bide.o test/battle/move_effect/bide.c
/home/eddie/devkitpro/opt/devkitpro/devkitARM/bin/../libexec/gcc/arm-none-eabi/14.2.0/cc1 -quiet <flags> -o build/emerald-test/test/battle/move_effect/body_press.o test/battle/move_effect/body_press.c
/home/eddie/devkitpro/opt/devkitpro/devkitARM/bin/../libexec/gcc/arm-none-eabi/14.2.0/cc1 -quiet <flags> -o build/emerald-test/test/battle/move_effect/bolt_beak.o test/battle/move_effect/bolt_beak.c
/home/eddie/devkitpro/opt/devkitpro/devkitARM/bin/../libexec/gcc/arm-none-eabi/14.2.0/cc1 -quiet <flags> -o build/emerald-test/test/battle/move_effect/brine.o test/battle/move_effect/brine.c
/home/eddie/devkitpro/opt/devkitpro/devkitARM/bin/../libexec/gcc/arm-none-eabi/14.2.0/cc1 -quiet <flags> -o build/emerald-test/test/battle/move_effect/bulk_up.o test/battle/move_effect/bulk_up.c
/home/eddie/devkitpro/opt/devkitpro/devkitARM/bin/../libexec/gcc/arm-none-eabi/14.2.0/cc1 -quiet <flags> -o build/emerald-test/test/battle/move_effect/calm_mind.o test/battle/move_effect/calm_mind.c
/home/eddie/devkitpro/opt/devkitpro/devkitARM/bin/../libexec/gcc/arm-none-eabi/14.2.0/cc1 -quiet <flags> -o build/emerald-test/test/battle/move_effect/camouflage.o test/battle/move_effect/camouflage.c
/home/eddie/devkitpro/opt/devkitpro/devkitARM/bin/../libexec/gcc/arm-none-eabi/14.2.0/cc1 -quiet <flags> -o build/emerald-test/test/battle/move_effect/captivate.o test/battle/move_effect/captivate.c
/home/eddie/devkitpro/opt/devkitpro/devkitARM/bin/../libexec/gcc/arm-none-eabi/14.2.0/cc1 -quiet <flags> -o build/emerald-test/test/battle/move_effect/ceaseless_edge.o test/battle/move_effect/ceaseless_edge.c
/home/eddie/devkitpro/opt/devkitpro/devkitARM/bin/../libexec/gcc/arm-none-eabi/14.2.0/cc1 -quiet <flags> -o build/emerald-test/test/battle/move_effect/celebrate.o test/battle/move_effect/celebrate.c
/home/eddie/devkitpro/opt/devkitpro/devkitARM/bin/../libexec/gcc/arm-none-eabi/14.2.0/cc1 -quiet <flags> -o build/emerald-test/test/battle/move_effect/change_type_on_item.o test/battle/move_effect/change_type_on_item.c
/home/eddie/devkitpro/opt/devkitpro/devkitARM/bin/../libexec/gcc/arm-none-eabi/14.2.0/cc1 -quiet <flags> -o build/emerald-test/test/battle/move_effect/charge.o test/battle/move_effect/charge.c
/home/eddie/devkitpro/opt/devkitpro/devkitARM/bin/../libexec/gcc/arm-none-eabi/14.2.0/cc1 -quiet <flags> -o build/emerald-test/test/battle/move_effect/chilly_reception.o test/battle/move_effect/chilly_reception.c
/home/eddie/devkitpro/opt/devkitpro/devkitARM/bin/../libexec/gcc/arm-none-eabi/14.2.0/cc1 -quiet <flags> -o build/emerald-test/test/battle/move_effect/chloroblast.o test/battle/move_effect/chloroblast.c
/home/eddie/devkitpro/opt/devkitpro/devkitARM/bin/../libexec/gcc/arm-none-eabi/14.2.0/cc1 -quiet <flags> -o build/emerald-test/test/battle/move_effect/coaching.o test/battle/move_effect/coaching.c
/home/eddie/devkitpro/opt/devkitpro/devkitARM/bin/../libexec/gcc/arm-none-eabi/14.2.0/cc1 -quiet <flags> -o build/emerald-test/test/battle/move_effect/clangorous_soul.o test/battle/move_effect/clangorous_soul.c
/home/eddie/devkitpro/opt/devkitpro/devkitARM/bin/../libexec/gcc/arm-none-eabi/14.2.0/cc1 -quiet <flags> -o build/emerald-test/test/battle/move_effect/coil.o test/battle/move_effect/coil.c
/home/eddie/devkitpro/opt/devkitpro/devkitARM/bin/../libexec/gcc/arm-none-eabi/14.2.0/cc1 -quiet <flags> -o build/emerald-test/test/battle/move_effect/collision_course.o test/battle/move_effect/collision_course.c
/home/eddie/devkitpro/opt/devkitpro/devkitARM/bin/../libexec/gcc/arm-none-eabi/14.2.0/cc1 -quiet <flags> -o build/emerald-test/test/battle/move_effect/confuse.o test/battle/move_effect/confuse.c
/home/eddie/devkitpro/opt/devkitpro/devkitARM/bin/../libexec/gcc/arm-none-eabi/14.2.0/cc1 -quiet <flags> -o build/emerald-test/test/battle/move_effect/conversion_2.o test/battle/move_effect/conversion_2.c
/home/eddie/devkitpro/opt/devkitpro/devkitARM/bin/../libexec/gcc/arm-none-eabi/14.2.0/cc1 -quiet <flags> -o build/emerald-test/test/battle/move_effect/conversion.o test/battle/move_effect/conversion.c
/home/eddie/devkitpro/opt/devkitpro/devkitARM/bin/../libexec/gcc/arm-none-eabi/14.2.0/cc1 -quiet <flags> -o build/emerald-test/test/battle/move_effect/copycat.o test/battle/move_effect/copycat.c
/home/eddie/devkitpro/opt/devkitpro/devkitARM/bin/../libexec/gcc/arm-none-eabi/14.2.0/cc1 -quiet <flags> -o build/emerald-test/test/battle/move_effect/core_enforcer.o test/battle/move_effect/core_enforcer.c
/home/eddie/devkitpro/opt/devkitpro/devkitARM/bin/../libexec/gcc/arm-none-eabi/14.2.0/cc1 -quiet <flags> -o build/emerald-test/test/battle/move_effect/corrosive_gas.o test/battle/move_effect/corrosive_gas.c
/home/eddie/devkitpro/opt/devkitpro/devkitARM/bin/../libexec/gcc/arm-none-eabi/14.2.0/cc1 -quiet <flags> -o build/emerald-test/test/battle/move_effect/cosmic_power.o test/battle/move_effect/cosmic_power.c
/home/eddie/devkitpro/opt/devkitpro/devkitARM/bin/../libexec/gcc/arm-none-eabi/14.2.0/cc1 -quiet <flags> -o build/emerald-test/test/battle/move_effect/court_change.o test/battle/move_effect/court_change.c
/home/eddie/devkitpro/opt/devkitpro/devkitARM/bin/../libexec/gcc/arm-none-eabi/14.2.0/cc1 -quiet <flags> -o build/emerald-test/test/battle/move_effect/curse.o test/battle/move_effect/curse.c
/home/eddie/devkitpro/opt/devkitpro/devkitARM/bin/../libexec/gcc/arm-none-eabi/14.2.0/cc1 -quiet <flags> -o build/emerald-test/test/battle/move_effect/dark_void.o test/battle/move_effect/dark_void.c
/home/eddie/devkitpro/opt/devkitpro/devkitARM/bin/../libexec/gcc/arm-none-eabi/14.2.0/cc1 -quiet <flags> -o build/emerald-test/test/battle/move_effect/decorate.o test/battle/move_effect/decorate.c
/home/eddie/devkitpro/opt/devkitpro/devkitARM/bin/../libexec/gcc/arm-none-eabi/14.2.0/cc1 -quiet <flags> -o build/emerald-test/test/battle/move_effect/defense_curl.o test/battle/move_effect/defense_curl.c
/home/eddie/devkitpro/opt/devkitpro/devkitARM/bin/../libexec/gcc/arm-none-eabi/14.2.0/cc1 -quiet <flags> -o build/emerald-test/test/battle/move_effect/defense_down_2.o test/battle/move_effect/defense_down_2.c
/home/eddie/devkitpro/opt/devkitpro/devkitARM/bin/../libexec/gcc/arm-none-eabi/14.2.0/cc1 -quiet <flags> -o build/emerald-test/test/battle/move_effect/defense_down.o test/battle/move_effect/defense_down.c
/home/eddie/devkitpro/opt/devkitpro/devkitARM/bin/../libexec/gcc/arm-none-eabi/14.2.0/cc1 -quiet <flags> -o build/emerald-test/test/battle/move_effect/defense_up_2.o test/battle/move_effect/defense_up_2.c
/home/eddie/devkitpro/opt/devkitpro/devkitARM/bin/../libexec/gcc/arm-none-eabi/14.2.0/cc1 -quiet <flags> -o build/emerald-test/test/battle/move_effect/defense_up_3.o test/battle/move_effect/defense_up_3.c
/home/eddie/devkitpro/opt/devkitpro/devkitARM/bin/../libexec/gcc/arm-none-eabi/14.2.0/cc1 -quiet <flags> -o build/emerald-test/test/battle/move_effect/defense_up.o test/battle/move_effect/defense_up.c
/home/eddie/devkitpro/opt/devkitpro/devkitARM/bin/../libexec/gcc/arm-none-eabi/14.2.0/cc1 -quiet <flags> -o build/emerald-test/test/battle/move_effect/defog.o test/battle/move_effect/defog.c
/home/eddie/devkitpro/opt/devkitpro/devkitARM/bin/../libexec/gcc/arm-none-eabi/14.2.0/cc1 -quiet <flags> -o build/emerald-test/test/battle/move_effect/destiny_bond.o test/battle/move_effect/destiny_bond.c
/home/eddie/devkitpro/opt/devkitpro/devkitARM/bin/../libexec/gcc/arm-none-eabi/14.2.0/cc1 -quiet <flags> -o build/emerald-test/test/battle/move_effect/disable.o test/battle/move_effect/disable.c
/home/eddie/devkitpro/opt/devkitpro/devkitARM/bin/../libexec/gcc/arm-none-eabi/14.2.0/cc1 -quiet <flags> -o build/emerald-test/test/battle/move_effect/do_nothing.o test/battle/move_effect/do_nothing.c
/home/eddie/devkitpro/opt/devkitpro/devkitARM/bin/../libexec/gcc/arm-none-eabi/14.2.0/cc1 -quiet <flags> -o build/emerald-test/test/battle/move_effect/doodle.o test/battle/move_effect/doodle.c
/home/eddie/devkitpro/opt/devkitpro/devkitARM/bin/../libexec/gcc/arm-none-eabi/14.2.0/cc1 -quiet <flags> -o build/emerald-test/test/battle/move_effect/double_power_on_arg_status.o test/battle/move_effect/double_power_on_arg_status.c
/home/eddie/devkitpro/opt/devkitpro/devkitARM/bin/../libexec/gcc/arm-none-eabi/14.2.0/cc1 -quiet <flags> -o build/emerald-test/test/battle/move_effect/dragon_cheer.o test/battle/move_effect/dragon_cheer.c
/home/eddie/devkitpro/opt/devkitpro/devkitARM/bin/../libexec/gcc/arm-none-eabi/14.2.0/cc1 -quiet <flags> -o build/emerald-test/test/battle/move_effect/dragon_dance.o test/battle/move_effect/dragon_dance.c
/home/eddie/devkitpro/opt/devkitpro/devkitARM/bin/../libexec/gcc/arm-none-eabi/14.2.0/cc1 -quiet <flags> -o build/emerald-test/test/battle/move_effect/dragon_darts.o test/battle/move_effect/dragon_darts.c
/home/eddie/devkitpro/opt/devkitpro/devkitARM/bin/../libexec/gcc/arm-none-eabi/14.2.0/cc1 -quiet <flags> -o build/emerald-test/test/battle/move_effect/dream_eater.o test/battle/move_effect/dream_eater.c
/home/eddie/devkitpro/opt/devkitpro/devkitARM/bin/../libexec/gcc/arm-none-eabi/14.2.0/cc1 -quiet <flags> -o build/emerald-test/test/battle/move_effect/dynamax_double_dmg.o test/battle/move_effect/dynamax_double_dmg.c
/home/eddie/devkitpro/opt/devkitpro/devkitARM/bin/../libexec/gcc/arm-none-eabi/14.2.0/cc1 -quiet <flags> -o build/emerald-test/test/battle/move_effect/earthquake.o test/battle/move_effect/earthquake.c
/home/eddie/devkitpro/opt/devkitpro/devkitARM/bin/../libexec/gcc/arm-none-eabi/14.2.0/cc1 -quiet <flags> -o build/emerald-test/test/battle/move_effect/echoed_voice.o test/battle/move_effect/echoed_voice.c
/home/eddie/devkitpro/opt/devkitpro/devkitARM/bin/../libexec/gcc/arm-none-eabi/14.2.0/cc1 -quiet <flags> -o build/emerald-test/test/battle/move_effect/electric_terrain.o test/battle/move_effect/electric_terrain.c
/home/eddie/devkitpro/opt/devkitpro/devkitARM/bin/../libexec/gcc/arm-none-eabi/14.2.0/cc1 -quiet <flags> -o build/emerald-test/test/battle/move_effect/electrify.o test/battle/move_effect/electrify.c
/home/eddie/devkitpro/opt/devkitpro/devkitARM/bin/../libexec/gcc/arm-none-eabi/14.2.0/cc1 -quiet <flags> -o build/emerald-test/test/battle/move_effect/electro_ball.o test/battle/move_effect/electro_ball.c
/home/eddie/devkitpro/opt/devkitpro/devkitARM/bin/../libexec/gcc/arm-none-eabi/14.2.0/cc1 -quiet <flags> -o build/emerald-test/test/battle/move_effect/embargo.o test/battle/move_effect/embargo.c
/home/eddie/devkitpro/opt/devkitpro/devkitARM/bin/../libexec/gcc/arm-none-eabi/14.2.0/cc1 -quiet <flags> -o build/emerald-test/test/battle/move_effect/encore.o test/battle/move_effect/encore.c
/home/eddie/devkitpro/opt/devkitpro/devkitARM/bin/../libexec/gcc/arm-none-eabi/14.2.0/cc1 -quiet <flags> -o build/emerald-test/test/battle/move_effect/endeavor.o test/battle/move_effect/endeavor.c
/home/eddie/devkitpro/opt/devkitpro/devkitARM/bin/../libexec/gcc/arm-none-eabi/14.2.0/cc1 -quiet <flags> -o build/emerald-test/test/battle/move_effect/endure.o test/battle/move_effect/endure.c
/home/eddie/devkitpro/opt/devkitpro/devkitARM/bin/../libexec/gcc/arm-none-eabi/14.2.0/cc1 -quiet <flags> -o build/emerald-test/test/battle/move_effect/entrainment.o test/battle/move_effect/entrainment.c
/home/eddie/devkitpro/opt/devkitpro/devkitARM/bin/../libexec/gcc/arm-none-eabi/14.2.0/cc1 -quiet <flags> -o build/emerald-test/test/battle/move_effect/evasion_down_2.o test/battle/move_effect/evasion_down_2.c
/home/eddie/devkitpro/opt/devkitpro/devkitARM/bin/../libexec/gcc/arm-none-eabi/14.2.0/cc1 -quiet <flags> -o build/emerald-test/test/battle/move_effect/evasion_down.o test/battle/move_effect/evasion_down.c
/home/eddie/devkitpro/opt/devkitpro/devkitARM/bin/../libexec/gcc/arm-none-eabi/14.2.0/cc1 -quiet <flags> -o build/emerald-test/test/battle/move_effect/evasion_up_2.o test/battle/move_effect/evasion_up_2.c
/home/eddie/devkitpro/opt/devkitpro/devkitARM/bin/../libexec/gcc/arm-none-eabi/14.2.0/cc1 -quiet <flags> -o build/emerald-test/test/battle/move_effect/evasion_up.o test/battle/move_effect/evasion_up.c
/home/eddie/devkitpro/opt/devkitpro/devkitARM/bin/../libexec/gcc/arm-none-eabi/14.2.0/cc1 -quiet <flags> -o build/emerald-test/test/battle/move_effect/extreme_evoboost.o test/battle/move_effect/extreme_evoboost.c
/home/eddie/devkitpro/opt/devkitpro/devkitARM/bin/../libexec/gcc/arm-none-eabi/14.2.0/cc1 -quiet <flags> -o build/emerald-test/test/battle/move_effect/facade.o test/battle/move_effect/facade.c
/home/eddie/devkitpro/opt/devkitpro/devkitARM/bin/../libexec/gcc/arm-none-eabi/14.2.0/cc1 -quiet <flags> -o build/emerald-test/test/battle/move_effect/fail_if_not_arg_type.o test/battle/move_effect/fail_if_not_arg_type.c
/home/eddie/devkitpro/opt/devkitpro/devkitARM/bin/../libexec/gcc/arm-none-eabi/14.2.0/cc1 -quiet <flags> -o build/emerald-test/test/battle/move_effect/fairy_lock.o test/battle/move_effect/fairy_lock.c
/home/eddie/devkitpro/opt/devkitpro/devkitARM/bin/../libexec/gcc/arm-none-eabi/14.2.0/cc1 -quiet <flags> -o build/emerald-test/test/battle/move_effect/false_swipe.o test/battle/move_effect/false_swipe.c
/home/eddie/devkitpro/opt/devkitpro/devkitARM/bin/../libexec/gcc/arm-none-eabi/14.2.0/cc1 -quiet <flags> -o build/emerald-test/test/battle/move_effect/fell_stinger.o test/battle/move_effect/fell_stinger.c
/home/eddie/devkitpro/opt/devkitpro/devkitARM/bin/../libexec/gcc/arm-none-eabi/14.2.0/cc1 -quiet <flags> -o build/emerald-test/test/battle/move_effect/fickle_beam.o test/battle/move_effect/fickle_beam.c
/home/eddie/devkitpro/opt/devkitpro/devkitARM/bin/../libexec/gcc/arm-none-eabi/14.2.0/cc1 -quiet <flags> -o build/emerald-test/test/battle/move_effect/fillet_away.o test/battle/move_effect/fillet_away.c
/home/eddie/devkitpro/opt/devkitpro/devkitARM/bin/../libexec/gcc/arm-none-eabi/14.2.0/cc1 -quiet <flags> -o build/emerald-test/test/battle/move_effect/final_gambit.o test/battle/move_effect/final_gambit.c
/home/eddie/devkitpro/opt/devkitpro/devkitARM/bin/../libexec/gcc/arm-none-eabi/14.2.0/cc1 -quiet <flags> -o build/emerald-test/test/battle/move_effect/first_turn_only.o test/battle/move_effect/first_turn_only.c
/home/eddie/devkitpro/opt/devkitpro/devkitARM/bin/../libexec/gcc/arm-none-eabi/14.2.0/cc1 -quiet <flags> -o build/emerald-test/test/battle/move_effect/fixed_hp_damage.o test/battle/move_effect/fixed_hp_damage.c
/home/eddie/devkitpro/opt/devkitpro/devkitARM/bin/../libexec/gcc/arm-none-eabi/14.2.0/cc1 -quiet <flags> -o build/emerald-test/test/battle/move_effect/fixed_percent_damage.o test/battle/move_effect/fixed_percent_damage.c
/home/eddie/devkitpro/opt/devkitpro/devkitARM/bin/../libexec/gcc/arm-none-eabi/14.2.0/cc1 -quiet <flags> -o build/emerald-test/test/battle/move_effect/flail.o test/battle/move_effect/flail.c
/home/eddie/devkitpro/opt/devkitpro/devkitARM/bin/../libexec/gcc/arm-none-eabi/14.2.0/cc1 -quiet <flags> -o build/emerald-test/test/battle/move_effect/flatter.o test/battle/move_effect/flatter.c
/home/eddie/devkitpro/opt/devkitpro/devkitARM/bin/../libexec/gcc/arm-none-eabi/14.2.0/cc1 -quiet <flags> -o build/emerald-test/test/battle/move_effect/fling.o test/battle/move_effect/fling.c
/home/eddie/devkitpro/opt/devkitpro/devkitARM/bin/../libexec/gcc/arm-none-eabi/14.2.0/cc1 -quiet <flags> -o build/emerald-test/test/battle/move_effect/flower_shield.o test/battle/move_effect/flower_shield.c
/home/eddie/devkitpro/opt/devkitpro/devkitARM/bin/../libexec/gcc/arm-none-eabi/14.2.0/cc1 -quiet <flags> -o build/emerald-test/test/battle/move_effect/focus_energy.o test/battle/move_effect/focus_energy.c
/home/eddie/devkitpro/opt/devkitpro/devkitARM/bin/../libexec/gcc/arm-none-eabi/14.2.0/cc1 -quiet <flags> -o build/emerald-test/test/battle/move_effect/focus_punch.o test/battle/move_effect/focus_punch.c
/home/eddie/devkitpro/opt/devkitpro/devkitARM/bin/../libexec/gcc/arm-none-eabi/14.2.0/cc1 -quiet <flags> -o build/emerald-test/test/battle/move_effect/follow_me.o test/battle/move_effect/follow_me.c
/home/eddie/devkitpro/opt/devkitpro/devkitARM/bin/../libexec/gcc/arm-none-eabi/14.2.0/cc1 -quiet <flags> -o build/emerald-test/test/battle/move_effect/foresight.o test/battle/move_effect/foresight.c
/home/eddie/devkitpro/opt/devkitpro/devkitARM/bin/../libexec/gcc/arm-none-eabi/14.2.0/cc1 -quiet <flags> -o build/emerald-test/test/battle/move_effect/foul_play.o test/battle/move_effect/foul_play.c
/home/eddie/devkitpro/opt/devkitpro/devkitARM/bin/../libexec/gcc/arm-none-eabi/14.2.0/cc1 -quiet <flags> -o build/emerald-test/test/battle/move_effect/frustration.o test/battle/move_effect/frustration.c
/home/eddie/devkitpro/opt/devkitpro/devkitARM/bin/../libexec/gcc/arm-none-eabi/14.2.0/cc1 -quiet <flags> -o build/emerald-test/test/battle/move_effect/fury_cutter.o test/battle/move_effect/fury_cutter.c
/home/eddie/devkitpro/opt/devkitpro/devkitARM/bin/../libexec/gcc/arm-none-eabi/14.2.0/cc1 -quiet <flags> -o build/emerald-test/test/battle/move_effect/fusion_combo.o test/battle/move_effect/fusion_combo.c
/home/eddie/devkitpro/opt/devkitpro/devkitARM/bin/../libexec/gcc/arm-none-eabi/14.2.0/cc1 -quiet <flags> -o build/emerald-test/test/battle/move_effect/future_sight.o test/battle/move_effect/future_sight.c
/home/eddie/devkitpro/opt/devkitpro/devkitARM/bin/../libexec/gcc/arm-none-eabi/14.2.0/cc1 -quiet <flags> -o build/emerald-test/test/battle/move_effect/gastro_acid.o test/battle/move_effect/gastro_acid.c
/home/eddie/devkitpro/opt/devkitpro/devkitARM/bin/../libexec/gcc/arm-none-eabi/14.2.0/cc1 -quiet <flags> -o build/emerald-test/test/battle/move_effect/gear_up.o test/battle/move_effect/gear_up.c
/home/eddie/devkitpro/opt/devkitpro/devkitARM/bin/../libexec/gcc/arm-none-eabi/14.2.0/cc1 -quiet <flags> -o build/emerald-test/test/battle/move_effect/geomancy.o test/battle/move_effect/geomancy.c
/home/eddie/devkitpro/opt/devkitpro/devkitARM/bin/../libexec/gcc/arm-none-eabi/14.2.0/cc1 -quiet <flags> -o build/emerald-test/test/battle/move_effect/glaive_rush.o test/battle/move_effect/glaive_rush.c
/home/eddie/devkitpro/opt/devkitpro/devkitARM/bin/../libexec/gcc/arm-none-eabi/14.2.0/cc1 -quiet <flags> -o build/emerald-test/test/battle/move_effect/grassy_glide.o test/battle/move_effect/grassy_glide.c
/home/eddie/devkitpro/opt/devkitpro/devkitARM/bin/../libexec/gcc/arm-none-eabi/14.2.0/cc1 -quiet <flags> -o build/emerald-test/test/battle/move_effect/grassy_terrain.o test/battle/move_effect/grassy_terrain.c
/home/eddie/devkitpro/opt/devkitpro/devkitARM/bin/../libexec/gcc/arm-none-eabi/14.2.0/cc1 -quiet <flags> -o build/emerald-test/test/battle/move_effect/grav_apple.o test/battle/move_effect/grav_apple.c
/home/eddie/devkitpro/opt/devkitpro/devkitARM/bin/../libexec/gcc/arm-none-eabi/14.2.0/cc1 -quiet <flags> -o build/emerald-test/test/battle/move_effect/gravity.o test/battle/move_effect/gravity.c
/home/eddie/devkitpro/opt/devkitpro/devkitARM/bin/../libexec/gcc/arm-none-eabi/14.2.0/cc1 -quiet <flags> -o build/emerald-test/test/battle/move_effect/growth.o test/battle/move_effect/growth.c
/home/eddie/devkitpro/opt/devkitpro/devkitARM/bin/../libexec/gcc/arm-none-eabi/14.2.0/cc1 -quiet <flags> -o build/emerald-test/test/battle/move_effect/grudge.o test/battle/move_effect/grudge.c
/home/eddie/devkitpro/opt/devkitpro/devkitARM/bin/../libexec/gcc/arm-none-eabi/14.2.0/cc1 -quiet <flags> -o build/emerald-test/test/battle/move_effect/guard_split.o test/battle/move_effect/guard_split.c
/home/eddie/devkitpro/opt/devkitpro/devkitARM/bin/../libexec/gcc/arm-none-eabi/14.2.0/cc1 -quiet <flags> -o build/emerald-test/test/battle/move_effect/guard_swap.o test/battle/move_effect/guard_swap.c
/home/eddie/devkitpro/opt/devkitpro/devkitARM/bin/../libexec/gcc/arm-none-eabi/14.2.0/cc1 -quiet <flags> -o build/emerald-test/test/battle/move_effect/gyro_ball.o test/battle/move_effect/gyro_ball.c
/home/eddie/devkitpro/opt/devkitpro/devkitARM/bin/../libexec/gcc/arm-none-eabi/14.2.0/cc1 -quiet <flags> -o build/emerald-test/test/battle/move_effect/hail.o test/battle/move_effect/hail.c
/home/eddie/devkitpro/opt/devkitpro/devkitARM/bin/../libexec/gcc/arm-none-eabi/14.2.0/cc1 -quiet <flags> -o build/emerald-test/test/battle/move_effect/happy_hour.o test/battle/move_effect/happy_hour.c
/home/eddie/devkitpro/opt/devkitpro/devkitARM/bin/../libexec/gcc/arm-none-eabi/14.2.0/cc1 -quiet <flags> -o build/emerald-test/test/battle/move_effect/haze.o test/battle/move_effect/haze.c
/home/eddie/devkitpro/opt/devkitpro/devkitARM/bin/../libexec/gcc/arm-none-eabi/14.2.0/cc1 -quiet <flags> -o build/emerald-test/test/battle/move_effect/heal_bell.o test/battle/move_effect/heal_bell.c
/home/eddie/devkitpro/opt/devkitpro/devkitARM/bin/../libexec/gcc/arm-none-eabi/14.2.0/cc1 -quiet <flags> -o build/emerald-test/test/battle/move_effect/heal_block.o test/battle/move_effect/heal_block.c
/home/eddie/devkitpro/opt/devkitpro/devkitARM/bin/../libexec/gcc/arm-none-eabi/14.2.0/cc1 -quiet <flags> -o build/emerald-test/test/battle/move_effect/healing_wish.o test/battle/move_effect/healing_wish.c
/home/eddie/devkitpro/opt/devkitpro/devkitARM/bin/../libexec/gcc/arm-none-eabi/14.2.0/cc1 -quiet <flags> -o build/emerald-test/test/battle/move_effect/heal_pulse.o test/battle/move_effect/heal_pulse.c
/home/eddie/devkitpro/opt/devkitpro/devkitARM/bin/../libexec/gcc/arm-none-eabi/14.2.0/cc1 -quiet <flags> -o build/emerald-test/test/battle/move_effect/heart_swap.o test/battle/move_effect/heart_swap.c
/home/eddie/devkitpro/opt/devkitpro/devkitARM/bin/../libexec/gcc/arm-none-eabi/14.2.0/cc1 -quiet <flags> -o build/emerald-test/test/battle/move_effect/heat_crash.o test/battle/move_effect/heat_crash.c
/home/eddie/devkitpro/opt/devkitpro/devkitARM/bin/../libexec/gcc/arm-none-eabi/14.2.0/cc1 -quiet <flags> -o build/emerald-test/test/battle/move_effect/helping_hand.o test/battle/move_effect/helping_hand.c
/home/eddie/devkitpro/opt/devkitpro/devkitARM/bin/../libexec/gcc/arm-none-eabi/14.2.0/cc1 -quiet <flags> -o build/emerald-test/test/battle/move_effect/hidden_power.o test/battle/move_effect/hidden_power.c
/home/eddie/devkitpro/opt/devkitpro/devkitARM/bin/../libexec/gcc/arm-none-eabi/14.2.0/cc1 -quiet <flags> -o build/emerald-test/test/battle/move_effect/hit_enemy_heal_ally.o test/battle/move_effect/hit_enemy_heal_ally.c
/home/eddie/devkitpro/opt/devkitpro/devkitARM/bin/../libexec/gcc/arm-none-eabi/14.2.0/cc1 -quiet <flags> -o build/emerald-test/test/battle/move_effect/hit_escape.o test/battle/move_effect/hit_escape.c
/home/eddie/devkitpro/opt/devkitpro/devkitARM/bin/../libexec/gcc/arm-none-eabi/14.2.0/cc1 -quiet <flags> -o build/emerald-test/test/battle/move_effect/hit_switch_target.o test/battle/move_effect/hit_switch_target.c
/home/eddie/devkitpro/opt/devkitpro/devkitARM/bin/../libexec/gcc/arm-none-eabi/14.2.0/cc1 -quiet <flags> -o build/emerald-test/test/battle/move_effect/hold_hands.o test/battle/move_effect/hold_hands.c
/home/eddie/devkitpro/opt/devkitpro/devkitARM/bin/../libexec/gcc/arm-none-eabi/14.2.0/cc1 -quiet <flags> -o build/emerald-test/test/battle/move_effect/hydro_steam.o test/battle/move_effect/hydro_steam.c
/home/eddie/devkitpro/opt/devkitpro/devkitARM/bin/../libexec/gcc/arm-none-eabi/14.2.0/cc1 -quiet <flags> -o build/emerald-test/test/battle/move_effect/ice_spinner.o test/battle/move_effect/ice_spinner.c
/home/eddie/devkitpro/opt/devkitpro/devkitARM/bin/../libexec/gcc/arm-none-eabi/14.2.0/cc1 -quiet <flags> -o build/emerald-test/test/battle/move_effect/imprison.o test/battle/move_effect/imprison.c
/home/eddie/devkitpro/opt/devkitpro/devkitARM/bin/../libexec/gcc/arm-none-eabi/14.2.0/cc1 -quiet <flags> -o build/emerald-test/test/battle/move_effect/ingrain.o test/battle/move_effect/ingrain.c
/home/eddie/devkitpro/opt/devkitpro/devkitARM/bin/../libexec/gcc/arm-none-eabi/14.2.0/cc1 -quiet <flags> -o build/emerald-test/test/battle/move_effect/instruct.o test/battle/move_effect/instruct.c
/home/eddie/devkitpro/opt/devkitpro/devkitARM/bin/../libexec/gcc/arm-none-eabi/14.2.0/cc1 -quiet <flags> -o build/emerald-test/test/battle/move_effect/ion_deluge.o test/battle/move_effect/ion_deluge.c
/home/eddie/devkitpro/opt/devkitpro/devkitARM/bin/../libexec/gcc/arm-none-eabi/14.2.0/cc1 -quiet <flags> -o build/emerald-test/test/battle/move_effect/ivy_cudgel.o test/battle/move_effect/ivy_cudgel.c
/home/eddie/devkitpro/opt/devkitpro/devkitARM/bin/../libexec/gcc/arm-none-eabi/14.2.0/cc1 -quiet <flags> -o build/emerald-test/test/battle/move_effect/jungle_healing.o test/battle/move_effect/jungle_healing.c
/home/eddie/devkitpro/opt/devkitpro/devkitARM/bin/../libexec/gcc/arm-none-eabi/14.2.0/cc1 -quiet <flags> -o build/emerald-test/test/battle/move_effect/knock_off.o test/battle/move_effect/knock_off.c
/home/eddie/devkitpro/opt/devkitpro/devkitARM/bin/../libexec/gcc/arm-none-eabi/14.2.0/cc1 -quiet <flags> -o build/emerald-test/test/battle/move_effect/laser_focus.o test/battle/move_effect/laser_focus.c
/home/eddie/devkitpro/opt/devkitpro/devkitARM/bin/../libexec/gcc/arm-none-eabi/14.2.0/cc1 -quiet <flags> -o build/emerald-test/test/battle/move_effect/lash_out.o test/battle/move_effect/lash_out.c
/home/eddie/devkitpro/opt/devkitpro/devkitARM/bin/../libexec/gcc/arm-none-eabi/14.2.0/cc1 -quiet <flags> -o build/emerald-test/test/battle/move_effect/last_resort.o test/battle/move_effect/last_resort.c
/home/eddie/devkitpro/opt/devkitpro/devkitARM/bin/../libexec/gcc/arm-none-eabi/14.2.0/cc1 -quiet <flags> -o build/emerald-test/test/battle/move_effect/last_respects.o test/battle/move_effect/last_respects.c
/home/eddie/devkitpro/opt/devkitpro/devkitARM/bin/../libexec/gcc/arm-none-eabi/14.2.0/cc1 -quiet <flags> -o build/emerald-test/test/battle/move_effect/leech_seed.o test/battle/move_effect/leech_seed.c
/home/eddie/devkitpro/opt/devkitpro/devkitARM/bin/../libexec/gcc/arm-none-eabi/14.2.0/cc1 -quiet <flags> -o build/emerald-test/test/battle/move_effect/level_damage.o test/battle/move_effect/level_damage.c
/home/eddie/devkitpro/opt/devkitpro/devkitARM/bin/../libexec/gcc/arm-none-eabi/14.2.0/cc1 -quiet <flags> -o build/emerald-test/test/battle/move_effect/life_dew.o test/battle/move_effect/life_dew.c
/home/eddie/devkitpro/opt/devkitpro/devkitARM/bin/../libexec/gcc/arm-none-eabi/14.2.0/cc1 -quiet <flags> -o build/emerald-test/test/battle/move_effect/light_screen.o test/battle/move_effect/light_screen.c
/home/eddie/devkitpro/opt/devkitpro/devkitARM/bin/../libexec/gcc/arm-none-eabi/14.2.0/cc1 -quiet <flags> -o build/emerald-test/test/battle/move_effect/lock_on.o test/battle/move_effect/lock_on.c
/home/eddie/devkitpro/opt/devkitpro/devkitARM/bin/../libexec/gcc/arm-none-eabi/14.2.0/cc1 -quiet <flags> -o build/emerald-test/test/battle/move_effect/low_kick.o test/battle/move_effect/low_kick.c
/home/eddie/devkitpro/opt/devkitpro/devkitARM/bin/../libexec/gcc/arm-none-eabi/14.2.0/cc1 -quiet <flags> -o build/emerald-test/test/battle/move_effect/lucky_chant.o test/battle/move_effect/lucky_chant.c
/home/eddie/devkitpro/opt/devkitpro/devkitARM/bin/../libexec/gcc/arm-none-eabi/14.2.0/cc1 -quiet <flags> -o build/emerald-test/test/battle/move_effect/lunar_dance.o test/battle/move_effect/lunar_dance.c
/home/eddie/devkitpro/opt/devkitpro/devkitARM/bin/../libexec/gcc/arm-none-eabi/14.2.0/cc1 -quiet <flags> -o build/emerald-test/test/battle/move_effect/magic_coat.o test/battle/move_effect/magic_coat.c
/home/eddie/devkitpro/opt/devkitpro/devkitARM/bin/../libexec/gcc/arm-none-eabi/14.2.0/cc1 -quiet <flags> -o build/emerald-test/test/battle/move_effect/magic_room.o test/battle/move_effect/magic_room.c
/home/eddie/devkitpro/opt/devkitpro/devkitARM/bin/../libexec/gcc/arm-none-eabi/14.2.0/cc1 -quiet <flags> -o build/emerald-test/test/battle/move_effect/magnetic_flux.o test/battle/move_effect/magnetic_flux.c
/home/eddie/devkitpro/opt/devkitpro/devkitARM/bin/../libexec/gcc/arm-none-eabi/14.2.0/cc1 -quiet <flags> -o build/emerald-test/test/battle/move_effect/magnet_rise.o test/battle/move_effect/magnet_rise.c
/home/eddie/devkitpro/opt/devkitpro/devkitARM/bin/../libexec/gcc/arm-none-eabi/14.2.0/cc1 -quiet <flags> -o build/emerald-test/test/battle/move_effect/magnitude.o test/battle/move_effect/magnitude.c
/home/eddie/devkitpro/opt/devkitpro/devkitARM/bin/../libexec/gcc/arm-none-eabi/14.2.0/cc1 -quiet <flags> -o build/emerald-test/test/battle/move_effect/mat_block.o test/battle/move_effect/mat_block.c
/home/eddie/devkitpro/opt/devkitpro/devkitARM/bin/../libexec/gcc/arm-none-eabi/14.2.0/cc1 -quiet <flags> -o build/emerald-test/test/battle/move_effect/max_hp_50_recoil.o test/battle/move_effect/max_hp_50_recoil.c
/home/eddie/devkitpro/opt/devkitpro/devkitARM/bin/../libexec/gcc/arm-none-eabi/14.2.0/cc1 -quiet <flags> -o build/emerald-test/test/battle/move_effect/mean_look.o test/battle/move_effect/mean_look.c
/home/eddie/devkitpro/opt/devkitpro/devkitARM/bin/../libexec/gcc/arm-none-eabi/14.2.0/cc1 -quiet <flags> -o build/emerald-test/test/battle/move_effect/me_first.o test/battle/move_effect/me_first.c
/home/eddie/devkitpro/opt/devkitpro/devkitARM/bin/../libexec/gcc/arm-none-eabi/14.2.0/cc1 -quiet <flags> -o build/emerald-test/test/battle/move_effect/memento.o test/battle/move_effect/memento.c
/home/eddie/devkitpro/opt/devkitpro/devkitARM/bin/../libexec/gcc/arm-none-eabi/14.2.0/cc1 -quiet <flags> -o build/emerald-test/test/battle/move_effect/metronome.o test/battle/move_effect/metronome.c
/home/eddie/devkitpro/opt/devkitpro/devkitARM/bin/../libexec/gcc/arm-none-eabi/14.2.0/cc1 -quiet <flags> -o build/emerald-test/test/battle/move_effect/mimic.o test/battle/move_effect/mimic.c
/home/eddie/devkitpro/opt/devkitpro/devkitARM/bin/../libexec/gcc/arm-none-eabi/14.2.0/cc1 -quiet <flags> -o build/emerald-test/test/battle/move_effect/minimize.o test/battle/move_effect/minimize.c
/home/eddie/devkitpro/opt/devkitpro/devkitARM/bin/../libexec/gcc/arm-none-eabi/14.2.0/cc1 -quiet <flags> -o build/emerald-test/test/battle/move_effect/miracle_eye.o test/battle/move_effect/miracle_eye.c
/home/eddie/devkitpro/opt/devkitpro/devkitARM/bin/../libexec/gcc/arm-none-eabi/14.2.0/cc1 -quiet <flags> -o build/emerald-test/test/battle/move_effect/mirror_move.o test/battle/move_effect/mirror_move.c
/home/eddie/devkitpro/opt/devkitpro/devkitARM/bin/../libexec/gcc/arm-none-eabi/14.2.0/cc1 -quiet <flags> -o build/emerald-test/test/battle/move_effect/mist.o test/battle/move_effect/mist.c
/home/eddie/devkitpro/opt/devkitpro/devkitARM/bin/../libexec/gcc/arm-none-eabi/14.2.0/cc1 -quiet <flags> -o build/emerald-test/test/battle/move_effect/misty_terrain.o test/battle/move_effect/misty_terrain.c
/home/eddie/devkitpro/opt/devkitpro/devkitARM/bin/../libexec/gcc/arm-none-eabi/14.2.0/cc1 -quiet <flags> -o build/emerald-test/test/battle/move_effect/morning_sun.o test/battle/move_effect/morning_sun.c
/home/eddie/devkitpro/opt/devkitpro/devkitARM/bin/../libexec/gcc/arm-none-eabi/14.2.0/cc1 -quiet <flags> -o build/emerald-test/test/battle/move_effect/moonlight.o test/battle/move_effect/moonlight.c
/home/eddie/devkitpro/opt/devkitpro/devkitARM/bin/../libexec/gcc/arm-none-eabi/14.2.0/cc1 -quiet <flags> -o build/emerald-test/test/battle/move_effect/mud_sport.o test/battle/move_effect/mud_sport.c
/home/eddie/devkitpro/opt/devkitpro/devkitARM/bin/../libexec/gcc/arm-none-eabi/14.2.0/cc1 -quiet <flags> -o build/emerald-test/test/battle/move_effect/multi_hit.o test/battle/move_effect/multi_hit.c
/home/eddie/devkitpro/opt/devkitpro/devkitARM/bin/../libexec/gcc/arm-none-eabi/14.2.0/cc1 -quiet <flags> -o build/emerald-test/test/battle/move_effect/natural_gift.o test/battle/move_effect/natural_gift.c
/home/eddie/devkitpro/opt/devkitpro/devkitARM/bin/../libexec/gcc/arm-none-eabi/14.2.0/cc1 -quiet <flags> -o build/emerald-test/test/battle/move_effect/nature_power.o test/battle/move_effect/nature_power.c
/home/eddie/devkitpro/opt/devkitpro/devkitARM/bin/../libexec/gcc/arm-none-eabi/14.2.0/cc1 -quiet <flags> -o build/emerald-test/test/battle/move_effect/nightmare.o test/battle/move_effect/nightmare.c
/home/eddie/devkitpro/opt/devkitpro/devkitARM/bin/../libexec/gcc/arm-none-eabi/14.2.0/cc1 -quiet <flags> -o build/emerald-test/test/battle/move_effect/noble_roar.o test/battle/move_effect/noble_roar.c
/home/eddie/devkitpro/opt/devkitpro/devkitARM/bin/../libexec/gcc/arm-none-eabi/14.2.0/cc1 -quiet <flags> -o build/emerald-test/test/battle/move_effect/no_retreat.o test/battle/move_effect/no_retreat.c
/home/eddie/devkitpro/opt/devkitpro/devkitARM/bin/../libexec/gcc/arm-none-eabi/14.2.0/cc1 -quiet <flags> -o build/emerald-test/test/battle/move_effect/octolock.o test/battle/move_effect/octolock.c
/home/eddie/devkitpro/opt/devkitpro/devkitARM/bin/../libexec/gcc/arm-none-eabi/14.2.0/cc1 -quiet <flags> -o build/emerald-test/test/battle/move_effect/ohko.o test/battle/move_effect/ohko.c
/home/eddie/devkitpro/opt/devkitpro/devkitARM/bin/../libexec/gcc/arm-none-eabi/14.2.0/cc1 -quiet <flags> -o build/emerald-test/test/battle/move_effect/order_up.o test/battle/move_effect/order_up.c
/home/eddie/devkitpro/opt/devkitpro/devkitARM/bin/../libexec/gcc/arm-none-eabi/14.2.0/cc1 -quiet <flags> -o build/emerald-test/test/battle/move_effect/overwrite_ability.o test/battle/move_effect/overwrite_ability.c
/home/eddie/devkitpro/opt/devkitpro/devkitARM/bin/../libexec/gcc/arm-none-eabi/14.2.0/cc1 -quiet <flags> -o build/emerald-test/test/battle/move_effect/pain_split.o test/battle/move_effect/pain_split.c
/home/eddie/devkitpro/opt/devkitpro/devkitARM/bin/../libexec/gcc/arm-none-eabi/14.2.0/cc1 -quiet <flags> -o build/emerald-test/test/battle/move_effect/paralyze.o test/battle/move_effect/paralyze.c
/home/eddie/devkitpro/opt/devkitpro/devkitARM/bin/../libexec/gcc/arm-none-eabi/14.2.0/cc1 -quiet <flags> -o build/emerald-test/test/battle/move_effect/parting_shot.o test/battle/move_effect/parting_shot.c
/home/eddie/devkitpro/opt/devkitpro/devkitARM/bin/../libexec/gcc/arm-none-eabi/14.2.0/cc1 -quiet <flags> -o build/emerald-test/test/battle/move_effect/payback.o test/battle/move_effect/payback.c
/home/eddie/devkitpro/opt/devkitpro/devkitARM/bin/../libexec/gcc/arm-none-eabi/14.2.0/cc1 -quiet <flags> -o build/emerald-test/test/battle/move_effect/perish_song.o test/battle/move_effect/perish_song.c
/home/eddie/devkitpro/opt/devkitpro/devkitARM/bin/../libexec/gcc/arm-none-eabi/14.2.0/cc1 -quiet <flags> -o build/emerald-test/test/battle/move_effect/photon_geyser.o test/battle/move_effect/photon_geyser.c
/home/eddie/devkitpro/opt/devkitpro/devkitARM/bin/../libexec/gcc/arm-none-eabi/14.2.0/cc1 -quiet <flags> -o build/emerald-test/test/battle/move_effect/placeholder.o test/battle/move_effect/placeholder.c
/home/eddie/devkitpro/opt/devkitpro/devkitARM/bin/../libexec/gcc/arm-none-eabi/14.2.0/cc1 -quiet <flags> -o build/emerald-test/test/battle/move_effect/pledge.o test/battle/move_effect/pledge.c
/home/eddie/devkitpro/opt/devkitpro/devkitARM/bin/../libexec/gcc/arm-none-eabi/14.2.0/cc1 -quiet <flags> -o build/emerald-test/test/battle/move_effect/poison.o test/battle/move_effect/poison.c
/home/eddie/devkitpro/opt/devkitpro/devkitARM/bin/../libexec/gcc/arm-none-eabi/14.2.0/cc1 -quiet <flags> -o build/emerald-test/test/battle/move_effect/poltergeist.o test/battle/move_effect/poltergeist.c
/home/eddie/devkitpro/opt/devkitpro/devkitARM/bin/../libexec/gcc/arm-none-eabi/14.2.0/cc1 -quiet <flags> -o build/emerald-test/test/battle/move_effect/population_bomb.o test/battle/move_effect/population_bomb.c
/home/eddie/devkitpro/opt/devkitpro/devkitARM/bin/../libexec/gcc/arm-none-eabi/14.2.0/cc1 -quiet <flags> -o build/emerald-test/test/battle/move_effect/powder.o test/battle/move_effect/powder.c
/home/eddie/devkitpro/opt/devkitpro/devkitARM/bin/../libexec/gcc/arm-none-eabi/14.2.0/cc1 -quiet <flags> -o build/emerald-test/test/battle/move_effect/power_based_on_target_hp.o test/battle/move_effect/power_based_on_target_hp.c
/home/eddie/devkitpro/opt/devkitpro/devkitARM/bin/../libexec/gcc/arm-none-eabi/14.2.0/cc1 -quiet <flags> -o build/emerald-test/test/battle/move_effect/power_based_on_user_hp.o test/battle/move_effect/power_based_on_user_hp.c
/home/eddie/devkitpro/opt/devkitpro/devkitARM/bin/../libexec/gcc/arm-none-eabi/14.2.0/cc1 -quiet <flags> -o build/emerald-test/test/battle/move_effect/power_split.o test/battle/move_effect/power_split.c
/home/eddie/devkitpro/opt/devkitpro/devkitARM/bin/../libexec/gcc/arm-none-eabi/14.2.0/cc1 -quiet <flags> -o build/emerald-test/test/battle/move_effect/power_swap.o test/battle/move_effect/power_swap.c
/home/eddie/devkitpro/opt/devkitpro/devkitARM/bin/../libexec/gcc/arm-none-eabi/14.2.0/cc1 -quiet <flags> -o build/emerald-test/test/battle/move_effect/power_trick.o test/battle/move_effect/power_trick.c
/home/eddie/devkitpro/opt/devkitpro/devkitARM/bin/../libexec/gcc/arm-none-eabi/14.2.0/cc1 -quiet <flags> -o build/emerald-test/test/battle/move_effect/present.o test/battle/move_effect/present.c
/home/eddie/devkitpro/opt/devkitpro/devkitARM/bin/../libexec/gcc/arm-none-eabi/14.2.0/cc1 -quiet <flags> -o build/emerald-test/test/battle/move_effect/protect.o test/battle/move_effect/protect.c
/home/eddie/devkitpro/opt/devkitpro/devkitARM/bin/../libexec/gcc/arm-none-eabi/14.2.0/cc1 -quiet <flags> -o build/emerald-test/test/battle/move_effect/psyblade.o test/battle/move_effect/psyblade.c
/home/eddie/devkitpro/opt/devkitpro/devkitARM/bin/../libexec/gcc/arm-none-eabi/14.2.0/cc1 -quiet <flags> -o build/emerald-test/test/battle/move_effect/psychic_terrain.o test/battle/move_effect/psychic_terrain.c
/home/eddie/devkitpro/opt/devkitpro/devkitARM/bin/../libexec/gcc/arm-none-eabi/14.2.0/cc1 -quiet <flags> -o build/emerald-test/test/battle/move_effect/psycho_shift.o test/battle/move_effect/psycho_shift.c
/home/eddie/devkitpro/opt/devkitpro/devkitARM/bin/../libexec/gcc/arm-none-eabi/14.2.0/cc1 -quiet <flags> -o build/emerald-test/test/battle/move_effect/psych_up.o test/battle/move_effect/psych_up.c
/home/eddie/devkitpro/opt/devkitpro/devkitARM/bin/../libexec/gcc/arm-none-eabi/14.2.0/cc1 -quiet <flags> -o build/emerald-test/test/battle/move_effect/psyshock.o test/battle/move_effect/psyshock.c
/home/eddie/devkitpro/opt/devkitpro/devkitARM/bin/../libexec/gcc/arm-none-eabi/14.2.0/cc1 -quiet <flags> -o build/emerald-test/test/battle/move_effect/psywave.o test/battle/move_effect/psywave.c
/home/eddie/devkitpro/opt/devkitpro/devkitARM/bin/../libexec/gcc/arm-none-eabi/14.2.0/cc1 -quiet <flags> -o build/emerald-test/test/battle/move_effect/punishment.o test/battle/move_effect/punishment.c
/home/eddie/devkitpro/opt/devkitpro/devkitARM/bin/../libexec/gcc/arm-none-eabi/14.2.0/cc1 -quiet <flags> -o build/emerald-test/test/battle/move_effect/purify.o test/battle/move_effect/purify.c
/home/eddie/devkitpro/opt/devkitpro/devkitARM/bin/../libexec/gcc/arm-none-eabi/14.2.0/cc1 -quiet <flags> -o build/emerald-test/test/battle/move_effect/pursuit.o test/battle/move_effect/pursuit.c
/home/eddie/devkitpro/opt/devkitpro/devkitARM/bin/../libexec/gcc/arm-none-eabi/14.2.0/cc1 -quiet <flags> -o build/emerald-test/test/battle/move_effect/quash.o test/battle/move_effect/quash.c
/home/eddie/devkitpro/opt/devkitpro/devkitARM/bin/../libexec/gcc/arm-none-eabi/14.2.0/cc1 -quiet <flags> -o build/emerald-test/test/battle/move_effect/quiver_dance.o test/battle/move_effect/quiver_dance.c
/home/eddie/devkitpro/opt/devkitpro/devkitARM/bin/../libexec/gcc/arm-none-eabi/14.2.0/cc1 -quiet <flags> -o build/emerald-test/test/battle/move_effect/rage.o test/battle/move_effect/rage.c
/home/eddie/devkitpro/opt/devkitpro/devkitARM/bin/../libexec/gcc/arm-none-eabi/14.2.0/cc1 -quiet <flags> -o build/emerald-test/test/battle/move_effect/rage_fist.o test/battle/move_effect/rage_fist.c
/home/eddie/devkitpro/opt/devkitpro/devkitARM/bin/../libexec/gcc/arm-none-eabi/14.2.0/cc1 -quiet <flags> -o build/emerald-test/test/battle/move_effect/raging_bull.o test/battle/move_effect/raging_bull.c
/home/eddie/devkitpro/opt/devkitpro/devkitARM/bin/../libexec/gcc/arm-none-eabi/14.2.0/cc1 -quiet <flags> -o build/emerald-test/test/battle/move_effect/rain_dance.o test/battle/move_effect/rain_dance.c
/home/eddie/devkitpro/opt/devkitpro/devkitARM/bin/../libexec/gcc/arm-none-eabi/14.2.0/cc1 -quiet <flags> -o build/emerald-test/test/battle/move_effect/rapid_spin.o test/battle/move_effect/rapid_spin.c
/home/eddie/devkitpro/opt/devkitpro/devkitARM/bin/../libexec/gcc/arm-none-eabi/14.2.0/cc1 -quiet <flags> -o build/emerald-test/test/battle/move_effect/recoil.o test/battle/move_effect/recoil.c
/home/eddie/devkitpro/opt/devkitpro/devkitARM/bin/../libexec/gcc/arm-none-eabi/14.2.0/cc1 -quiet <flags> -o build/emerald-test/test/battle/move_effect/recoil_if_miss.o test/battle/move_effect/recoil_if_miss.c
/home/eddie/devkitpro/opt/devkitpro/devkitARM/bin/../libexec/gcc/arm-none-eabi/14.2.0/cc1 -quiet <flags> -o build/emerald-test/test/battle/move_effect/recycle.o test/battle/move_effect/recycle.c
/home/eddie/devkitpro/opt/devkitpro/devkitARM/bin/../libexec/gcc/arm-none-eabi/14.2.0/cc1 -quiet <flags> -o build/emerald-test/test/battle/move_effect/reflect.o test/battle/move_effect/reflect.c
/home/eddie/devkitpro/opt/devkitpro/devkitARM/bin/../libexec/gcc/arm-none-eabi/14.2.0/cc1 -quiet <flags> -o build/emerald-test/test/battle/move_effect/reflect_damage.o test/battle/move_effect/reflect_damage.c
/home/eddie/devkitpro/opt/devkitpro/devkitARM/bin/../libexec/gcc/arm-none-eabi/14.2.0/cc1 -quiet <flags> -o build/emerald-test/test/battle/move_effect/reflect_type.o test/battle/move_effect/reflect_type.c
/home/eddie/devkitpro/opt/devkitpro/devkitARM/bin/../libexec/gcc/arm-none-eabi/14.2.0/cc1 -quiet <flags> -o build/emerald-test/test/battle/move_effect/refresh.o test/battle/move_effect/refresh.c
/home/eddie/devkitpro/opt/devkitpro/devkitARM/bin/../libexec/gcc/arm-none-eabi/14.2.0/cc1 -quiet <flags> -o build/emerald-test/test/battle/move_effect/rest.o test/battle/move_effect/rest.c
/home/eddie/devkitpro/opt/devkitpro/devkitARM/bin/../libexec/gcc/arm-none-eabi/14.2.0/cc1 -quiet <flags> -o build/emerald-test/test/battle/move_effect/restore_hp.o test/battle/move_effect/restore_hp.c
/home/eddie/devkitpro/opt/devkitpro/devkitARM/bin/../libexec/gcc/arm-none-eabi/14.2.0/cc1 -quiet <flags> -o build/emerald-test/test/battle/move_effect/retaliate.o test/battle/move_effect/retaliate.c
/home/eddie/devkitpro/opt/devkitpro/devkitARM/bin/../libexec/gcc/arm-none-eabi/14.2.0/cc1 -quiet <flags> -o build/emerald-test/test/battle/move_effect/return.o test/battle/move_effect/return.c
/home/eddie/devkitpro/opt/devkitpro/devkitARM/bin/../libexec/gcc/arm-none-eabi/14.2.0/cc1 -quiet <flags> -o build/emerald-test/test/battle/move_effect/revelation_dance.o test/battle/move_effect/revelation_dance.c
/home/eddie/devkitpro/opt/devkitpro/devkitARM/bin/../libexec/gcc/arm-none-eabi/14.2.0/cc1 -quiet <flags> -o build/emerald-test/test/battle/move_effect/revenge.o test/battle/move_effect/revenge.c
/home/eddie/devkitpro/opt/devkitpro/devkitARM/bin/../libexec/gcc/arm-none-eabi/14.2.0/cc1 -quiet <flags> -o build/emerald-test/test/battle/move_effect/revival_blessing.o test/battle/move_effect/revival_blessing.c
/home/eddie/devkitpro/opt/devkitpro/devkitARM/bin/../libexec/gcc/arm-none-eabi/14.2.0/cc1 -quiet <flags> -o build/emerald-test/test/battle/move_effect/rising_voltage.o test/battle/move_effect/rising_voltage.c
/home/eddie/devkitpro/opt/devkitpro/devkitARM/bin/../libexec/gcc/arm-none-eabi/14.2.0/cc1 -quiet <flags> -o build/emerald-test/test/battle/move_effect/roar.o test/battle/move_effect/roar.c
/home/eddie/devkitpro/opt/devkitpro/devkitARM/bin/../libexec/gcc/arm-none-eabi/14.2.0/cc1 -quiet <flags> -o build/emerald-test/test/battle/move_effect/role_play.o test/battle/move_effect/role_play.c
/home/eddie/devkitpro/opt/devkitpro/devkitARM/bin/../libexec/gcc/arm-none-eabi/14.2.0/cc1 -quiet <flags> -o build/emerald-test/test/battle/move_effect/rollout.o test/battle/move_effect/rollout.c
/home/eddie/devkitpro/opt/devkitpro/devkitARM/bin/../libexec/gcc/arm-none-eabi/14.2.0/cc1 -quiet <flags> -o build/emerald-test/test/battle/move_effect/roost.o test/battle/move_effect/roost.c
/home/eddie/devkitpro/opt/devkitpro/devkitARM/bin/../libexec/gcc/arm-none-eabi/14.2.0/cc1 -quiet <flags> -o build/emerald-test/test/battle/move_effect/rototiller.o test/battle/move_effect/rototiller.c
/home/eddie/devkitpro/opt/devkitpro/devkitARM/bin/../libexec/gcc/arm-none-eabi/14.2.0/cc1 -quiet <flags> -o build/emerald-test/test/battle/move_effect/round.o test/battle/move_effect/round.c
/home/eddie/devkitpro/opt/devkitpro/devkitARM/bin/../libexec/gcc/arm-none-eabi/14.2.0/cc1 -quiet <flags> -o build/emerald-test/test/battle/move_effect/safeguard.o test/battle/move_effect/safeguard.c
/home/eddie/devkitpro/opt/devkitpro/devkitARM/bin/../libexec/gcc/arm-none-eabi/14.2.0/cc1 -quiet <flags> -o build/emerald-test/test/battle/move_effect/sandstorm.o test/battle/move_effect/sandstorm.c
/home/eddie/devkitpro/opt/devkitpro/devkitARM/bin/../libexec/gcc/arm-none-eabi/14.2.0/cc1 -quiet <flags> -o build/emerald-test/test/battle/move_effects_combined/axe_kick.o test/battle/move_effects_combined/axe_kick.c
/home/eddie/devkitpro/opt/devkitpro/devkitARM/bin/../libexec/gcc/arm-none-eabi/14.2.0/cc1 -quiet <flags> -o build/emerald-test/test/battle/move_effects_combined/barb_barrage.o test/battle/move_effects_combined/barb_barrage.c
/home/eddie/devkitpro/opt/devkitpro/devkitARM/bin/../libexec/gcc/arm-none-eabi/14.2.0/cc1 -quiet <flags> -o build/emerald-test/test/battle/move_effects_combined/flinch_status.o test/battle/move_effects_combined/flinch_status.c
/home/eddie/devkitpro/opt/devkitpro/devkitARM/bin/../libexec/gcc/arm-none-eabi/14.2.0/cc1 -quiet <flags> -o build/emerald-test/test/battle/move_effects_combined/hurricane.o test/battle/move_effects_combined/hurricane.c
/home/eddie/devkitpro/opt/devkitpro/devkitARM/bin/../libexec/gcc/arm-none-eabi/14.2.0/cc1 -quiet <flags> -o build/emerald-test/test/battle/move_effects_combined/hyperspace_fury.o test/battle/move_effects_combined/hyperspace_fury.c
/home/eddie/devkitpro/opt/devkitpro/devkitARM/bin/../libexec/gcc/arm-none-eabi/14.2.0/cc1 -quiet <flags> -o build/emerald-test/test/battle/move_effects_combined/infernal_parade.o test/battle/move_effects_combined/infernal_parade.c
/home/eddie/devkitpro/opt/devkitpro/devkitARM/bin/../libexec/gcc/arm-none-eabi/14.2.0/cc1 -quiet <flags> -o build/emerald-test/test/battle/move_effects_combined/make_it_rain.o test/battle/move_effects_combined/make_it_rain.c
/home/eddie/devkitpro/opt/devkitpro/devkitARM/bin/../libexec/gcc/arm-none-eabi/14.2.0/cc1 -quiet <flags> -o build/emerald-test/test/battle/move_effects_combined/mind_blown.o test/battle/move_effects_combined/mind_blown.c
/home/eddie/devkitpro/opt/devkitpro/devkitARM/bin/../libexec/gcc/arm-none-eabi/14.2.0/cc1 -quiet <flags> -o build/emerald-test/test/battle/move_effects_combined/relic_song.o test/battle/move_effects_combined/relic_song.c
/home/eddie/devkitpro/opt/devkitpro/devkitARM/bin/../libexec/gcc/arm-none-eabi/14.2.0/cc1 -quiet <flags> -o build/emerald-test/test/battle/move_effects_combined/toxic_thread.o test/battle/move_effects_combined/toxic_thread.c
/home/eddie/devkitpro/opt/devkitpro/devkitARM/bin/../libexec/gcc/arm-none-eabi/14.2.0/cc1 -quiet <flags> -o build/emerald-test/test/battle/move_effects_combined/triple_arrows.o test/battle/move_effects_combined/triple_arrows.c
/home/eddie/devkitpro/opt/devkitpro/devkitARM/bin/../libexec/gcc/arm-none-eabi/14.2.0/cc1 -quiet <flags> -o build/emerald-test/test/battle/move_effect_secondary/aromatherapy.o test/battle/move_effect_secondary/aromatherapy.c
/home/eddie/devkitpro/opt/devkitpro/devkitARM/bin/../libexec/gcc/arm-none-eabi/14.2.0/cc1 -quiet <flags> -o build/emerald-test/test/battle/move_effect_secondary/break_screens.o test/battle/move_effect_secondary/break_screens.c
/home/eddie/devkitpro/opt/devkitpro/devkitARM/bin/../libexec/gcc/arm-none-eabi/14.2.0/cc1 -quiet <flags> -o build/emerald-test/test/battle/move_effect_secondary/bug_bite.o test/battle/move_effect_secondary/bug_bite.c
/home/eddie/devkitpro/opt/devkitpro/devkitARM/bin/../libexec/gcc/arm-none-eabi/14.2.0/cc1 -quiet <flags> -o build/emerald-test/test/battle/move_effect_secondary/burn.o test/battle/move_effect_secondary/burn.c
/home/eddie/devkitpro/opt/devkitpro/devkitARM/bin/../libexec/gcc/arm-none-eabi/14.2.0/cc1 -quiet <flags> -o build/emerald-test/test/battle/move_effect_secondary/clear_smog.o test/battle/move_effect_secondary/clear_smog.c
/home/eddie/devkitpro/opt/devkitpro/devkitARM/bin/../libexec/gcc/arm-none-eabi/14.2.0/cc1 -quiet <flags> -o build/emerald-test/test/battle/move_effect_secondary/confusion.o test/battle/move_effect_secondary/confusion.c
/home/eddie/devkitpro/opt/devkitpro/devkitARM/bin/../libexec/gcc/arm-none-eabi/14.2.0/cc1 -quiet <flags> -o build/emerald-test/test/battle/move_effect_secondary/def_minus_1.o test/battle/move_effect_secondary/def_minus_1.c
/home/eddie/devkitpro/opt/devkitpro/devkitARM/bin/../libexec/gcc/arm-none-eabi/14.2.0/cc1 -quiet <flags> -o build/emerald-test/test/battle/move_effect_secondary/dire_claw.o test/battle/move_effect_secondary/dire_claw.c
/home/eddie/devkitpro/opt/devkitpro/devkitARM/bin/../libexec/gcc/arm-none-eabi/14.2.0/cc1 -quiet <flags> -o build/emerald-test/test/battle/move_effect_secondary/eerie_spell.o test/battle/move_effect_secondary/eerie_spell.c
/home/eddie/devkitpro/opt/devkitpro/devkitARM/bin/../libexec/gcc/arm-none-eabi/14.2.0/cc1 -quiet <flags> -o build/emerald-test/test/battle/move_effect_secondary/flame_burst.o test/battle/move_effect_secondary/flame_burst.c
/home/eddie/devkitpro/opt/devkitpro/devkitARM/bin/../libexec/gcc/arm-none-eabi/14.2.0/cc1 -quiet <flags> -o build/emerald-test/test/battle/move_effect_secondary/flinch.o test/battle/move_effect_secondary/flinch.c
/home/eddie/devkitpro/opt/devkitpro/devkitARM/bin/../libexec/gcc/arm-none-eabi/14.2.0/cc1 -quiet <flags> -o build/emerald-test/test/battle/move_effect_secondary/freeze.o test/battle/move_effect_secondary/freeze.c
/home/eddie/devkitpro/opt/devkitpro/devkitARM/bin/../libexec/gcc/arm-none-eabi/14.2.0/cc1 -quiet <flags> -o build/emerald-test/test/battle/move_effect_secondary/haze.o test/battle/move_effect_secondary/haze.c
/home/eddie/devkitpro/opt/devkitpro/devkitARM/bin/../libexec/gcc/arm-none-eabi/14.2.0/cc1 -quiet <flags> -o build/emerald-test/test/battle/move_effect_secondary/incinerate.o test/battle/move_effect_secondary/incinerate.c
/home/eddie/devkitpro/opt/devkitpro/devkitARM/bin/../libexec/gcc/arm-none-eabi/14.2.0/cc1 -quiet <flags> -o build/emerald-test/test/battle/move_effect_secondary/ion_deluge.o test/battle/move_effect_secondary/ion_deluge.c
/home/eddie/devkitpro/opt/devkitpro/devkitARM/bin/../libexec/gcc/arm-none-eabi/14.2.0/cc1 -quiet <flags> -o build/emerald-test/test/battle/move_effect_secondary/leech_seed.o test/battle/move_effect_secondary/leech_seed.c
/home/eddie/devkitpro/opt/devkitpro/devkitARM/bin/../libexec/gcc/arm-none-eabi/14.2.0/cc1 -quiet <flags> -o build/emerald-test/test/battle/move_effect_secondary/light_screen.o test/battle/move_effect_secondary/light_screen.c
/home/eddie/devkitpro/opt/devkitpro/devkitARM/bin/../libexec/gcc/arm-none-eabi/14.2.0/cc1 -quiet <flags> -o build/emerald-test/test/battle/move_effect_secondary/order_up.o test/battle/move_effect_secondary/order_up.c
/home/eddie/devkitpro/opt/devkitpro/devkitARM/bin/../libexec/gcc/arm-none-eabi/14.2.0/cc1 -quiet <flags> -o build/emerald-test/test/battle/move_effect_secondary/paralysis.o test/battle/move_effect_secondary/paralysis.c
/home/eddie/devkitpro/opt/devkitpro/devkitARM/bin/../libexec/gcc/arm-none-eabi/14.2.0/cc1 -quiet <flags> -o build/emerald-test/test/battle/move_effect_secondary/pay_day.o test/battle/move_effect_secondary/pay_day.c
/home/eddie/devkitpro/opt/devkitpro/devkitARM/bin/../libexec/gcc/arm-none-eabi/14.2.0/cc1 -quiet <flags> -o build/emerald-test/test/battle/move_effect_secondary/poison.o test/battle/move_effect_secondary/poison.c
/home/eddie/devkitpro/opt/devkitpro/devkitARM/bin/../libexec/gcc/arm-none-eabi/14.2.0/cc1 -quiet <flags> -o build/emerald-test/test/battle/move_effect_secondary/psychic_noise.o test/battle/move_effect_secondary/psychic_noise.c
/home/eddie/devkitpro/opt/devkitpro/devkitARM/bin/../libexec/gcc/arm-none-eabi/14.2.0/cc1 -quiet <flags> -o build/emerald-test/test/battle/move_effect_secondary/recharge.o test/battle/move_effect_secondary/recharge.c
/home/eddie/devkitpro/opt/devkitpro/devkitARM/bin/../libexec/gcc/arm-none-eabi/14.2.0/cc1 -quiet <flags> -o build/emerald-test/test/battle/move_effect_secondary/recoil_hp_25.o test/battle/move_effect_secondary/recoil_hp_25.c
/home/eddie/devkitpro/opt/devkitpro/devkitARM/bin/../libexec/gcc/arm-none-eabi/14.2.0/cc1 -quiet <flags> -o build/emerald-test/test/battle/move_effect_secondary/reflect.o test/battle/move_effect_secondary/reflect.c
/home/eddie/devkitpro/opt/devkitpro/devkitARM/bin/../libexec/gcc/arm-none-eabi/14.2.0/cc1 -quiet <flags> -o build/emerald-test/test/battle/move_effect_secondary/remove_status.o test/battle/move_effect_secondary/remove_status.c
/home/eddie/devkitpro/opt/devkitpro/devkitARM/bin/../libexec/gcc/arm-none-eabi/14.2.0/cc1 -quiet <flags> -o build/emerald-test/test/battle/move_effect_secondary/salt_cure.o test/battle/move_effect_secondary/salt_cure.c
/home/eddie/devkitpro/opt/devkitpro/devkitARM/bin/../libexec/gcc/arm-none-eabi/14.2.0/cc1 -quiet <flags> -o build/emerald-test/test/battle/move_effect_secondary/secret_power.o test/battle/move_effect_secondary/secret_power.c
/home/eddie/devkitpro/opt/devkitpro/devkitARM/bin/../libexec/gcc/arm-none-eabi/14.2.0/cc1 -quiet <flags> -o build/emerald-test/test/battle/move_effect_secondary/smack_down.o test/battle/move_effect_secondary/smack_down.c
/home/eddie/devkitpro/opt/devkitpro/devkitARM/bin/../libexec/gcc/arm-none-eabi/14.2.0/cc1 -quiet <flags> -o build/emerald-test/test/battle/move_effect_secondary/sp_atk_minus_2.o test/battle/move_effect_secondary/sp_atk_minus_2.c
/home/eddie/devkitpro/opt/devkitpro/devkitARM/bin/../libexec/gcc/arm-none-eabi/14.2.0/cc1 -quiet <flags> -o build/emerald-test/test/battle/move_effect_secondary/spd_minus_2.o test/battle/move_effect_secondary/spd_minus_2.c
/home/eddie/devkitpro/opt/devkitpro/devkitARM/bin/../libexec/gcc/arm-none-eabi/14.2.0/cc1 -quiet <flags> -o build/emerald-test/test/battle/move_effect_secondary/steal_stats.o test/battle/move_effect_secondary/steal_stats.c
/home/eddie/devkitpro/opt/devkitpro/devkitARM/bin/../libexec/gcc/arm-none-eabi/14.2.0/cc1 -quiet <flags> -o build/emerald-test/test/battle/move_effect_secondary/stealth_rock.o test/battle/move_effect_secondary/stealth_rock.c
/home/eddie/devkitpro/opt/devkitpro/devkitARM/bin/../libexec/gcc/arm-none-eabi/14.2.0/cc1 -quiet <flags> -o build/emerald-test/test/battle/move_effect_secondary/syrup_bomb.o test/battle/move_effect_secondary/syrup_bomb.c
/home/eddie/devkitpro/opt/devkitpro/devkitARM/bin/../libexec/gcc/arm-none-eabi/14.2.0/cc1 -quiet <flags> -o build/emerald-test/test/battle/move_effect_secondary/thrash.o test/battle/move_effect_secondary/thrash.c
/home/eddie/devkitpro/opt/devkitpro/devkitARM/bin/../libexec/gcc/arm-none-eabi/14.2.0/cc1 -quiet <flags> -o build/emerald-test/test/battle/move_effect_secondary/throat_chop.o test/battle/move_effect_secondary/throat_chop.c
/home/eddie/devkitpro/opt/devkitpro/devkitARM/bin/../libexec/gcc/arm-none-eabi/14.2.0/cc1 -quiet <flags> -o build/emerald-test/test/battle/move_effect_secondary/trap_both.o test/battle/move_effect_secondary/trap_both.c
/home/eddie/devkitpro/opt/devkitpro/devkitARM/bin/../libexec/gcc/arm-none-eabi/14.2.0/cc1 -quiet <flags> -o build/emerald-test/test/battle/move_effect_secondary/tri_attack.o test/battle/move_effect_secondary/tri_attack.c
/home/eddie/devkitpro/opt/devkitpro/devkitARM/bin/../libexec/gcc/arm-none-eabi/14.2.0/cc1 -quiet <flags> -o build/emerald-test/test/battle/move_effect_secondary/wrap.o test/battle/move_effect_secondary/wrap.c
/home/eddie/devkitpro/opt/devkitpro/devkitARM/bin/../libexec/gcc/arm-none-eabi/14.2.0/cc1 -quiet <flags> -o build/emerald-test/test/battle/move_effect/semi_invulnerable.o test/battle/move_effect/semi_invulnerable.c
/home/eddie/devkitpro/opt/devkitpro/devkitARM/bin/../libexec/gcc/arm-none-eabi/14.2.0/cc1 -quiet <flags> -o build/emerald-test/test/battle/move_effect/shed_tail.o test/battle/move_effect/shed_tail.c
/home/eddie/devkitpro/opt/devkitpro/devkitARM/bin/../libexec/gcc/arm-none-eabi/14.2.0/cc1 -quiet <flags> -o build/emerald-test/test/battle/move_effect/shell_side_arm.o test/battle/move_effect/shell_side_arm.c
/home/eddie/devkitpro/opt/devkitpro/devkitARM/bin/../libexec/gcc/arm-none-eabi/14.2.0/cc1 -quiet <flags> -o build/emerald-test/test/battle/move_effect/shell_smash.o test/battle/move_effect/shell_smash.c
/home/eddie/devkitpro/opt/devkitpro/devkitARM/bin/../libexec/gcc/arm-none-eabi/14.2.0/cc1 -quiet <flags> -o build/emerald-test/test/battle/move_effect/shell_trap.o test/battle/move_effect/shell_trap.c
/home/eddie/devkitpro/opt/devkitpro/devkitARM/bin/../libexec/gcc/arm-none-eabi/14.2.0/cc1 -quiet <flags> -o build/emerald-test/test/battle/move_effect/shift_gear.o test/battle/move_effect/shift_gear.c
/home/eddie/devkitpro/opt/devkitpro/devkitARM/bin/../libexec/gcc/arm-none-eabi/14.2.0/cc1 -quiet <flags> -o build/emerald-test/test/battle/move_effect/shore_up.o test/battle/move_effect/shore_up.c
/home/eddie/devkitpro/opt/devkitpro/devkitARM/bin/../libexec/gcc/arm-none-eabi/14.2.0/cc1 -quiet <flags> -o build/emerald-test/test/battle/move_effect/sketch.o test/battle/move_effect/sketch.c
/home/eddie/devkitpro/opt/devkitpro/devkitARM/bin/../libexec/gcc/arm-none-eabi/14.2.0/cc1 -quiet <flags> -o build/emerald-test/test/battle/move_effect/skill_swap.o test/battle/move_effect/skill_swap.c
/home/eddie/devkitpro/opt/devkitpro/devkitARM/bin/../libexec/gcc/arm-none-eabi/14.2.0/cc1 -quiet <flags> -o build/emerald-test/test/battle/move_effect/sky_drop.o test/battle/move_effect/sky_drop.c
/home/eddie/devkitpro/opt/devkitpro/devkitARM/bin/../libexec/gcc/arm-none-eabi/14.2.0/cc1 -quiet <flags> -o build/emerald-test/test/battle/move_effect/sleep.o test/battle/move_effect/sleep.c
/home/eddie/devkitpro/opt/devkitpro/devkitARM/bin/../libexec/gcc/arm-none-eabi/14.2.0/cc1 -quiet <flags> -o build/emerald-test/test/battle/move_effect/sleep_talk.o test/battle/move_effect/sleep_talk.c
/home/eddie/devkitpro/opt/devkitpro/devkitARM/bin/../libexec/gcc/arm-none-eabi/14.2.0/cc1 -quiet <flags> -o build/emerald-test/test/battle/move_effect/smack_down.o test/battle/move_effect/smack_down.c
/home/eddie/devkitpro/opt/devkitpro/devkitARM/bin/../libexec/gcc/arm-none-eabi/14.2.0/cc1 -quiet <flags> -o build/emerald-test/test/battle/move_effect/snatch.o test/battle/move_effect/snatch.c
/home/eddie/devkitpro/opt/devkitpro/devkitARM/bin/../libexec/gcc/arm-none-eabi/14.2.0/cc1 -quiet <flags> -o build/emerald-test/test/battle/move_effect/snipe_shot.o test/battle/move_effect/snipe_shot.c
/home/eddie/devkitpro/opt/devkitpro/devkitARM/bin/../libexec/gcc/arm-none-eabi/14.2.0/cc1 -quiet <flags> -o build/emerald-test/test/battle/move_effect/snore.o test/battle/move_effect/snore.c
/home/eddie/devkitpro/opt/devkitpro/devkitARM/bin/../libexec/gcc/arm-none-eabi/14.2.0/cc1 -quiet <flags> -o build/emerald-test/test/battle/move_effect/snowscape.o test/battle/move_effect/snowscape.c
/home/eddie/devkitpro/opt/devkitpro/devkitARM/bin/../libexec/gcc/arm-none-eabi/14.2.0/cc1 -quiet <flags> -o build/emerald-test/test/battle/move_effect/soak.o test/battle/move_effect/soak.c
/home/eddie/devkitpro/opt/devkitpro/devkitARM/bin/../libexec/gcc/arm-none-eabi/14.2.0/cc1 -quiet <flags> -o build/emerald-test/test/battle/move_effect/softboiled.o test/battle/move_effect/softboiled.c
/home/eddie/devkitpro/opt/devkitpro/devkitARM/bin/../libexec/gcc/arm-none-eabi/14.2.0/cc1 -quiet <flags> -o build/emerald-test/test/battle/move_effect/solar_beam.o test/battle/move_effect/solar_beam.c
/home/eddie/devkitpro/opt/devkitpro/devkitARM/bin/../libexec/gcc/arm-none-eabi/14.2.0/cc1 -quiet <flags> -o build/emerald-test/test/battle/move_effect/special_attack_down_2.o test/battle/move_effect/special_attack_down_2.c
/home/eddie/devkitpro/opt/devkitpro/devkitARM/bin/../libexec/gcc/arm-none-eabi/14.2.0/cc1 -quiet <flags> -o build/emerald-test/test/battle/move_effect/special_attack_down.o test/battle/move_effect/special_attack_down.c
/home/eddie/devkitpro/opt/devkitpro/devkitARM/bin/../libexec/gcc/arm-none-eabi/14.2.0/cc1 -quiet <flags> -o build/emerald-test/test/battle/move_effect/special_attack_up_2.o test/battle/move_effect/special_attack_up_2.c
/home/eddie/devkitpro/opt/devkitpro/devkitARM/bin/../libexec/gcc/arm-none-eabi/14.2.0/cc1 -quiet <flags> -o build/emerald-test/test/battle/move_effect/special_attack_up_3.o test/battle/move_effect/special_attack_up_3.c
/home/eddie/devkitpro/opt/devkitpro/devkitARM/bin/../libexec/gcc/arm-none-eabi/14.2.0/cc1 -quiet <flags> -o build/emerald-test/test/battle/move_effect/special_attack_up.o test/battle/move_effect/special_attack_up.c
/home/eddie/devkitpro/opt/devkitpro/devkitARM/bin/../libexec/gcc/arm-none-eabi/14.2.0/cc1 -quiet <flags> -o build/emerald-test/test/battle/move_effect/special_defense_down_2.o test/battle/move_effect/special_defense_down_2.c
/home/eddie/devkitpro/opt/devkitpro/devkitARM/bin/../libexec/gcc/arm-none-eabi/14.2.0/cc1 -quiet <flags> -o build/emerald-test/test/battle/move_effect/special_defense_down.o test/battle/move_effect/special_defense_down.c
/home/eddie/devkitpro/opt/devkitpro/devkitARM/bin/../libexec/gcc/arm-none-eabi/14.2.0/cc1 -quiet <flags> -o build/emerald-test/test/battle/move_effect/special_defense_up_2.o test/battle/move_effect/special_defense_up_2.c
/home/eddie/devkitpro/opt/devkitpro/devkitARM/bin/../libexec/gcc/arm-none-eabi/14.2.0/cc1 -quiet <flags> -o build/emerald-test/test/battle/move_effect/special_defense_up.o test/battle/move_effect/special_defense_up.c
/home/eddie/devkitpro/opt/devkitpro/devkitARM/bin/../libexec/gcc/arm-none-eabi/14.2.0/cc1 -quiet <flags> -o build/emerald-test/test/battle/move_effect/speed_down_2.o test/battle/move_effect/speed_down_2.c
/home/eddie/devkitpro/opt/devkitpro/devkitARM/bin/../libexec/gcc/arm-none-eabi/14.2.0/cc1 -quiet <flags> -o build/emerald-test/test/battle/move_effect/speed_down.o test/battle/move_effect/speed_down.c
/home/eddie/devkitpro/opt/devkitpro/devkitARM/bin/../libexec/gcc/arm-none-eabi/14.2.0/cc1 -quiet <flags> -o build/emerald-test/test/battle/move_effect/speed_swap.o test/battle/move_effect/speed_swap.c
/home/eddie/devkitpro/opt/devkitpro/devkitARM/bin/../libexec/gcc/arm-none-eabi/14.2.0/cc1 -quiet <flags> -o build/emerald-test/test/battle/move_effect/speed_up_2.o test/battle/move_effect/speed_up_2.c
/home/eddie/devkitpro/opt/devkitpro/devkitARM/bin/../libexec/gcc/arm-none-eabi/14.2.0/cc1 -quiet <flags> -o build/emerald-test/test/battle/move_effect/speed_up.o test/battle/move_effect/speed_up.c
/home/eddie/devkitpro/opt/devkitpro/devkitARM/bin/../libexec/gcc/arm-none-eabi/14.2.0/cc1 -quiet <flags> -o build/emerald-test/test/battle/move_effect/spicy_extract.o test/battle/move_effect/spicy_extract.c
/home/eddie/devkitpro/opt/devkitpro/devkitARM/bin/../libexec/gcc/arm-none-eabi/14.2.0/cc1 -quiet <flags> -o build/emerald-test/test/battle/move_effect/spikes.o test/battle/move_effect/spikes.c
/home/eddie/devkitpro/opt/devkitpro/devkitARM/bin/../libexec/gcc/arm-none-eabi/14.2.0/cc1 -quiet <flags> -o build/emerald-test/test/battle/move_effect/spite.o test/battle/move_effect/spite.c
/home/eddie/devkitpro/opt/devkitpro/devkitARM/bin/../libexec/gcc/arm-none-eabi/14.2.0/cc1 -quiet <flags> -o build/emerald-test/test/battle/move_effect/spit_up.o test/battle/move_effect/spit_up.c
/home/eddie/devkitpro/opt/devkitpro/devkitARM/bin/../libexec/gcc/arm-none-eabi/14.2.0/cc1 -quiet <flags> -o build/emerald-test/test/battle/move_effect/steal_item.o test/battle/move_effect/steal_item.c
/home/eddie/devkitpro/opt/devkitpro/devkitARM/bin/../libexec/gcc/arm-none-eabi/14.2.0/cc1 -quiet <flags> -o build/emerald-test/test/battle/move_effect/steel_roller.o test/battle/move_effect/steel_roller.c
/home/eddie/devkitpro/opt/devkitpro/devkitARM/bin/../libexec/gcc/arm-none-eabi/14.2.0/cc1 -quiet <flags> -o build/emerald-test/test/battle/move_effect/stealth_rock.o test/battle/move_effect/stealth_rock.c
/home/eddie/devkitpro/opt/devkitpro/devkitARM/bin/../libexec/gcc/arm-none-eabi/14.2.0/cc1 -quiet <flags> -o build/emerald-test/test/battle/move_effect/sticky_web.o test/battle/move_effect/sticky_web.c
/home/eddie/devkitpro/opt/devkitpro/devkitARM/bin/../libexec/gcc/arm-none-eabi/14.2.0/cc1 -quiet <flags> -o build/emerald-test/test/battle/move_effect/stockpile.o test/battle/move_effect/stockpile.c
/home/eddie/devkitpro/opt/devkitpro/devkitARM/bin/../libexec/gcc/arm-none-eabi/14.2.0/cc1 -quiet <flags> -o build/emerald-test/test/battle/move_effect/stomping_tantrum.o test/battle/move_effect/stomping_tantrum.c
/home/eddie/devkitpro/opt/devkitpro/devkitARM/bin/../libexec/gcc/arm-none-eabi/14.2.0/cc1 -quiet <flags> -o build/emerald-test/test/battle/move_effect/stone_axe.o test/battle/move_effect/stone_axe.c
/home/eddie/devkitpro/opt/devkitpro/devkitARM/bin/../libexec/gcc/arm-none-eabi/14.2.0/cc1 -quiet <flags> -o build/emerald-test/test/battle/move_effect/stored_power.o test/battle/move_effect/stored_power.c
/home/eddie/devkitpro/opt/devkitpro/devkitARM/bin/../libexec/gcc/arm-none-eabi/14.2.0/cc1 -quiet <flags> -o build/emerald-test/test/battle/move_effect/strength_sap.o test/battle/move_effect/strength_sap.c
/home/eddie/devkitpro/opt/devkitpro/devkitARM/bin/../libexec/gcc/arm-none-eabi/14.2.0/cc1 -quiet <flags> -o build/emerald-test/test/battle/move_effect/struggle.o test/battle/move_effect/struggle.c
/home/eddie/devkitpro/opt/devkitpro/devkitARM/bin/../libexec/gcc/arm-none-eabi/14.2.0/cc1 -quiet <flags> -o build/emerald-test/test/battle/move_effect/stuff_cheeks.o test/battle/move_effect/stuff_cheeks.c
/home/eddie/devkitpro/opt/devkitpro/devkitARM/bin/../libexec/gcc/arm-none-eabi/14.2.0/cc1 -quiet <flags> -o build/emerald-test/test/battle/move_effect/substitute.o test/battle/move_effect/substitute.c
/home/eddie/devkitpro/opt/devkitpro/devkitARM/bin/../libexec/gcc/arm-none-eabi/14.2.0/cc1 -quiet <flags> -o build/emerald-test/test/battle/move_effect/sucker_punch.o test/battle/move_effect/sucker_punch.c
/home/eddie/devkitpro/opt/devkitpro/devkitARM/bin/../libexec/gcc/arm-none-eabi/14.2.0/cc1 -quiet <flags> -o build/emerald-test/test/battle/move_effect/sunny_day.o test/battle/move_effect/sunny_day.c
/home/eddie/devkitpro/opt/devkitpro/devkitARM/bin/../libexec/gcc/arm-none-eabi/14.2.0/cc1 -quiet <flags> -o build/emerald-test/test/battle/move_effect/super_effective_on_arg.o test/battle/move_effect/super_effective_on_arg.c
/home/eddie/devkitpro/opt/devkitpro/devkitARM/bin/../libexec/gcc/arm-none-eabi/14.2.0/cc1 -quiet <flags> -o build/emerald-test/test/battle/move_effect/swagger.o test/battle/move_effect/swagger.c
/home/eddie/devkitpro/opt/devkitpro/devkitARM/bin/../libexec/gcc/arm-none-eabi/14.2.0/cc1 -quiet <flags> -o build/emerald-test/test/battle/move_effect/swallow.o test/battle/move_effect/swallow.c
/home/eddie/devkitpro/opt/devkitpro/devkitARM/bin/../libexec/gcc/arm-none-eabi/14.2.0/cc1 -quiet <flags> -o build/emerald-test/test/battle/move_effect/synchronoise.o test/battle/move_effect/synchronoise.c
/home/eddie/devkitpro/opt/devkitpro/devkitARM/bin/../libexec/gcc/arm-none-eabi/14.2.0/cc1 -quiet <flags> -o build/emerald-test/test/battle/move_effect/synthesis.o test/battle/move_effect/synthesis.c
/home/eddie/devkitpro/opt/devkitpro/devkitARM/bin/../libexec/gcc/arm-none-eabi/14.2.0/cc1 -quiet <flags> -o build/emerald-test/test/battle/move_effect/tailwind.o test/battle/move_effect/tailwind.c
/home/eddie/devkitpro/opt/devkitpro/devkitARM/bin/../libexec/gcc/arm-none-eabi/14.2.0/cc1 -quiet <flags> -o build/emerald-test/test/battle/move_effect/take_heart.o test/battle/move_effect/take_heart.c
/home/eddie/devkitpro/opt/devkitpro/devkitARM/bin/../libexec/gcc/arm-none-eabi/14.2.0/cc1 -quiet <flags> -o build/emerald-test/test/battle/move_effect/tar_shot.o test/battle/move_effect/tar_shot.c
/home/eddie/devkitpro/opt/devkitpro/devkitARM/bin/../libexec/gcc/arm-none-eabi/14.2.0/cc1 -quiet <flags> -o build/emerald-test/test/battle/move_effect/taunt.o test/battle/move_effect/taunt.c
/home/eddie/devkitpro/opt/devkitpro/devkitARM/bin/../libexec/gcc/arm-none-eabi/14.2.0/cc1 -quiet <flags> -o build/emerald-test/test/battle/move_effect/teatime.o test/battle/move_effect/teatime.c
/home/eddie/devkitpro/opt/devkitpro/devkitARM/bin/../libexec/gcc/arm-none-eabi/14.2.0/cc1 -quiet <flags> -o build/emerald-test/test/battle/move_effect/telekinesis.o test/battle/move_effect/telekinesis.c
/home/eddie/devkitpro/opt/devkitpro/devkitARM/bin/../libexec/gcc/arm-none-eabi/14.2.0/cc1 -quiet <flags> -o build/emerald-test/test/battle/move_effect/teleport.o test/battle/move_effect/teleport.c
/home/eddie/devkitpro/opt/devkitpro/devkitARM/bin/../libexec/gcc/arm-none-eabi/14.2.0/cc1 -quiet <flags> -o build/emerald-test/test/battle/move_effect/tera_blast.o test/battle/move_effect/tera_blast.c
/home/eddie/devkitpro/opt/devkitpro/devkitARM/bin/../libexec/gcc/arm-none-eabi/14.2.0/cc1 -quiet <flags> -o build/emerald-test/test/battle/move_effect/tera_starstorm.o test/battle/move_effect/tera_starstorm.c
/home/eddie/devkitpro/opt/devkitpro/devkitARM/bin/../libexec/gcc/arm-none-eabi/14.2.0/cc1 -quiet <flags> -o build/emerald-test/test/battle/move_effect/terrain_boost.o test/battle/move_effect/terrain_boost.c
/home/eddie/devkitpro/opt/devkitpro/devkitARM/bin/../libexec/gcc/arm-none-eabi/14.2.0/cc1 -quiet <flags> -o build/emerald-test/test/battle/move_effect/terrain_pulse.o test/battle/move_effect/terrain_pulse.c
/home/eddie/devkitpro/opt/devkitpro/devkitARM/bin/../libexec/gcc/arm-none-eabi/14.2.0/cc1 -quiet <flags> -o build/emerald-test/test/battle/move_effect/third_type.o test/battle/move_effect/third_type.c
/home/eddie/devkitpro/opt/devkitpro/devkitARM/bin/../libexec/gcc/arm-none-eabi/14.2.0/cc1 -quiet <flags> -o build/emerald-test/test/battle/move_effect/tickle.o test/battle/move_effect/tickle.c
/home/eddie/devkitpro/opt/devkitpro/devkitARM/bin/../libexec/gcc/arm-none-eabi/14.2.0/cc1 -quiet <flags> -o build/emerald-test/test/battle/move_effect/tidy_up.o test/battle/move_effect/tidy_up.c
/home/eddie/devkitpro/opt/devkitpro/devkitARM/bin/../libexec/gcc/arm-none-eabi/14.2.0/cc1 -quiet <flags> -o build/emerald-test/test/battle/move_effect/topsy_turvy.o test/battle/move_effect/topsy_turvy.c
/home/eddie/devkitpro/opt/devkitpro/devkitARM/bin/../libexec/gcc/arm-none-eabi/14.2.0/cc1 -quiet <flags> -o build/emerald-test/test/battle/move_effect/torment.o test/battle/move_effect/torment.c
/home/eddie/devkitpro/opt/devkitpro/devkitARM/bin/../libexec/gcc/arm-none-eabi/14.2.0/cc1 -quiet <flags> -o build/emerald-test/test/battle/move_effect/toxic.o test/battle/move_effect/toxic.c
/home/eddie/devkitpro/opt/devkitpro/devkitARM/bin/../libexec/gcc/arm-none-eabi/14.2.0/cc1 -quiet <flags> -o build/emerald-test/test/battle/move_effect/toxic_spikes.o test/battle/move_effect/toxic_spikes.c
/home/eddie/devkitpro/opt/devkitpro/devkitARM/bin/../libexec/gcc/arm-none-eabi/14.2.0/cc1 -quiet <flags> -o build/emerald-test/test/battle/move_effect/toxic_thread.o test/battle/move_effect/toxic_thread.c
/home/eddie/devkitpro/opt/devkitpro/devkitARM/bin/../libexec/gcc/arm-none-eabi/14.2.0/cc1 -quiet <flags> -o build/emerald-test/test/battle/move_effect/transform.o test/battle/move_effect/transform.c
/home/eddie/devkitpro/opt/devkitpro/devkitARM/bin/../libexec/gcc/arm-none-eabi/14.2.0/cc1 -quiet <flags> -o build/emerald-test/test/battle/move_effect/trick.o test/battle/move_effect/trick.c
/home/eddie/devkitpro/opt/devkitpro/devkitARM/bin/../libexec/gcc/arm-none-eabi/14.2.0/cc1 -quiet <flags> -o build/emerald-test/test/battle/move_effect/trick_room.o test/battle/move_effect/trick_room.c
/home/eddie/devkitpro/opt/devkitpro/devkitARM/bin/../libexec/gcc/arm-none-eabi/14.2.0/cc1 -quiet <flags> -o build/emerald-test/test/battle/move_effect/triple_kick.o test/battle/move_effect/triple_kick.c
/home/eddie/devkitpro/opt/devkitpro/devkitARM/bin/../libexec/gcc/arm-none-eabi/14.2.0/cc1 -quiet <flags> -o build/emerald-test/test/battle/move_effect/trump_card.o test/battle/move_effect/trump_card.c
/home/eddie/devkitpro/opt/devkitpro/devkitARM/bin/../libexec/gcc/arm-none-eabi/14.2.0/cc1 -quiet <flags> -o build/emerald-test/test/battle/move_effect/two_turns_attack.o test/battle/move_effect/two_turns_attack.c
/home/eddie/devkitpro/opt/devkitpro/devkitARM/bin/../libexec/gcc/arm-none-eabi/14.2.0/cc1 -quiet <flags> -o build/emerald-test/test/battle/move_effect/two_typed_move.o test/battle/move_effect/two_typed_move.c
/home/eddie/devkitpro/opt/devkitpro/devkitARM/bin/../libexec/gcc/arm-none-eabi/14.2.0/cc1 -quiet <flags> -o build/emerald-test/test/battle/move_effect/upper_hand.o test/battle/move_effect/upper_hand.c
/home/eddie/devkitpro/opt/devkitpro/devkitARM/bin/../libexec/gcc/arm-none-eabi/14.2.0/cc1 -quiet <flags> -o build/emerald-test/test/battle/move_effect/uproar.o test/battle/move_effect/uproar.c
/home/eddie/devkitpro/opt/devkitpro/devkitARM/bin/../libexec/gcc/arm-none-eabi/14.2.0/cc1 -quiet <flags> -o build/emerald-test/test/battle/move_effect/venom_drench.o test/battle/move_effect/venom_drench.c
/home/eddie/devkitpro/opt/devkitpro/devkitARM/bin/../libexec/gcc/arm-none-eabi/14.2.0/cc1 -quiet <flags> -o build/emerald-test/test/battle/move_effect/victory_dance.o test/battle/move_effect/victory_dance.c
/home/eddie/devkitpro/opt/devkitpro/devkitARM/bin/../libexec/gcc/arm-none-eabi/14.2.0/cc1 -quiet <flags> -o build/emerald-test/test/battle/move_effect/water_sport.o test/battle/move_effect/water_sport.c
/home/eddie/devkitpro/opt/devkitpro/devkitARM/bin/../libexec/gcc/arm-none-eabi/14.2.0/cc1 -quiet <flags> -o build/emerald-test/test/battle/move_effect/weather_ball.o test/battle/move_effect/weather_ball.c
/home/eddie/devkitpro/opt/devkitpro/devkitARM/bin/../libexec/gcc/arm-none-eabi/14.2.0/cc1 -quiet <flags> -o build/emerald-test/test/battle/move_effect/will_o_wisp.o test/battle/move_effect/will_o_wisp.c
/home/eddie/devkitpro/opt/devkitpro/devkitARM/bin/../libexec/gcc/arm-none-eabi/14.2.0/cc1 -quiet <flags> -o build/emerald-test/test/battle/move_effect/wish.o test/battle/move_effect/wish.c
/home/eddie/devkitpro/opt/devkitpro/devkitARM/bin/../libexec/gcc/arm-none-eabi/14.2.0/cc1 -quiet <flags> -o build/emerald-test/test/battle/move_effect/wonder_room.o test/battle/move_effect/wonder_room.c
/home/eddie/devkitpro/opt/devkitpro/devkitARM/bin/../libexec/gcc/arm-none-eabi/14.2.0/cc1 -quiet <flags> -o build/emerald-test/test/battle/move_effect/yawn.o test/battle/move_effect/yawn.c
/home/eddie/devkitpro/opt/devkitpro/devkitARM/bin/../libexec/gcc/arm-none-eabi/14.2.0/cc1 -quiet <flags> -o build/emerald-test/test/battle/move_flags/accuracy_50_in_sun.o test/battle/move_flags/accuracy_50_in_sun.c
/home/eddie/devkitpro/opt/devkitpro/devkitARM/bin/../libexec/gcc/arm-none-eabi/14.2.0/cc1 -quiet <flags> -o build/emerald-test/test/battle/move_flags/always_hits_in_hail_snow.o test/battle/move_flags/always_hits_in_hail_snow.c
/home/eddie/devkitpro/opt/devkitpro/devkitARM/bin/../libexec/gcc/arm-none-eabi/14.2.0/cc1 -quiet <flags> -o build/emerald-test/test/battle/move_flags/always_hits_in_rain.o test/battle/move_flags/always_hits_in_rain.c
/home/eddie/devkitpro/opt/devkitpro/devkitARM/bin/../libexec/gcc/arm-none-eabi/14.2.0/cc1 -quiet <flags> -o build/emerald-test/test/battle/move_flags/cant_use_twice.o test/battle/move_flags/cant_use_twice.c
/home/eddie/devkitpro/opt/devkitpro/devkitARM/bin/../libexec/gcc/arm-none-eabi/14.2.0/cc1 -quiet <flags> -o build/emerald-test/test/battle/move_flags/critical_hit_stage.o test/battle/move_flags/critical_hit_stage.c
/home/eddie/devkitpro/opt/devkitpro/devkitARM/bin/../libexec/gcc/arm-none-eabi/14.2.0/cc1 -quiet <flags> -o build/emerald-test/test/battle/move_flags/damages_airborne_double_damage.o test/battle/move_flags/damages_airborne_double_damage.c
/home/eddie/devkitpro/opt/devkitpro/devkitARM/bin/../libexec/gcc/arm-none-eabi/14.2.0/cc1 -quiet <flags> -o build/emerald-test/test/battle/move_flags/damages_underground.o test/battle/move_flags/damages_underground.c
/home/eddie/devkitpro/opt/devkitpro/devkitARM/bin/../libexec/gcc/arm-none-eabi/14.2.0/cc1 -quiet <flags> -o build/emerald-test/test/battle/move_flags/damages_underwater.o test/battle/move_flags/damages_underwater.c
/home/eddie/devkitpro/opt/devkitpro/devkitARM/bin/../libexec/gcc/arm-none-eabi/14.2.0/cc1 -quiet <flags> -o build/emerald-test/test/battle/move_flags/explosion.o test/battle/move_flags/explosion.c
/home/eddie/devkitpro/opt/devkitpro/devkitARM/bin/../libexec/gcc/arm-none-eabi/14.2.0/cc1 -quiet <flags> -o build/emerald-test/test/battle/move_flags/ignores_target_ability.o test/battle/move_flags/ignores_target_ability.c
/home/eddie/devkitpro/opt/devkitpro/devkitARM/bin/../libexec/gcc/arm-none-eabi/14.2.0/cc1 -quiet <flags> -o build/emerald-test/test/battle/move_flags/ignore_type_if_flying_and_ungrounded.o test/battle/move_flags/ignore_type_if_flying_and_ungrounded.c
/home/eddie/devkitpro/opt/devkitpro/devkitARM/bin/../libexec/gcc/arm-none-eabi/14.2.0/cc1 -quiet <flags> -o build/emerald-test/test/battle/move_flags/minimize_double_damage.o test/battle/move_flags/minimize_double_damage.c
/home/eddie/devkitpro/opt/devkitpro/devkitARM/bin/../libexec/gcc/arm-none-eabi/14.2.0/cc1 -quiet <flags> -o build/emerald-test/test/battle/move_flags/move_has_no_effect_on_same_type.o test/battle/move_flags/move_has_no_effect_on_same_type.c
/home/eddie/devkitpro/opt/devkitpro/devkitARM/bin/../libexec/gcc/arm-none-eabi/14.2.0/cc1 -quiet <flags> -o build/emerald-test/test/battle/move_flags/powder.o test/battle/move_flags/powder.c
/home/eddie/devkitpro/opt/devkitpro/devkitARM/bin/../libexec/gcc/arm-none-eabi/14.2.0/cc1 -quiet <flags> -o build/emerald-test/test/battle/move_flags/recoil.o test/battle/move_flags/recoil.c
/home/eddie/devkitpro/opt/devkitpro/devkitARM/bin/../libexec/gcc/arm-none-eabi/14.2.0/cc1 -quiet <flags> -o build/emerald-test/test/battle/move_flags/strike_count.o test/battle/move_flags/strike_count.c
/home/eddie/devkitpro/opt/devkitpro/devkitARM/bin/../libexec/gcc/arm-none-eabi/14.2.0/cc1 -quiet <flags> -o build/emerald-test/test/battle/starting_status/hazards.o test/battle/starting_status/hazards.c
/home/eddie/devkitpro/opt/devkitpro/devkitARM/bin/../libexec/gcc/arm-none-eabi/14.2.0/cc1 -quiet <flags> -o build/emerald-test/test/battle/starting_status/terrain.o test/battle/starting_status/terrain.c
/home/eddie/devkitpro/opt/devkitpro/devkitARM/bin/../libexec/gcc/arm-none-eabi/14.2.0/cc1 -quiet <flags> -o build/emerald-test/test/battle/status1/bad_poison.o test/battle/status1/bad_poison.c
/home/eddie/devkitpro/opt/devkitpro/devkitARM/bin/../libexec/gcc/arm-none-eabi/14.2.0/cc1 -quiet <flags> -o build/emerald-test/test/battle/status1/burn.o test/battle/status1/burn.c
/home/eddie/devkitpro/opt/devkitpro/devkitARM/bin/../libexec/gcc/arm-none-eabi/14.2.0/cc1 -quiet <flags> -o build/emerald-test/test/battle/status1/freeze.o test/battle/status1/freeze.c
/home/eddie/devkitpro/opt/devkitpro/devkitARM/bin/../libexec/gcc/arm-none-eabi/14.2.0/cc1 -quiet <flags> -o build/emerald-test/test/battle/status1/frostbite.o test/battle/status1/frostbite.c
/home/eddie/devkitpro/opt/devkitpro/devkitARM/bin/../libexec/gcc/arm-none-eabi/14.2.0/cc1 -quiet <flags> -o build/emerald-test/test/battle/status1/paralysis.o test/battle/status1/paralysis.c
/home/eddie/devkitpro/opt/devkitpro/devkitARM/bin/../libexec/gcc/arm-none-eabi/14.2.0/cc1 -quiet <flags> -o build/emerald-test/test/battle/status1/poison.o test/battle/status1/poison.c
/home/eddie/devkitpro/opt/devkitpro/devkitARM/bin/../libexec/gcc/arm-none-eabi/14.2.0/cc1 -quiet <flags> -o build/emerald-test/test/battle/status1/sleep.o test/battle/status1/sleep.c
/home/eddie/devkitpro/opt/devkitpro/devkitARM/bin/../libexec/gcc/arm-none-eabi/14.2.0/cc1 -quiet <flags> -o build/emerald-test/test/battle/volatiles/confusion.o test/battle/volatiles/confusion.c
/home/eddie/devkitpro/opt/devkitpro/devkitARM/bin/../libexec/gcc/arm-none-eabi/14.2.0/cc1 -quiet <flags> -o build/emerald-test/test/battle/weather/hail.o test/battle/weather/hail.c
/home/eddie/devkitpro/opt/devkitpro/devkitARM/bin/../libexec/gcc/arm-none-eabi/14.2.0/cc1 -quiet <flags> -o build/emerald-test/test/battle/weather/rain.o test/battle/weather/rain.c
/home/eddie/devkitpro/opt/devkitpro/devkitARM/bin/../libexec/gcc/arm-none-eabi/14.2.0/cc1 -quiet <flags> -o build/emerald-test/test/battle/weather/sandstorm.o test/battle/weather/sandstorm.c
/home/eddie/devkitpro/opt/devkitpro/devkitARM/bin/../libexec/gcc/arm-none-eabi/14.2.0/cc1 -quiet <flags> -o build/emerald-test/test/battle/weather/snow.o test/battle/weather/snow.c
/home/eddie/devkitpro/opt/devkitpro/devkitARM/bin/../libexec/gcc/arm-none-eabi/14.2.0/cc1 -quiet <flags> -o build/emerald-test/test/battle/weather/strong_winds.o test/battle/weather/strong_winds.c
/home/eddie/devkitpro/opt/devkitpro/devkitARM/bin/../libexec/gcc/arm-none-eabi/14.2.0/cc1 -quiet <flags> -o build/emerald-test/test/battle/weather/sunlight.o test/battle/weather/sunlight.c
cd build/emerald-test && arm-none-eabi-ld -T ld_script_test.ld -o ../../pokeemerald-test.elf <objects> <test-objects> <lib>
arm-none-eabi-ld: warning: ../../pokeemerald-test.elf has a LOAD segment with RWX permissions
tools/gbafix/gbafix pokeemerald-test.elf -t"POKEMON EMER" -cBPEE -m01 -r0 -d0 --silent
tools/patchelf/patchelf pokeemerald-test.elf gTestRunnerArgv "\0"
tools/patchelf/patchelf pokeemerald-test-headless.elf gTestRunnerHeadless '\x01' gTestRunnerSkipIsFail "\x00"
tools/mgba-rom-test-hydra/mgba-rom-test-hydra tools/mgba/mgba-rom-test arm-none-eabi-objcopy pokeemerald-test-headless.elf
[09] EXPECT_FAIL allows expected failing tests to pass: [32mEXPECTED_FAIL[0m
[17] fatalf counts as CRASH: [32mCRASH[0m
[27] LoadSheetGraphicsInfo reallocates non-sheet sprites when frame size changes: [32mPASS[0m
[28] Tier gating: Nincada evolves into Ninjask normally once UU is unlocked (4 badges): [32mPASS[0m
[21] TMs and HMs are sorted correctly in the bag: [32mPASS[0m
[19] Items are correctly sorted and compacted in the bag: [32mPASS[0m
[27] Optimised SetMonData: [32mPASS[0m
optimised: 15 ticks, vanilla: 205 ticks
[09] Tier gating: Dratini evolves into Dragonair at level 20 with 1 badge (PU unlocked): [32mPASS[0m
[28] Optimised GetMonData: [32mPASS[0m
optimised: 11 ticks, vanilla: 137 ticks
[17] DoesPartyMemberHaveAbilityEffect returns FALSE if the ability is owned by an egg: [32mPASS[0m
[21] DoesLeadingMonHaveAbilityEffect returns FALSE if the party is empty: [32mPASS[0m
[30] Tier gating: Nincada does NOT shed a Shedinja with a full party: [32mPASS[0m
[29] Tier gating: Nincada does NOT shed a Shedinja while PU is still locked (0 badges): [32mPASS[0m
[09] togglegigantamaxfactor fails for Melmetal: [32mPASS[0m
[18] Tests resume after CRASH: [32mCRASH[0m
[19] DoesLeadingMonHaveAbilityEffect returns FALSE if the first mon in party does not have one of the abilities present in the given array: [32mPASS[0m
[30] createmon [simple]: [32mPASS[0m
[17] Terastallization type can be set to any type except TYPE_NONE: [32mPASS[0m
[18] DoesPartyMemberHaveAbilityEffect returns FALSE if the party is empty: [32mPASS[0m
[09] RandomUniform mul-based faster than mod-based (compile-time): [32mPASS[0m
mulBenchmark: 10 ticks, modBenchmark: 26 ticks
[20] Berries are sorted correctly in the bag: [32mPASS[0m
[17] RandomUniform generates lo..hi: [32mPASS[0m
[25] (Daycare) Pokémon offspring species is based off the mother's species: [32mPASS[0m
[29] Pokémon level up learnsets fit within MAX_LEVEL_UP_MOVES and MAX_RELEARNER_MOVES: [33mKNOWN_FAILING[0m
test/pokemon.c:536: EXPECT_LT(21, 20) failed
[09] Script_HasNoEffect variables: [32mPASS[0m
[23] (Daycare) Shellos' form is always based on the mother's form: [32mPASS[0m
[25] BoxPokemon encryption works: [32mPASS[0m
[26] (Daycare) Pokémon generate Eggs of the lowest member of the evolutionary family: [32mPASS[0m
[12] Substitute hits are detected by SUB_HIT, records damage: [32mPASS[0m
[20] DoesLeadingMonHaveAbilityEffect returns FALSE if the first mon in party is an egg: [32mPASS[0m
[23] Full multi partner party menu allows down navigation through partner party count: [32mPASS[0m
[03] USE_ITEM for opponent does not add item to bag: [32mPASS[0m
[18] Terastallization type defaults to primary or secondary type: [32mPASS[0m
[11] Substitute hits are detected by SUB_HIT, records damage, break FALSE: [32mPASS[0m
[31] Tier gating: Nincada sheds a Shedinja without evolving when Ninjask is tier-locked (PU): [32mPASS[0m
[07] EXPECT_FAIL detects failures caused by EXPECT_SWITCH: [32mEXPECTED_FAIL[0m
[08] EXPECT_FAIL detects failures caused by EXPECT_MOVE: [32mEXPECTED_FAIL[0m
[10] Substitute hits are detected by SUB_HIT, records damage, break TRUE: [32mPASS[0m
[26] CalculateMonStats: [32mPASS[0m
[11] uq4_12_divide divides 4.12 numbers: [32mPASS[0m
[12] uq4_12_multiply multiplies 4.12 numbers: [32mPASS[0m
[07] Tier gating: Abra evolves into Kadabra at level 16 with 5 badges (UUBL unlocked): [32mPASS[0m
[08] Tier gating: Abra cannot evolve into Kadabra before UUBL: [32mPASS[0m
[10] Tier gating: Dratini cannot evolve into Dragonair with 0 badges: [32mPASS[0m
[11] canhypertrain/hypertrain affect MON_DATA_HYPER_TRAINED_* and recalculate stats: [32mPASS[0m
[02] GIVE_PLAYER_ITEM adds an item to bag: [32mPASS[0m
[18] Shuffle randomizes the array [Shuffle64]: [32mPASS[0m
[03] Tier gating: Eevee evolves into Vaporeon with 5 badges (UUBL unlocked): [32mPASS[0m
[07] givemon respects perfectIVCount: [32mPASS[0m
[08] givemon [simple]: [32mPASS[0m
[12] Status1 round-trips through BoxPokemon: [32mPASS[0m
[10] hasgigantamaxfactor/togglegigantamaxfactor affect MON_DATA_GIGANTAMAX_FACTOR: [32mPASS[0m
[31] checkteratype/setteratype work: [32mPASS[0m
[18] BuildOamBuffer faster with mix of sprites: [32mPASS[0m
newBuildOamBuffer: 248 ticks, oldBuildOamBuffer: 1049 ticks
[00] Celebrate does not need to be explicitly set in a non-AI test: [32mPASS[0m
[02] Tier gating: party menu item usability hint (EVO_MODE_ITEM_CHECK) is gated too: [32mPASS[0m
[11] RandomWeighted generates distribution in proportion to the weights: [32mPASS[0m
[03] givemon [moves]: [32mPASS[0m
[08] RandomUniform mul-based faster than mod-based (run-time): [32mPASS[0m
mulBenchmark: 82 ticks, modBenchmark: 323 ticks
[07] Thumb and C SFC32 implementations produce the same results: [32mPASS[0m
[12] RandomUniformExcept generates uniform distribution: [32mPASS[0m
[13] Substitute hits are detected by SUB_HIT, break FALSE: [32mPASS[0m
[00] Tier gating: OU-only family - Magikarp cannot evolve into Gyarados before OU: [32mPASS[0m
[02] givemon [moves (default)]: [32mPASS[0m
[07] SaveBlock2 is backwards compatible: [32mPASS[0m
[08] SaveBlock1 is backwards compatible: [32mPASS[0m
[03] (Pokerus) No infection when POKERUS_INFECT_AGAIN is false and you already have active pokerus in party: [32mPASS[0m
[13] uq4_12_subtract subtracts 4.12 numbers: [32mPASS[0m
[10] RandomElement generates a uniform distribution: [32mPASS[0m
[00] givemon [vars]: [32mPASS[0m
[02] (Pokerus) Test POKERUS_HERD_IMMUNITY config in RandomlyGivePartyPokerus: [32mPASS[0m
[03] Random mon generation rejects disallowed mythical species: [32mPASS[0m
[13] Hyper Training increases stats without affecting IVs: [32mPASS[0m
[02] Random mon generation allows species within BST vars: [32mPASS[0m
[10] Script_HasNoEffect control flow: [32mPASS[0m
[13] RandomUniform generates uniform distribution: [32mPASS[0m
[15] Substitute hits are detected by SUB_HIT: [32mPASS[0m
[19] Nature independent from Hidden Nature: [32mPASS[0m
[19] Shuffle randomizes the array [Shuffle32]: [32mPASS[0m
[06] EXPECT_FAIL: Incorrect use of SUB_HIT results in test failure, break TRUE: [32mEXPECTED_FAIL[0m
test/test_test_runner.c:163: Did you mean: SUB_HIT(player, subBreak: FALSE, damage: 17)
[15] DoesPartyMemberHaveAbilityEffect returns TRUE no matter the party position of the mon with the ability: [32mPASS[0m
[05] EXPECT_FAIL: Incorrect use of SUB_HIT results in test failure, break FALSE: [32mEXPECTED_FAIL[0m
test/test_test_runner.c:177: Did you mean: SUB_HIT(player, subBreak: TRUE, damage: 3)
[06] Tier gating: item safety rule - Water Stone cannot force Starmie before OU: [32mPASS[0m
[04] USE_ITEM will add item to bag if GIVE_PLAYER_ITEM was not used: [32mPASS[0m
[15] Shininess independent from PID and OTID: [32mPASS[0m
[19] BuildOamBuffer faster on already-sorted max sprites: [32mPASS[0m
newBuildOamBuffer: 429 ticks, oldBuildOamBuffer: 507 ticks
[05] Tier gating: Water Stone evolves Staryu into Starmie with 6 badges (OU unlocked): [32mPASS[0m
[00] (Pokerus) Test SetMonData for MON_DATA_POKERUS_DAYS_LEFT and MON_DATA_POKERUS_STRAIN: [32mPASS[0m
[05] givemon respects perfectIVCount but does overwrite fixed IVs (2): [32mPASS[0m
[06] givemon respects perfectIVCount but does overwrite fixed IVs (1): [32mPASS[0m
[00] Random mon generation allows filter funcs with no args: [32mPASS[0m
[17] Form species ID tables are shared between all forms: [32mPASS[0m
[05] (Pokerus) RandomlyGivePartyPokerus doesn't freeze if the party is empty: [32mPASS[0m
[01] Failing MESSAGE check doesn't cause FLAKY tests when player uses an item: [32mEXPECTED_FAIL[0m
[04] Tier gating: item safety rule - the same Water Stone evolves Poliwhirl at RU: [32mPASS[0m
[15] RandomWeighted generates 0..n-1: [32mPASS[0m
[05] PokemonStorage is backwards compatible: [32mPASS[0m
[18] Item names fit on Pokemon Storage System: [32mPASS[0m
[06] (Pokerus) No infection when POKERUS_ENABLED is false: [32mPASS[0m
[14] Substitute hits are detected by SUB_HIT, break TRUE: [32mPASS[0m
[22] (Daycare) Pokémon with regional forms give the correct offspring: [32mPASS[0m
[01] Tier gating: trade evolutions are gated (Kadabra -> Alakazam, UUBL): [32mPASS[0m
[22] Full multi partner party menu wraps cancel up to partner party count: [32mPASS[0m
[06] SaveBlock3 is backwards compatible: [32mPASS[0m
[01] givemon [all]: [32mPASS[0m
[04] givemon respects FORM_CHANGE_ITEM_HOLD: [32mPASS[0m
[14] uq4_12_add adds 4.12 numbers: [32mPASS[0m
[13] Form change targets have the appropriate species flags: [32mPASS[0m
[25] (Pokerus) Test PartySpreadPokerus: do not spread inactive pokerus: [32mPASS[0m
[25] Random mon generation resolves random ball: [32mPASS[0m
[04] (Pokerus) Eggs can only be infected if POKERUS_INFECT_EGG is TRUE: [32mPASS[0m
[14] Shininess set on an Egg persists after hatching: [32mPASS[0m
[16] Forced Abilities are set correctly in multi battle tests: [32mPASS[0m
[25] Type names fit on Pokedex Search Screen: [32mPASS[0m
[25] Move names fit on TMs & HMs Bag Screen: [32mPASS[0m
[04] Random mon generation filters species from a small pool: [32mPASS[0m
[14] RandomElement generates an element: [32mPASS[0m
[16] DoesPartyMemberHaveAbilityEffect returns FALSE if none of the mons in party have one of the abilities present in the given array: [32mPASS[0m
[16] Terastallization type is reset to the default types when setting Tera Type back to TYPE_NONE: [32mPASS[0m
[01] (Pokerus) Test GetMonData for MON_DATA_POKERUS_DAYS_LEFT and MON_DATA_POKERUS_STRAIN: [32mPASS[0m
[23] (Pokerus) Test PartySpreadPokerus: do not spread to pokemon who got pokerus before: [32mPASS[0m
[19] Item plural names fit on PC storage (left box): [32mPASS[0m
[01] Random mon generation rejects species outside BST vars: [32mPASS[0m
[23] Random mon generation commands set vars for createmon: [32mPASS[0m
[16] RandomUniformExcept generates lo..hi: [32mPASS[0m
[15] Form change tables contain only forms in the form species ID table: [32mPASS[0m
[14] Forms have the appropriate species form changes: [32mPASS[0m
[17] Item names fit on Pokemon Summary Screen: [32mPASS[0m
[15] Item descriptions fit on Bag and Shop Screen: [32mPASS[0m
[28] (Pokerus) Test UpdatePartyPokerusTime general behavior: [32mPASS[0m
[28] Random mon generation allows ITEM_NONE in an explicit item pool: [32mPASS[0m
[16] Form species ID tables fit within RANDOM_MON_MAX_FORMS: [32mPASS[0m
[22] (Pokerus) Test PartySpreadPokerus: strain 0 can be spread to if POKERUS_WEAK_VARIANT is true: [32mPASS[0m
[15] Capture: when CRITICAL_CAPTURE_IF_OWNED is enabled, failed capture of owned pokemon does not appear critical: [32mPASS[0m
[28] Ability names fit on Ability Pop-Up: [32mPASS[0m
[22] Random mon generation command forwards filter args: [32mPASS[0m
[22] BuildOamBuffer faster with no sprites: [32mPASS[0m
newBuildOamBuffer: 62 ticks, oldBuildOamBuffer: 348 ticks
[12] No species has two evolutions that use the evolution tracker: [32mPASS[0m
[18] Capture: Missing badge malus apply correcly in gen 9: [32mPASS[0m
[28] Move names fit on Pokemon Summary Screen: [32mPASS[0m
[16] Item names fit on Shop Screen: [32mPASS[0m
[09] Species names fit on Pokemon Storage System: [32mPASS[0m
[15] Evolution Tracker: Bisharp KO-ing multiple Bisharps holding Leader's Crest increases tracker multiple times: [32mPASS[0m
[22] Item names fit on Bag Screen (list): [32mPASS[0m
[11] Every species has a description: [32mPASS[0m
[09] Battle Message: STRINGID_INTROMSG, STRINGID_INTROSENDOUT, STRINGID_RETURNMON, and STRINGID_SWITCHINMON (AI Doubles): [32mPASS[0m
[28] A spread move will do correct damage to the second mon if the first target faints from first hit of the spread move (1v2): [32mPASS[0m
[15] Higher leveled Pokemon give more exp: [32mPASS[0m
[08] Species names fit on Contest Screen: [32mPASS[0m
[02] Species names fit on PokeNav Condition Search Screen: [32mPASS[0m
[02] Battle Message: Switch-out message changes based on conditions: [33mTO_DO[0m
[05] Species names fit on Hall of Fame: [32mPASS[0m
[18] Sleep Clause: Reflection moves (ie. Magic Coat) that reflect Dark Void only sleep one opposing Pokémon: [32mPASS[0m
[00] Species names fit on PokeNav Ribbon List Screen: [32mPASS[0m
[28] End Turn Effects: First Event Block is executed correctly (multibattle): [32mPASS[0m
[22] Crit Change: Fixed damage moves don't print a crit message: [32mPASS[0m
[07] Species names fit on Contest Screen - Rankings: [32mPASS[0m
[16] Capture: when CRITICAL_CAPTURE_IF_OWNED is enabled, capture of owned pokemon always appear critical: [32mPASS[0m
[09] Defrost: A fire type spread move will thaw both targets: [32mPASS[0m
[02] A spread move will do correct damage to the second mon if the first target faints from first hit of the spread move (2v1): [32mPASS[0m
[13] Species names fit on Party Screen: [32mPASS[0m
[22] Evolution Tracker: Bisharp KO-ing a Bisharp that holds Leader's Crest increases tracker: [32mPASS[0m
[15] Moves fail if they target into a Pokémon that was fainted by the previous move: [32mPASS[0m
[06] Species names fit on Battle Dome Screen: [32mPASS[0m
[04] Species names fit on Naming Screen: [32mPASS[0m
[03] Species names fit on PokeNav Condition Screen: [32mPASS[0m
[02] End Turn Effects: Effects are applied by Speed Order: [32mPASS[0m
[30] (Pokerus) Test CheckMonPokerus general behavior: [32mPASS[0m
[30] Random mon generation resolves held item from a pool: [32mPASS[0m
[28] Both opponent's Pokemon give experience in battle against two opponents: [32mPASS[0m
[19] Capture: Missing badge malus apply correcly in gen 8: [32mPASS[0m
[09] Evolution Tracker: Bisharp KO-ing eligible battler from contact effects doesn't increase tracker: [32mPASS[0m
[22] Pokemon gain experience after catching a Pokemon (Gen6+): [32mPASS[0m
[01] Species names fit on PokeNav Ribbon Screen: [32mPASS[0m
[08] Battle Message: STRINGID_INTROMSG, STRINGID_INTROSENDOUT, STRINGID_RETURNMON, and STRINGID_SWITCHINMON (Multi): [32mPASS[0m
[05] Battle Message: STRINGID_INTROMSG, STRINGID_INTROSENDOUT, STRINGID_RETURNMON, and STRINGID_SWITCHINMON (AI 2v1): [32mPASS[0m
[07] Battle Message: STRINGID_INTROMSG, STRINGID_INTROSENDOUT, STRINGID_RETURNMON, and STRINGID_SWITCHINMON (AI Multi): [32mPASS[0m
[04] Battle Message: STRINGID_INTROMSG, STRINGID_INTROSENDOUT, STRINGID_RETURNMON, and STRINGID_SWITCHINMON (1v2): [32mPASS[0m
[10] Species names fit on Pokedex Screen - Cries: [32mPASS[0m
[02] Partner Pokemon do not gain experience: [32mPASS[0m
[03] Battle Message: STRINGID_INTROMSG, STRINGID_INTROSENDOUT, STRINGID_RETURNMON, and STRINGID_SWITCHINMON (AI 1v2): [32mPASS[0m
[19] Difficulty changes which party is used for partner if defined for the difficulty (NORMAL): [32mPASS[0m
[06] Battle Message: STRINGID_INTROMSG, STRINGID_INTROSENDOUT, STRINGID_RETURNMON, and STRINGID_SWITCHINMON (2v1): [32mPASS[0m
[02] Ghost battle: player cannot capture ghost (Marowak): [32mPASS[0m
[08] Defrost: Scald does not thaw targets if user is asleep: [32mPASS[0m
[22] Turn order is determined by priority: [32mPASS[0m
[08] Evolution Tracker: Bisharp KO-ing eligible battler with passive damage doesn't increase tracker: [32mPASS[0m
[04] A spread move will do correct damage to the second mon if the first target faints from first hit of the spread move (double battle): [32mPASS[0m
[03] A spread move will do correct damage to the second mon if the first target faints from first hit of the spread move (multibattle): [32mPASS[0m
[10] Battle Message: STRINGID_INTROMSG, STRINGID_INTROSENDOUT, STRINGID_RETURNMON, and STRINGID_SWITCHINMON (Doubles): [32mPASS[0m
[13] Battle Message: Send-in message depends on foe HP: [32mPASS[0m
[19] Trainer Slide: Multi: Last Low Hp: [32mPASS[0m
[13] Ghost battle: Intro plays correctly (no Silph Scope): [32mPASS[0m
[04] Evolution Tracker: Bisharp KO-ing eligible battler with bursting flames doesn't increase tracker: [32mPASS[0m
[03] End Turn Effects: First Event Block is executed correctly (double battle): [32mPASS[0m
[14] Species names fit on Battle Screen HP box: [32mPASS[0m
[02] Hazards can trigger Emergency Exit and hazards still activate for other battlers: [32mPASS[0m
[13] Moves that target the field are not going to fail if one mon fainted by the previous move: [32mPASS[0m
[23] Battle strings fit on the battle message window: [32mPASS[0m
Battle String ID 8: ??
Battle String ID 9: MMMMMMMMMMMM gained?a?boosted\n999999 Exp. Points!\p
Battle String ID 10: MMMMMMMMMMMM grew to Lv. 100!??\p
Battle String ID 11: MMMMMMMMMMMM learned\nNature's?Madness!??\p
Battle String ID 12: MMMMMMMMMMMM wants to learn the\nmove Nature's?Madness.\p
Battle String ID 13: However, MMMMMMMMMMMM already\nknows four moves.\p
Battle String ID 14: Should another move be forgotten and\nreplaced with Nature's?Madness?
Battle String ID 15: MMMMMMMMMMMM forgot\nNature's?Madness...\p
Battle String ID 16: ???Do you want to give up on having\nMMMMMMMMMMMM learn Nature's?Madness?
Battle String ID 17: MMMMMMMMMMMM did not learn\nNature's?Madness.\p
Battle String ID 18: The opposing MMMMMMMMMMMM learned\nNature's?Madness!
Battle String ID 19: The opposing MMMMMMMMMMMM\nprotected itself!
Battle String ID 20: It doesn't affect the opposing\nMMMMMMMMMMMM...
Battle String ID 21: It doesn't affect the opposing\nMMMMMMMMMMMM...
Battle String ID 22: The opposing MMMMMMMMMMMM fainted!\p
Battle String ID 23: You got $999999 for winning!\p
Battle String ID 24: You have no more Pok?mon\nthat can fight!\p
Battle String ID 25: You panicked and dropped $999999...
Battle String ID 26: You gave $999999 to the winner...
Battle String ID 27: You were overwhelmed by your defeat!
Battle String ID 28: The opposing MMMMMMMMMMMM prevents\nescape with Supersweet?Syrup!\p
Battle String ID 29: The Pok?mon was hit 99 time(s)!
Battle String ID 30: The opposing MMMMMMMMMMMM\nfell asleep!
Battle String ID 31: The opposing MMMMMMMMMMMM's\nSupersweet?Syrup made the opposing\lMMMMMMMMMMMM sleep!
Battle String ID 32: The opposing MMMMMMMMMMMM\nis already asleep!
Battle String ID 33: The opposing MMMMMMMMMMMM\nis already asleep!
Battle String ID 34: The opposing MMMMMMMMMMMM\nwas poisoned!
Battle String ID 35: The opposing MMMMMMMMMMMM was\npoisoned by the opposing\lMMMMMMMMMMMM's Supersweet?Syrup!
Battle String ID 36: The opposing MMMMMMMMMMMM was\nhurt by its poisoning!
Battle String ID 37: The opposing MMMMMMMMMMMM\nis already poisoned!
Battle String ID 38: The opposing MMMMMMMMMMMM\nwas badly poisoned!
Battle String ID 39: The opposing MMMMMMMMMMMM\nhad its energy drained!
Battle String ID 40: The opposing MMMMMMMMMMMM\nwas burned!
Battle String ID 41: The opposing MMMMMMMMMMMM's\nSupersweet?Syrup burned the\lopposing MMMMMMMMMMMM!
Battle String ID 42: The opposing MMMMMMMMMMMM\nwas hurt by its burn!
Battle String ID 43: The opposing MMMMMMMMMMMM\nwas frozen solid!
Battle String ID 44: The opposing MMMMMMMMMMMM's\nSupersweet?Syrup froze the opposing\lMMMMMMMMMMMM solid!
Battle String ID 45: The opposing MMMMMMMMMMMM\nis frozen solid!
Battle String ID 46: The opposing MMMMMMMMMMMM\nthawed out!
Battle String ID 47: The opposing MMMMMMMMMMMM's\nNature's?Madness melted the ice!
Battle String ID 48: The opposing MMMMMMMMMMMM\nis paralyzed, so it may be\lunable to move!
Battle String ID 49: The opposing MMMMMMMMMMMM's\nSupersweet?Syrup paralyzed the\lopposing MMMMMMMMMMMM, so it\lmay be unable to move!
Battle String ID 50: The opposing MMMMMMMMMMMM couldn't\nmove because it's paralyzed!
Battle String ID 51: The opposing MMMMMMMMMMMM\nis already paralyzed!
Battle String ID 52: The opposing MMMMMMMMMMMM\nwas cured of paralysis!
Battle String ID 53: The opposing MMMMMMMMMMMM's\nevasiveness won't go any higher!
Battle String ID 54: The opposing MMMMMMMMMMMM's\nevasiveness won't go any lower!
Battle String ID 55: The opposing MMMMMMMMMMMM\nis confused!
Battle String ID 56: The opposing MMMMMMMMMMMM snapped\nout of its confusion!
Battle String ID 57: The opposing MMMMMMMMMMMM\nbecame confused!
Battle String ID 58: The opposing MMMMMMMMMMMM\nis already confused!
Battle String ID 59: The opposing MMMMMMMMMMMM\nfell in love!
Battle String ID 60: The opposing MMMMMMMMMMMM is in love\nwith the opposing MMMMMMMMMMMM!
Battle String ID 61: The opposing MMMMMMMMMMMM\nis immobilized by love!
Battle String ID 62: The opposing MMMMMMMMMMMM\ntransformed into the Electric type!
Battle String ID 63: The opposing MMMMMMMMMMMM flinched\nand couldn't move!
Battle String ID 64: The opposing MMMMMMMMMMMM's\nHP was restored.
Battle String ID 65: The opposing MMMMMMMMMMMM's\nHP is full!
Battle String ID 66: Light Screen made the?opposing team\nstronger against special moves!
Battle String ID 67: Reflect made the?opposing team\nstronger against physical moves!
Battle String ID 68: Aurora Veil made the?opposing\nteam stronger against physical\land special moves!
Battle String ID 69: The?opposing team cloaked itself\nin a mystical veil!
Battle String ID 70: The opposing MMMMMMMMMMMM is\nprotected by Safeguard!
Battle String ID 71: The?opposing team is no longer\nprotected by Safeguard!
Battle String ID 72: The opposing MMMMMMMMMMMM\nwent to sleep!
Battle String ID 73: The opposing MMMMMMMMMMMM slept\nand restored its HP!
Battle String ID 74: The opposing MMMMMMMMMMMM\nwhipped up a whirlwind!
Battle String ID 75: The opposing MMMMMMMMMMMM\nabsorbed light!
Battle String ID 76: The opposing MMMMMMMMMMMM\ntucked in its head!
Battle String ID 77: The opposing MMMMMMMMMMMM\nflew up high!
Battle String ID 78: The opposing MMMMMMMMMMMM burrowed\nits way under the ground!
Battle String ID 79: The opposing MMMMMMMMMMMM\nwas squeezed by the opposing\lMMMMMMMMMMMM!
Battle String ID 80: The opposing MMMMMMMMMMMM became\ntrapped in the vortex!
Battle String ID 81: The opposing MMMMMMMMMMMM\nwas wrapped by the opposing\lMMMMMMMMMMMM!
Battle String ID 82: The opposing MMMMMMMMMMMM clamped\ndown on the opposing MMMMMMMMMMMM!
Battle String ID 83: The opposing MMMMMMMMMMMM is\nhurt by Nature's?Madness!
Battle String ID 84: The opposing MMMMMMMMMMMM was\nfreed from Nature's?Madness!
Battle String ID 85: The opposing MMMMMMMMMMMM\nkept going and crashed!
Battle String ID 86: The?opposing team became\nshrouded in mist!
Battle String ID 87: The opposing MMMMMMMMMMMM is\nprotected by the mist!
Battle String ID 88: The opposing MMMMMMMMMMMM\nis getting pumped!
Battle String ID 89: The opposing MMMMMMMMMMMM was\ndamaged by the recoil!
Battle String ID 90: The opposing MMMMMMMMMMMM\nprotected itself!
Battle String ID 91: The opposing MMMMMMMMMMMM is\nbuffeted by the sandstorm!
Battle String ID 92: The opposing MMMMMMMMMMMM\nis buffeted by the hail!
Battle String ID 93: The opposing MMMMMMMMMMMM\nwas seeded!
Battle String ID 94: The opposing MMMMMMMMMMMM\navoided the attack!
Battle String ID 95: The opposing MMMMMMMMMMMM\navoided the attack!
Battle String ID 96: The opposing MMMMMMMMMMMM's health\nis sapped by Leech Seed!
Battle String ID 97: The opposing MMMMMMMMMMMM\nis fast asleep.
Battle String ID 98: The opposing MMMMMMMMMMMM woke up!
Battle String ID 99: The uproar woke the opposing\nMMMMMMMMMMMM!
Battle String ID 100: The opposing MMMMMMMMMMMM\ncaused an uproar!
Battle String ID 101: The opposing MMMMMMMMMMMM\nis making an uproar!
Battle String ID 102: The opposing MMMMMMMMMMMM\ncalmed down.
Battle String ID 103: The opposing MMMMMMMMMMMM\nstockpiled 9!
Battle String ID 104: But the opposing MMMMMMMMMMMM\ncan't sleep in an uproar!
Battle String ID 105: But the uproar kept the opposing\nMMMMMMMMMMMM awake!
Battle String ID 106: The opposing MMMMMMMMMMMM\nstayed awake!
Battle String ID 107: The opposing MMMMMMMMMMMM\nis storing energy!
Battle String ID 108: The opposing MMMMMMMMMMMM\nunleashed its energy!
Battle String ID 109: The opposing MMMMMMMMMMMM became\nconfused due to fatigue!
Battle String ID 110: You picked up $999999!\p
Battle String ID 111: The opposing MMMMMMMMMMMM\nis unaffected!
Battle String ID 112: The opposing MMMMMMMMMMMM\ntransformed into Sandy?Shocks!
Battle String ID 113: The opposing MMMMMMMMMMMM\nput in a substitute!
Battle String ID 114: The opposing MMMMMMMMMMMM already\nhas a substitute!
Battle String ID 115: The substitute took damage for\nthe opposing MMMMMMMMMMMM!\p
Battle String ID 116: The opposing MMMMMMMMMMMM's\nsubstitute faded!\p
Battle String ID 117: The opposing MMMMMMMMMMMM\nmust recharge!
Battle String ID 118: The opposing MMMMMMMMMMMM's\nrage is building!
Battle String ID 119: The opposing MMMMMMMMMMMM's\nNature's?Madness was disabled!
Battle String ID 120: The opposing MMMMMMMMMMMM's\nNature's?Madness is disabled!\p
Battle String ID 121: The opposing MMMMMMMMMMMM's\nmove is no longer disabled!
Battle String ID 122: The opposing MMMMMMMMMMMM\nmust do an encore!
Battle String ID 123: The opposing MMMMMMMMMMMM can\nonly use Nature's?Madness!\p
Battle String ID 124: The opposing MMMMMMMMMMMM\nended its encore!
Battle String ID 125: The opposing MMMMMMMMMMMM took aim\nat the opposing MMMMMMMMMMMM!
Battle String ID 126: The opposing MMMMMMMMMMMM sketched\nNature's?Madness!
Battle String ID 127: The opposing MMMMMMMMMMMM is hoping\nto take its attacker down with it!
Battle String ID 128: The opposing MMMMMMMMMMMM took\nits attacker down with it!
Battle String ID 129: The opposing MMMMMMMMMMMM\nlost  PP from !
Battle String ID 130: The opposing MMMMMMMMMMMM stole\nthe opposing MMMMMMMMMMMM's\lUnremarkable?Teacup!
Battle String ID 131: The opposing MMMMMMMMMMMM\ncan no longer escape!
Battle String ID 132: The opposing MMMMMMMMMMMM began\nhaving a nightmare!
Battle String ID 133: The opposing MMMMMMMMMMMM\nis locked in a nightmare!
Battle String ID 134: The opposing MMMMMMMMMMMM cut\nits own HP and put a curse on the\lopposing MMMMMMMMMMMM!
Battle String ID 135: The opposing MMMMMMMMMMMM is\nafflicted by the curse!
Battle String ID 136: Spikes were scattered on the ground\nall around the?opposing team!
Battle String ID 137: The opposing MMMMMMMMMMMM\nwas hurt by the spikes!
Battle String ID 138: The opposing MMMMMMMMMMMM\nwas identified!
Battle String ID 139: The opposing MMMMMMMMMMMM's\nperish count fell to 9!
Battle String ID 140: The opposing MMMMMMMMMMMM\nbraced itself!
Battle String ID 141: The opposing MMMMMMMMMMMM\nendured the hit!
Battle String ID 142: Magnitude 99!
Battle String ID 143: The opposing MMMMMMMMMMMM cut its\nown HP and maximized its Attack!
Battle String ID 144: The opposing MMMMMMMMMMMM\ncopied the opposing MMMMMMMMMMMM's\lstat changes!
Battle String ID 145: The opposing MMMMMMMMMMMM was\nfreed from Nature's?Madness!
Battle String ID 146: The opposing MMMMMMMMMMMM was\nfreed from Leech Seed!
Battle String ID 147: The opposing MMMMMMMMMMMM\nblew away Spikes!
Battle String ID 148: The opposing MMMMMMMMMMMM\nfled from battle!
Battle String ID 149: The opposing MMMMMMMMMMMM\nforesaw an attack!
Battle String ID 150: The opposing MMMMMMMMMMMM\ntook the  attack!
Battle String ID 151: The?opposing?MMMMMMMMMMMM's attack!
Battle String ID 152: The opposing MMMMMMMMMMMM became\nthe center of attention!
Battle String ID 153: The opposing MMMMMMMMMMMM\nbegan charging power!
Battle String ID 154: The opposing MMMMMMMMMMMM's Nature\nPower turned into Nature's?Madness!
Battle String ID 155: The opposing MMMMMMMMMMMM's status\nreturned to normal!
Battle String ID 156: The opposing MMMMMMMMMMMM has no\nmoves left that it can use!\p
Battle String ID 157: The opposing MMMMMMMMMMMM was\nsubjected to torment!
Battle String ID 158: The opposing MMMMMMMMMMMM can't\nuse the same move twice in a row\ldue to the torment!\p
Battle String ID 159: The opposing MMMMMMMMMMMM\nis tightening its focus!
Battle String ID 160: The opposing MMMMMMMMMMMM\nfell for the taunt!
Battle String ID 161: The opposing MMMMMMMMMMMM can't use\nNature's?Madness after the taunt!\p
Battle String ID 162: The opposing MMMMMMMMMMMM is ready\nto help the opposing MMMMMMMMMMMM!
Battle String ID 163: The opposing MMMMMMMMMMMM switched\nitems with its target!
Battle String ID 164: The opposing MMMMMMMMMMMM copied the\nopposing MMMMMMMMMMMM's Ability!
Battle String ID 165: The?opposing?MMMMMMMMMMMM's\nwish came true!
Battle String ID 166: The opposing MMMMMMMMMMMM\nplanted its roots!
Battle String ID 167: The opposing MMMMMMMMMMMM absorbed\nnutrients with its roots!
Battle String ID 168: The opposing MMMMMMMMMMMM is\nanchored in place with its roots!
Battle String ID 169: The opposing MMMMMMMMMMMM\ngrew drowsy!
Battle String ID 170: The opposing MMMMMMMMMMMM knocked\noff the opposing MMMMMMMMMMMM's\lUnremarkable?Teacup!
Battle String ID 171: The opposing MMMMMMMMMMMM swapped\nAbilities with its target!
Battle String ID 172: The opposing MMMMMMMMMMMM sealed any\nmoves its target shares with it!
Battle String ID 173: The opposing MMMMMMMMMMMM can't use\nits sealed Nature's?Madness!\p
Battle String ID 174: The opposing MMMMMMMMMMMM wants\nits target to bear a grudge!
Battle String ID 175: The opposing MMMMMMMMMMMM\nlost all of Nature's?Madness's\lPP due to the grudge!
Battle String ID 176: The opposing MMMMMMMMMMMM shrouded\nitself with Magic Coat!
Battle String ID 177: The opposing MMMMMMMMMMMM bounced\nthe Nature's?Madness back!
Battle String ID 178: The opposing MMMMMMMMMMMM is waiting\nfor a target to make a move!
Battle String ID 179: The opposing MMMMMMMMMMMM snatched\nthe opposing MMMMMMMMMMMM's move!
Battle String ID 180: The opposing MMMMMMMMMMMM's\nSupersweet?Syrup made it rain!
Battle String ID 181: The opposing MMMMMMMMMMMM was\nprotected by Supersweet?Syrup!
Battle String ID 182: The opposing MMMMMMMMMMMM's\nSupersweet?Syrup prevents the\lopposing MMMMMMMMMMMM from using\lNature's?Madness!
Battle String ID 183: The opposing MMMMMMMMMMMM\nhad its HP restored.
Battle String ID 184: The opposing MMMMMMMMMMMM's\ntype changed to Electric!
Battle String ID 185: The opposing MMMMMMMMMMMM's\nSupersweet?Syrup prevents romance!
Battle String ID 186: The opposing MMMMMMMMMMMM\ncannot be confused!
Battle String ID 187: The power of The opposing\nMMMMMMMMMMMM's Fire-type moves rose!
Battle String ID 188: The opposing MMMMMMMMMMMM\nis anchored in place with\lits suction cups!
Battle String ID 189: The opposing MMMMMMMMMMMM's\nstats were not lowered!
Battle String ID 190: The opposing MMMMMMMMMMMM was\nhurt by the opposing MMMMMMMMMMMM's\lUnremarkable?Teacup!
Battle String ID 191: It traced\nthe?opposing?MMMMMMMMMMMM's\lSupersweet?Syrup!
Battle String ID 192:  sharply
Battle String ID 193: harshly 
Battle String ID 194: The opposing MMMMMMMMMMMM's\nevasiveness rose?drasticallyrose!!
Battle String ID 195: The opposing MMMMMMMMMMMM's\nevasiveness severely?fell!fell!
Battle String ID 196: A critical hit!
Battle String ID 197: It's a one-hit KO!
Battle String ID 198: One...???two...???and...????????? ta-da!\p
Battle String ID 199: And...\p
Battle String ID 200: It's not very effective...
Battle String ID 201: It's super effective!
Battle String ID 202: ??? You got away safely!\p
Battle String ID 203: ??? The wild Sandy?Shocks fled!
Battle String ID 204: No! There's no running from\na Trainer battle!\p
Battle String ID 205: You can't escape!\p
Battle String ID 206: PROF. BIRCH? Don't leave me like this!\p
Battle String ID 207: But nothing happened!
Battle String ID 208: But it failed!
Battle String ID 209: It hurt itself in its confusion!
Battle String ID 210: It started to rain!
Battle String ID 211: A downpour started!
Battle String ID 212: Rain continues to fall.
Battle String ID 213: The downpour continues.
Battle String ID 214: The rain stopped.
Battle String ID 215: A sandstorm kicked up!
Battle String ID 216: The sandstorm is raging.
Battle String ID 217: The sandstorm subsided.
Battle String ID 218: The sunlight turned harsh!
Battle String ID 219: The sunlight is strong.
Battle String ID 220: The sunlight faded.
Battle String ID 221: It started to hail!
Battle String ID 222: The hail is crashing down.
Battle String ID 223: The hail stopped.
Battle String ID 224: All stat changes were eliminated!
Battle String ID 225: Coins were scattered everywhere!
Battle String ID 226: But it does not have enough HP\nleft to make a substitute!
Battle String ID 227: The battlers shared their pain!
Battle String ID 228: A bell chimed!
Battle String ID 229: All Pok?mon that heard the song\nwill faint in three turns!
Battle String ID 230: There's no PP left for this move!\p
Battle String ID 231: But there was no PP left for the move!
Battle String ID 232: You used Unremarkable?Teacup!
Battle String ID 233: The Trainer blocked your Pok? Ball!
Battle String ID 234: Don't be a thief!
Battle String ID 235: It dodged your thrown Pok? Ball!\nThis Pok?mon can't be caught!
Battle String ID 236: Oh no! The Pok?mon broke free!
Battle String ID 237: Aww! It appeared to be caught!
Battle String ID 238: Aargh! Almost had it!
Battle String ID 239: Gah! It was so close, too!
Battle String ID 240: Gotcha! MMMMMMMMMMMM\nwas caught!??????\p
Battle String ID 241: Gotcha! MMMMMMMMMMMM\nwas caught!?????????
Battle String ID 242: Would you like to give MMMMMMMMMMMM\na nickname?
Battle String ID 243: MMMMMMMMMMMM's data has been\nadded to the Pok?dex!\p
Battle String ID 244: It's raining!
Battle String ID 245: The sandstorm is raging!
Battle String ID 246: You couldn't get away!\p
Battle String ID 247: The opposing MMMMMMMMMMMM ignored\norders and kept sleeping!
Battle String ID 248: The opposing MMMMMMMMMMMM\nignored orders!
Battle String ID 249: The opposing MMMMMMMMMMMM\nbegan to nap!
Battle String ID 250: The opposing MMMMMMMMMMMM\nis loafing around!
Battle String ID 251: The opposing MMMMMMMMMMMM\nwon't obey!
Battle String ID 252: The opposing MMMMMMMMMMMM\nturned away!
Battle String ID 253: The opposing MMMMMMMMMMMM\npretended not to notice!
Battle String ID 254: ???TRAINER?RED is about to send\nout MMMMMMMMMMMM. Will you switch\lyour Pok?mon?
Battle String ID 255: JOHNNY crept closer to MMMMMMMMMMMM!
Battle String ID 256: JOHNNY can't get any closer!
Battle String ID 257: MMMMMMMMMMMM is watching carefully!
Battle String ID 258: MMMMMMMMMMMM is curious about\nthe Unremarkable?Teacup!
Battle String ID 259: MMMMMMMMMMMM is enthralled by\nthe Unremarkable?Teacup!
Battle String ID 260: MMMMMMMMMMMM completely ignored\nthe Unremarkable?Teacup!
Battle String ID 261: JOHNNY threw a ????? at\nthe MMMMMMMMMMMM!
Battle String ID 262: ??? ANNOUNCER? You're out of\nSafari Balls! Game over!\p
Battle String ID 263: The opposing MMMMMMMMMMMM's\nUnremarkable?Teacup cured\lits paralysis!
Battle String ID 264: The opposing MMMMMMMMMMMM's\nUnremarkable?Teacup cured its poison!
Battle String ID 265: The opposing MMMMMMMMMMMM's\nUnremarkable?Teacup cured its burn!
Battle String ID 266: The opposing MMMMMMMMMMMM's\nUnremarkable?Teacup defrosted it!
Battle String ID 267: The opposing MMMMMMMMMMMM's\nUnremarkable?Teacup woke it up!
Battle String ID 268: The opposing MMMMMMMMMMMM's\nUnremarkable?Teacup snapped\lit out of its confusion!
Battle String ID 269: The opposing MMMMMMMMMMMM's\nUnremarkable?Teacup cured its\lconfusion problem!
Battle String ID 270: The opposing MMMMMMMMMMMM\nrestored its health using its\lUnremarkable?Teacup!
Battle String ID 271: The opposing MMMMMMMMMMMM restored\nPP to its move Nature's?Madness using\lits Unremarkable?Teacup!
Battle String ID 272: The opposing MMMMMMMMMMMM returned\nits stats to normal using its\lUnremarkable?Teacup!
Battle String ID 273: The opposing MMMMMMMMMMMM\nrestored a little HP using its\lUnremarkable?Teacup!
Battle String ID 274: Unremarkable?Teacup only allows\nthe use of Nature's?Madness!\p
Battle String ID 275: The opposing MMMMMMMMMMMM hung on\nusing its Unremarkable?Teacup!
Battle String ID 276: 
Battle String ID 277: The opposing MMMMMMMMMMMM\nhad its HP restored.
Battle String ID 278: The opposing MMMMMMMMMMMM's\nSupersweet?Syrup whipped\lup a sandstorm!
Battle String ID 279: The opposing MMMMMMMMMMMM's\n was not lowered!
Battle String ID 280: The opposing MMMMMMMMMMMM\nfell in love!
Battle String ID 281: The opposing MMMMMMMMMMMM's\nitem cannot be removed!
Battle String ID 282: The opposing MMMMMMMMMMMM sucked\nup the liquid ooze!
Battle String ID 283: The opposing MMMMMMMMMMMM\ntransformed!
Battle String ID 284: Electricity's power was weakened!
Battle String ID 285: Fire's power was weakened!
Battle String ID 286: The opposing MMMMMMMMMMMM\nhid underwater!
Battle String ID 287: The opposing MMMMMMMMMMMM sprang up!
Battle String ID 288: HM moves can't be forgotten now.\p
Battle String ID 289: The opposing MMMMMMMMMMMM found\none Unremarkable?Teacup!
Battle String ID 290: You defeated ???TRAINER?RED!\p
Battle String ID 291: A soothing aroma wafted\nthrough the area!
Battle String ID 292: Items can't be used now.???
Battle String ID 293: The\nUnremarkable?Teacup?drasticallyrose!\lboosted the opposing MMMMMMMMMMMM's\levasiveness!
Battle String ID 294: The Unremarkable?Teacup lowered\nthe opposing MMMMMMMMMMMM's !
Battle String ID 295: The opposing MMMMMMMMMMMM used the\nUnremarkable?Teacup to get pumped!
Battle String ID 296: The opposing MMMMMMMMMMMM's\nSupersweet?Syrup made\lNature's?Madness useless!
Battle String ID 297: The opposing MMMMMMMMMMMM became\ntrapped by the quicksand!
Battle String ID 298: 
Battle String ID 299:  a boosted
Battle String ID 300: The opposing MMMMMMMMMMMM's\nSupersweet?Syrup intensified\lthe sun's rays!
Battle String ID 301: You throw a Ball now, right?\nI... I'll do my best!
Battle String ID 302: The opposing MMMMMMMMMMMM\ntook the attack!
Battle String ID 303: The opposing MMMMMMMMMMMM chose\nDoom Desire as its destiny!
Battle String ID 304: The opposing MMMMMMMMMMMM lost\nits focus and couldn't move!
Battle String ID 305: Use next Pok?mon?
Battle String ID 306: ??? The opposing MMMMMMMMMMMM fled\nusing its Unremarkable?Teacup!\p
Battle String ID 307: ??? The opposing MMMMMMMMMMMM fled\nusing Supersweet?Syrup!\p
Battle String ID 308: The opposing MMMMMMMMMMMM\nwas dragged out!\p
Battle String ID 309: The opposing MMMMMMMMMMMM's\nUnremarkable?Teacup normalized\lits status!
Battle String ID 310: ???TRAINER?RED used\nUnremarkable?Teacup!
Battle String ID 311: The Box is full! You can't\ncatch any more!\p
Battle String ID 312: The opposing MMMMMMMMMMMM\nmade it ineffective!
Battle String ID 313: The opposing MMMMMMMMMMMM's\nSupersweet?Syrup prevents flinching!
Battle String ID 314: The opposing MMMMMMMMMMMM\nis already burned!
Battle String ID 315: The opposing MMMMMMMMMMMM's\nSupersweet?Syrup blocks\lNature's?Madness!
Battle String ID 316: The?opposing team's Nature's?Madness\nwore off!
Battle String ID 317: The wall shattered!
Battle String ID 318: The opposing MMMMMMMMMMMM's\nSupersweet?Syrup cured its\lconfusion problem!
Battle String ID 319: The opposing MMMMMMMMMMMM\ncan't escape!
Battle String ID 320: The opposing MMMMMMMMMMMM obtained\nUnremarkable?Teacup.
Battle String ID 321: The opposing MMMMMMMMMMMM obtained\nUnremarkable?Teacup.
Battle String ID 322: The opposing MMMMMMMMMMMM obtained\nUnremarkable?Teacup.\pThe opposing MMMMMMMMMMMM obtained\nUnremarkable?Teacup.
Battle String ID 323: But it had no effect!
Battle String ID 324: You defeated ???TRAINER?RED\nand ???TRAINER?RED!\p
Battle String ID 325: ??
Battle String ID 326: The opposing MMMMMMMMMMMM appears\nincapable of using its power!
Battle String ID 327: A glint appears in the opposing\nMMMMMMMMMMMM's eyes!
Battle String ID 328: The opposing MMMMMMMMMMMM\nis getting into position!
Battle String ID 329: The opposing MMMMMMMMMMMM\nbegan growling deeply!
Battle String ID 330: The opposing MMMMMMMMMMMM\nis eager for more!
Battle String ID 331: MMMMMMMMMMMM defeated the opponent\nMMMMMMMMMMMM in a REFEREE's decision!
Battle String ID 332: MMMMMMMMMMMM lost to the opponent\nMMMMMMMMMMMM in a REFEREE's decision!
Battle String ID 333: MMMMMMMMMMMM tied the opponent\nMMMMMMMMMMMM in a REFEREE's decision!
Battle String ID 334: Would you like to forfeit the\nmatch and quit now?
Battle String ID 335: The match was forfeited.
Battle String ID 336: MMMMMMMMMMMM was transferred to\nSOMEONE'S PC.\pIt was placed in \nBOX "MMMMMMMM."
Battle String ID 337: MMMMMMMMMMMM was transferred to\nLANETTE'S PC.\pIt was placed in \nBOX "MMMMMMMM."
Battle String ID 338: BOX "MMMMMMMM" on\nSOMEONE'S PC was full.\pMMMMMMMMMMMM was transferred to\nBOX "MMMMMMMM."
Battle String ID 339: BOX "MMMMMMMM" on\nLANETTE'S PC was full.\pMMMMMMMMMMMM was transferred to\nBOX "MMMMMMMM."
Battle String ID 340: ??
Battle String ID 341: ??
Battle String ID 342: The opposing MMMMMMMMMMMM endured\nthe hit using Supersweet?Syrup!
Battle String ID 343: The opposing MMMMMMMMMMMM became\nfully charged due to its\lUnremarkable?Teacup!
Battle String ID 344: The opposing MMMMMMMMMMMM was hurt\nby the Unremarkable?Teacup!
Battle String ID 345: Gravity intensified!
Battle String ID 346: The opposing MMMMMMMMMMMM woke up!
Battle String ID 347: The Tailwind blew from behind\nthe?opposing team!
Battle String ID 348: The opposing MMMMMMMMMMMM\nwent back to RED!
Battle String ID 349: The opposing MMMMMMMMMMMM\ncan't use items anymore!
Battle String ID 350: The opposing MMMMMMMMMMMM flung\nits Unremarkable?Teacup!
Battle String ID 351: The opposing MMMMMMMMMMMM was\nprevented from healing!
Battle String ID 352: The opposing MMMMMMMMMMMM switched\nits Attack and Defense!
Battle String ID 353: The opposing MMMMMMMMMMMM's\nAbility was suppressed!
Battle String ID 354: Lucky Chant shielded the?opposing\nteam from critical hits!
Battle String ID 355: The opposing MMMMMMMMMMMM acquired\nSupersweet?Syrup!
Battle String ID 356: Poison spikes were scattered on the\nground all around the?opposing team!
Battle String ID 357: The opposing MMMMMMMMMMMM switched\nstat changes with its target!
Battle String ID 358: The opposing MMMMMMMMMMMM\nsurrounded itself with a\lveil of water!
Battle String ID 359: The opposing MMMMMMMMMMMM levitated\nwith electromagnetism!
Battle String ID 360: The opposing MMMMMMMMMMMM\ntwisted the dimensions!
Battle String ID 361: Pointed stones float in the air\naround the?opposing team!
Battle String ID 362: The opposing MMMMMMMMMMMM became\ntrapped by swirling magma!
Battle String ID 363: The opposing MMMMMMMMMMMM\nvanished instantly!
Battle String ID 364: Nature's?Madness protected\nthe?opposing team!
Battle String ID 365: The opposing MMMMMMMMMMMM shared\nits guard with the target!
Battle String ID 366: The opposing MMMMMMMMMMMM shared\nits power with the target!
Battle String ID 367: It created a bizarre area\nin which Defense and Sp. Def\lstats are swapped!
Battle String ID 368: The opposing MMMMMMMMMMMM\nbecame nimble!
Battle String ID 369: The opposing MMMMMMMMMMMM\nwas hurled into the air!
Battle String ID 370: It created a bizarre area in\nwhich Pok?mon's held items\llose their effects!
Battle String ID 371: The opposing MMMMMMMMMMMM\nfell straight down!
Battle String ID 372: The opposing MMMMMMMMMMMM\ntransformed into the Electric type!
Battle String ID 373: The opposing MMMMMMMMMMMM\ntook the kind offer!
Battle String ID 374: The opposing MMMMMMMMMMMM's stat\nchanges were removed!
Battle String ID 375: The opposing MMMMMMMMMMMM\nand the opposing MMMMMMMMMMMM\lswitched places!
Battle String ID 376: The opposing MMMMMMMMMMMM became\nthe same type as the opposing\lMMMMMMMMMMMM!
Battle String ID 377: The opposing MMMMMMMMMMMM\ncan use items again!
Battle String ID 378: electromagnetism
Battle String ID 379: The opposing MMMMMMMMMMMM's\nNature's?Madness wore off!
Battle String ID 380: The opposing MMMMMMMMMMMM was\nfreed from the telekinesis!
Battle String ID 381: The?opposing team's Tailwind\npetered out!
Battle String ID 382: The?opposing team's Lucky\nChant wore off!
Battle String ID 383: The twisted dimensions\nreturned to normal!
Battle String ID 384: Wonder Room wore off, and Defense and\nSp. Def stats returned to normal!
Battle String ID 385: Magic Room wore off, and held items'\neffects returned to normal!
Battle String ID 386: The effects of Mud Sport have faded.
Battle String ID 387: The effects of Water\nSport have faded.
Battle String ID 388: Gravity returned to normal!
Battle String ID 389: A veil of water restored the opposing\nMMMMMMMMMMMM's HP!
Battle String ID 390: The electricity disappeared\nfrom the battlefield.
Battle String ID 391: The mist disappeared from\nthe battlefield.
Battle String ID 392: The weirdness disappeared\nfrom the battlefield!
Battle String ID 393: The grass disappeared from\nthe battlefield.
Battle String ID 394: The opposing MMMMMMMMMMMM's\nSupersweet?Syrup raised\lits evasiveness!
Battle String ID 395: The opposing MMMMMMMMMMMM\nmaxed its !
Battle String ID 396: The opposing MMMMMMMMMMMM's\nSupersweet?Syrup raised\lits evasiveness!
Battle String ID 397: The poisoning healed the opposing\nMMMMMMMMMMMM a little bit!
Battle String ID 398: The opposing MMMMMMMMMMMM\nis tormented!
Battle String ID 399: The opposing MMMMMMMMMMMM\nbreaks the mold!
Battle String ID 400: The opposing MMMMMMMMMMMM is\nradiating a bursting aura!
Battle String ID 401: The opposing MMMMMMMMMMMM is\nradiating a blazing aura!
Battle String ID 402: The opposing MMMMMMMMMMMM\nis slow to get going!
Battle String ID 403: The opposing MMMMMMMMMMMM finally\ngot its act together!
Battle String ID 404: The opposing MMMMMMMMMMMM's\nSupersweet?Syrup takes its toll!
Battle String ID 405: The opposing MMMMMMMMMMMM was hurt!
Battle String ID 406: The opposing MMMMMMMMMMMM\nshuddered!
Battle String ID 407: Supersweet?Syrup alerted the\nopposing MMMMMMMMMMMM to the\lopposing MMMMMMMMMMMM's\lNature's?Madness!
Battle String ID 408: The opposing MMMMMMMMMMMM's\nSupersweet?Syrup healed\lit a little bit!
Battle String ID 409: It started to hail!
Battle String ID 410: The opposing MMMMMMMMMMMM frisked\nthe opposing MMMMMMMMMMMM and found\lits Unremarkable?Teacup!
Battle String ID 411: The?opposing team is too nervous\nto eat Berries!
Battle String ID 412: The opposing MMMMMMMMMMMM harvested\nits Unremarkable?Teacup!
Battle String ID 413: The opposing MMMMMMMMMMMM's\nSupersweet?Syrup transformed\lit into the Electric type!
Battle String ID 414: The opposing MMMMMMMMMMMM shared\nits Unremarkable?Teacup with the\lopposing MMMMMMMMMMMM!
Battle String ID 415: Pointed stones dug into the\nopposing MMMMMMMMMMMM!
Battle String ID 416: The poison spikes disappeared from\nthe ground around the?opposing team!
Battle String ID 417: The opposing MMMMMMMMMMMM\nwas poisoned!
Battle String ID 418: The opposing MMMMMMMMMMMM\nwas badly poisoned!
Battle String ID 419: The opposing MMMMMMMMMMMM was\ncaught in a sticky web!
Battle String ID 420: The healing wish came true for the\nopposing MMMMMMMMMMMM!
Battle String ID 421: The opposing MMMMMMMMMMMM\nregained health!
Battle String ID 422: The opposing MMMMMMMMMMMM became\ncloaked in mystical moonlight!
Battle String ID 423: The opposing MMMMMMMMMMMM's\nNature's?Madness was disabled!
Battle String ID 424: The opposing MMMMMMMMMMMM acquired\nSupersweet?Syrup!
Battle String ID 425: The opposing MMMMMMMMMMMM's\nSupersweet?Syrup lowered\lits evasiveness!
Battle String ID 426: The opposing MMMMMMMMMMMM's\n won't go any higher!
Battle String ID 427: The opposing MMMMMMMMMMMM's\nNature's?Madness was bounced back!
Battle String ID 428: The opposing MMMMMMMMMMMM\ntransformed into the opposing\lMMMMMMMMMMMM!
Battle String ID 429: The effects of the\nUnremarkable?Teacup prevent\lstatus moves from being used!\p
Battle String ID 430: The opposing MMMMMMMMMMMM can't use\nNature's?Madness because of gravity!\p
Battle String ID 431: The opposing MMMMMMMMMMMM was\nprevented from healing!\p
Battle String ID 432: This move effect is not done yet!\p
Battle String ID 433: A sticky web has been laid out on the\nground around the?opposing team!
Battle String ID 434: The opposing MMMMMMMMMMMM's\nmove was postponed!
Battle String ID 435: The opposing MMMMMMMMMMMM\nblew away Toxic Spikes!
Battle String ID 436: The opposing MMMMMMMMMMMM\nblew away Sticky Web!
Battle String ID 437: The opposing MMMMMMMMMMMM\nblew away Stealth Rock!
Battle String ID 438: A deluge of ions showers\nthe battlefield!
Battle String ID 439: All stat changes on the opposing\nMMMMMMMMMMMM were inverted!
Battle String ID 440: Mist swirled around the battlefield!
Battle String ID 441: Grass grew to cover the battlefield!
Battle String ID 442: An electric current ran across\nthe battlefield!
Battle String ID 443: The battlefield got weird!
Battle String ID 444: The opposing MMMMMMMMMMMM's moves\nhave been electrified!
Battle String ID 445: The opposing MMMMMMMMMMMM's\nUnremarkable?Teacup is reacting\lto RED's Mega Ring!
Battle String ID 446: The opposing MMMMMMMMMMMM has Mega\nEvolved into Mega Sandy?Shocks!
Battle String ID 447:  drastically
Battle String ID 448: severely 
Battle String ID 449: The opposing MMMMMMMMMMMM has been\nafflicted with an infestation by the\lopposing MMMMMMMMMMMM!
Battle String ID 450: It won't have any effect on the\nopposing MMMMMMMMMMMM!
Battle String ID 451: The bursting flames hit the\nopposing MMMMMMMMMMMM!
Battle String ID 452: The opposing MMMMMMMMMMMM received\nUnremarkable?Teacup from the\lopposing MMMMMMMMMMMM!
Battle String ID 453: Electric type was added to the\nopposing MMMMMMMMMMMM!
Battle String ID 454: The opposing MMMMMMMMMMMM\nfell for the feint!
Battle String ID 455: The opposing MMMMMMMMMMMM cannot\nuse Nature's?Madness!
Battle String ID 456: The opposing MMMMMMMMMMMM\nis covered in powder!
Battle String ID 457: When the flame touched the powder\non the Pok?mon, it exploded!
Battle String ID 458: The opposing MMMMMMMMMMMM hasn't\neaten any held Berries, so it can't\lpossibly belch!\p
Battle String ID 459: The opposing MMMMMMMMMMMM stole\nthe target's boosted stats!
Battle String ID 460: The opposing MMMMMMMMMMMM fell from\nthe sky due to the gravity!
Battle String ID 461: The opposing MMMMMMMMMMMM surrounds\nitself with a protective mist!
Battle String ID 462: The opposing MMMMMMMMMMMM is healed\nby the grassy terrain!
Battle String ID 463: The opposing MMMMMMMMMMMM surrounds\nitself with electrified terrain!
Battle String ID 464: The opposing MMMMMMMMMMMM is\nprotected by the Psychic Terrain!
Battle String ID 465: The opposing MMMMMMMMMMMM\nis not affected thanks to its\lUnremarkable?Teacup!
Battle String ID 466: The opposing MMMMMMMMMMMM\nsurrounded itself with a\lveil of petals!
Battle String ID 467: The opposing MMMMMMMMMMMM\nsurrounded itself with a\lveil of petals!
Battle String ID 468: The opposing MMMMMMMMMMMM is\nprotected by an aromatic veil!
Battle String ID 469: Congratulations, JOHNNY!
Battle String ID 470: The opposing MMMMMMMMMMMM\nfollowed the opposing MMMMMMMMMMMM's\linstructions!
Battle String ID 471: The opposing MMMMMMMMMMMM can use\nsound-based moves again!
Battle String ID 472: The effects of Throat Chop prevent\nthe opposing MMMMMMMMMMMM from\lusing certain moves!\p
Battle String ID 473: The opposing MMMMMMMMMMMM\nconcentrated intensely!
Battle String ID 474: The Unremarkable?Teacup\nstrengthened the opposing\lMMMMMMMMMMMM's power!
Battle String ID 475: The Unremarkable?Teacup weakened the\ndamage to the opposing MMMMMMMMMMMM!
Battle String ID 476: The opposing MMMMMMMMMMMM floats\nin the air with its Air Balloon!
Battle String ID 477: The opposing MMMMMMMMMMMM's\nAir Balloon popped!
Battle String ID 478: The opposing MMMMMMMMMMMM's\nUnremarkable?Teacup was burnt up!
Battle String ID 479: The opposing MMMMMMMMMMMM stole and\nate its target's Unremarkable?Teacup!
Battle String ID 480: The opposing MMMMMMMMMMMM's\nillusion wore off!
Battle String ID 481: The opposing MMMMMMMMMMMM cured the\nopposing MMMMMMMMMMMM's problem!
Battle String ID 482: The opposing MMMMMMMMMMMM\nburned itself out!
Battle String ID 483: The opposing MMMMMMMMMMMM was cured\nof the opposing MMMMMMMMMMMM!
Battle String ID 484: The opposing MMMMMMMMMMMM's\nSupersweet?Syrup raised\lits evasiveness!
Battle String ID 485: The opposing MMMMMMMMMMMM's\nSupersweet?Syrup was taken over!
Battle String ID 486: The opposing MMMMMMMMMMMM\nis absorbing power!
Battle String ID 487: No one will be able to run away\nduring the next turn!
Battle String ID 488: The opposing MMMMMMMMMMMM\nfell in love because of the\lUnremarkable?Teacup!
Battle String ID 489: The opposing MMMMMMMMMMMM became\ncloaked in a freezing light!
Battle String ID 490: The effects of the\nUnremarkable?Teacup held by the\lopposing MMMMMMMMMMMM prevents\lits stats from being lowered!
Battle String ID 491: RED's fervent wish has reached\nthe opposing MMMMMMMMMMMM!
Battle String ID 492: The effects of the weather\ndisappeared.
Battle String ID 493: The opposing MMMMMMMMMMMM\nis exerting its pressure!
Battle String ID 494: The opposing MMMMMMMMMMMM\nis radiating a dark aura!
Battle String ID 495: The opposing MMMMMMMMMMMM is\nradiating a fairy aura!
Battle String ID 496: The opposing MMMMMMMMMMMM reversed\nall other Pok?mon's auras!
Battle String ID 497: The opposing MMMMMMMMMMMM\nis drowsing!
Battle String ID 498: All screens on the field\nwere cleansed!
Battle String ID 499: The opposing MMMMMMMMMMMM found\na Unremarkable?Teacup!
Battle String ID 500: A sandstorm kicked up!
Battle String ID 501: Both Pok?mon will faint\nin three turns!
Battle String ID 502: The opposing MMMMMMMMMMMM's\naura flared to life!
Battle String ID 503: The opposing MMMMMMMMMMMM\nhas two Abilities!
Battle String ID 504: The opposing MMMMMMMMMMMM's stat\nchanges were removed!
Battle String ID 505: The opposing MMMMMMMMMMMM can\nact faster than normal, thanks\lto its Supersweet?Syrup!
Battle String ID 506: The opposing MMMMMMMMMMMM boosted\nthe accuracy of its next move using\lUnremarkable?Teacup!
Battle String ID 507: The opposing MMMMMMMMMMMM\nshook off the taunt!
Battle String ID 508: The opposing MMMMMMMMMMMM got\nover its infatuation!
Battle String ID 509: The opposing MMMMMMMMMMMM's\nitem cannot be removed!
Battle String ID 510: The Unremarkable?Teacup attached\nitself to the opposing MMMMMMMMMMMM!
Battle String ID 511: The opposing MMMMMMMMMMMM's\nburn was cured!
Battle String ID 512: The opposing MMMMMMMMMMMM held\nup its Red Card against the opposing\lMMMMMMMMMMMM!
Battle String ID 513: The opposing MMMMMMMMMMMM\nis switched out with the\lUnremarkable?Teacup!
Battle String ID 514: The opposing MMMMMMMMMMMM cured\nits infatuation status using its\lUnremarkable?Teacup!
Battle String ID 515: The opposing MMMMMMMMMMMM\nis no longer tormented!
Battle String ID 516: The opposing MMMMMMMMMMMM is no\nlonger prevented from healing!
Battle String ID 517: The opposing MMMMMMMMMMMM became\nfully charged due to its bond\lwith its trainer!\p
Battle String ID 518: The opposing MMMMMMMMMMMM\nbecame Ash-Greninja!\p
Battle String ID 519: The sunlight turned extremely harsh!
Battle String ID 520: The extremely harsh sunlight faded!
Battle String ID 521: The Water-type attack evaporated\nin the extremely harsh sunlight!
Battle String ID 522: The extremely harsh sunlight\nwas not lessened at all!
Battle String ID 523: A heavy rain began to fall!
Battle String ID 524: The heavy rain has lifted!
Battle String ID 525: The Fire-type attack fizzled\nout in the heavy rain!
Battle String ID 526: There is no relief from\nthis heavy rain!
Battle String ID 527: Mysterious strong winds are\nprotecting Flying-type Pok?mon!
Battle String ID 528: The mysterious strong winds\nhave dissipated!
Battle String ID 529: The mysterious strong winds\nblow on regardless!
Battle String ID 530: The mysterious strong winds\nweakened the attack!
Battle String ID 531: It can't use the move because\nit doesn't have a Berry!\p
Battle String ID 532: The opposing MMMMMMMMMMMM's\nPrimal Reversion! It reverted\lto its primal state!
Battle String ID 533: But the opposing MMMMMMMMMMMM\ncan't use the move!
Battle String ID 534: But the opposing MMMMMMMMMMMM can't\nuse it the way it is now!
Battle String ID 535: It broke through the opposing\nMMMMMMMMMMMM's protection!
Battle String ID 536: Supersweet?Syrup only allows the\nuse of Nature's?Madness!\p
Battle String ID 537: The opposing MMMMMMMMMMMM swapped\nAbilities with its target!
Battle String ID 538: The opposing MMMMMMMMMMMM was\ncured of its poisoning!
Battle String ID 539: The opposing MMMMMMMMMMMM's\ntype changed to !
Battle String ID 540: Neither Pok?mon can run away!
Battle String ID 541: The opposing MMMMMMMMMMMM\ncan no longer escape because\lit used No Retreat!
Battle String ID 542: The opposing MMMMMMMMMMMM\nbecame weaker to fire!
Battle String ID 543: The opposing MMMMMMMMMMMM\nis about to be attacked by its\lUnremarkable?Teacup!
Battle String ID 544: The opposing MMMMMMMMMMMM can no\nlonger escape because of Octolock!
Battle String ID 545: Neutralizing gas filled the area!
Battle String ID 546: The effects of the neutralizing\ngas wore off!
Battle String ID 547: The opposing MMMMMMMMMMMM is\ntoo heavy to be lifted!
Battle String ID 548: The opposing MMMMMMMMMMMM took the\nopposing MMMMMMMMMMMM into the sky!
Battle String ID 549: The opposing MMMMMMMMMMMM got\ntrapped by a snap trap!
Battle String ID 550: The opposing MMMMMMMMMMMM is\noverflowing with space power!
Battle String ID 551: The opposing MMMMMMMMMMMM started\nheating up its beak!
Battle String ID 552: The opposing MMMMMMMMMMMM swapped\nthe battle effects affecting each\lside of the field!
Battle String ID 553: The opposing MMMMMMMMMMMM\nsurrounded itself with its Z-Power!
Battle String ID 554: The opposing MMMMMMMMMMMM unleashes\nits full-force Z-Move!
Battle String ID 555: The opposing MMMMMMMMMMMM returned\nits decreased stats to normal\lusing its Z-Power!
Battle String ID 556: The opposing MMMMMMMMMMMM boosted\nits stats using its Z-Power!
Battle String ID 557: The opposing MMMMMMMMMMMM\nboosted its critical-hit ratio\lusing its Z-Power!
Battle String ID 558: The opposing MMMMMMMMMMMM restored\nits HP using its Z-Power!
Battle String ID 559: The opposing MMMMMMMMMMMM boosted\nits stats using its Z-Power!
Battle String ID 560: The opposing MMMMMMMMMMMM's HP\nwas restored by the Z-Power!
Battle String ID 561: The opposing MMMMMMMMMMMM\nmanaged to expel the poison\lso you wouldn't worry!
Battle String ID 562: The opposing MMMMMMMMMMMM shook\nitself awake so you wouldn't worry!
Battle String ID 563: The opposing MMMMMMMMMMMM gathered\nall its energy to break through its\lparalysis so you wouldn't worry!
Battle String ID 564: The opposing MMMMMMMMMMMM cured\nits burn through sheer determination\lso you wouldn't worry!
Battle String ID 565: The opposing MMMMMMMMMMMM melted\nthe ice with its fiery determination\lso you wouldn't worry!
Battle String ID 566: The opposing MMMMMMMMMMMM toughed\nit out so you wouldn't feel sad!
Battle String ID 567: The opposing MMMMMMMMMMMM used\nup all its electricity!
Battle String ID 568: The opposing MMMMMMMMMMMM switched\n with its target!
Battle String ID 569: Being hit by Nature's?Madness\ncharged the opposing MMMMMMMMMMMM\lwith power!
Battle String ID 570: The harsh sunlight activated\nthe opposing MMMMMMMMMMMM's\lProtosynthesis!
Battle String ID 571: The opposing MMMMMMMMMMMM turned\nthe sunlight harsh, sending its\lancient pulse into a frenzy!
Battle String ID 572: The opposing MMMMMMMMMMMM basked\nin the sunlight, sending its ancient\lpulse into a frenzy!
Battle String ID 573: The opposing MMMMMMMMMMMM's\nevasiveness was heightened!
Battle String ID 574: The Electric Terrain activated the\nopposing MMMMMMMMMMMM's Quark Drive!
Battle String ID 575: The opposing MMMMMMMMMMMM turned\nthe ground into Electric Terrain,\lenergizing its futuristic engine!
Battle String ID 576: The opposing MMMMMMMMMMMM used\nthe Electric Terrain to energize\lits futuristic engine!
Battle String ID 577: The opposing MMMMMMMMMMMM's\nSupersweet?Syrup weakened the\l of all surrounding Pok?mon!\p
Battle String ID 578: The opposing MMMMMMMMMMMM gained\nstrength from the fallen!
Battle String ID 579: The opposing MMMMMMMMMMMM's\nSupersweet?Syrup prevents the\lopposing MMMMMMMMMMMM's\lSupersweet?Syrup from working!
Battle String ID 580: The opposing MMMMMMMMMMMM\nset a shell trap!
Battle String ID 581: The opposing MMMMMMMMMMMM's\nshell trap didn't work!
Battle String ID 582: The spikes disappeared from the\nground around the?opposing team!
Battle String ID 583: The poison spikes disappeared from\nthe ground around the?opposing team!
Battle String ID 584: The sticky web has disappeared from\nthe ground around the?opposing team!
Battle String ID 585: The pointed stones disappeared from\naround the?opposing team!
Battle String ID 586: The opposing MMMMMMMMMMMM couldn't\nfully protect itself and got hurt!
Battle String ID 587: The opposing MMMMMMMMMMMM's\nstockpiled effect wore off!
Battle String ID 588: Sandy?Shocks was revived and\nis ready to fight again!
Battle String ID 589: Sandy?Shocks had its HP restored.
Battle String ID 590: Sandy?Shocks had its status healed!
Battle String ID 591: The PP of Sandy?Shocks's\n was restored!
Battle String ID 592: The opposing MMMMMMMMMMMM trapped\nthe opposing MMMMMMMMMMMM!
Battle String ID 593: The opposing MMMMMMMMMMMM was\nhurt by its frostbite!
Battle String ID 594: The opposing MMMMMMMMMMMM\ngot frostbite!
Battle String ID 595: The opposing MMMMMMMMMMMM's\nUnremarkable?Teacup cured\lits frostbite!
Battle String ID 596: The opposing MMMMMMMMMMMM cured its\nfrostbite through sheer\ldetermination so you wouldn't worry!
Battle String ID 597: The opposing MMMMMMMMMMMM's\nfrostbite was cured!
Battle String ID 598: The opposing MMMMMMMMMMMM's\nNature's?Madness cured its frostbite!
Battle String ID 599: The opposing MMMMMMMMMMMM used\nits Mirror Herb to mirror its\lopponent's stat changes!
Battle String ID 600: It started to snow!
Battle String ID 601: Snow continues to fall.
Battle String ID 602: The snow stopped.
Battle String ID 603: It started to snow!
Battle String ID 604: The opposing MMMMMMMMMMMM corroded\nthe opposing MMMMMMMMMMMM's\lUnremarkable?Teacup!
Battle String ID 605: Bright light is about to burst out\nof the opposing MMMMMMMMMMMM!
Battle String ID 606: The opposing MMMMMMMMMMMM regained\nits true power through Ultra Burst!
Battle String ID 607: The rest of your team gained Exp.\nPoints thanks to the Exp. Share!\p
Battle String ID 608: Nature's?Madness cannot be used!\p
Battle String ID 609: The opposing MMMMMMMMMMMM\nis being salt cured!
Battle String ID 610: The opposing MMMMMMMMMMMM is\nhurt by Nature's?Madness!
Battle String ID 611: The opposing MMMMMMMMMMMM got\ncovered in sticky candy syrup!
Battle String ID 612: Sharp-pointed pieces of steel\nstarted floating around the?opposing\lPok?mon!
Battle String ID 613: The sharp steel bit into the\nopposing MMMMMMMMMMMM!
Battle String ID 614: The opposing MMMMMMMMMMMM\nblew away sharp steel!
Battle String ID 615: The pieces of steel surrounding\nthe?opposing Pok?mon disappeared!
Battle String ID 616: The?opposing Pok?mon got\ntrapped with vines!
Battle String ID 617: The opposing MMMMMMMMMMMM is hurt by\nG-Max Vine Lash's ferocious beating!
Battle String ID 618: The?opposing Pok?mon got caught\nin a vortex of water!
Battle String ID 619: The opposing MMMMMMMMMMMM is hurt\nby G-Max Cannonade's vortex!
Battle String ID 620: The?opposing Pok?mon were\nsurrounded by fire!
Battle String ID 621: The opposing MMMMMMMMMMMM is burning\nup within G-Max Wildfire's flames!
Battle String ID 622: The?opposing Pok?mon became\nsurrounded by rocks!
Battle String ID 623: The opposing MMMMMMMMMMMM is hurt by\nrocks thrown out by G-Max Volcalith!
Battle String ID 624: The move was blocked by the\npower of Dynamax!
Battle String ID 625: The opposing MMMMMMMMMMMM underwent\na heroic transformation!
Battle String ID 626: The two moves have become one!\nIt's a combined move!???
Battle String ID 627: A rainbow appeared in the sky on\nthe?opposing team's side!
Battle String ID 628: The rainbow on the?opposing\nteam's side disappeared!
Battle String ID 629: The opposing MMMMMMMMMMMM is waiting\nfor MMMMMMMMMMMM's move...???
Battle String ID 630: A sea of fire enveloped\nthe?opposing team!
Battle String ID 631: The opposing MMMMMMMMMMMM was\nhurt by the sea of fire!
Battle String ID 632: The sea of fire around the?opposing\nteam disappeared!
Battle String ID 633: A swamp enveloped the?opposing team!
Battle String ID 634: The swamp around the?opposing\nteam disappeared!
Battle String ID 635: The opposing MMMMMMMMMMMM\nis preparing to tell a chillingly\lbad joke!
Battle String ID 636: The opposing MMMMMMMMMMMM drank\ndown all the matcha that the opposing\lMMMMMMMMMMMM made!
Battle String ID 637: The opposing MMMMMMMMMMMM\nabsorbed electricity!
Battle String ID 638: The Unremarkable?Teacup was used up...
Battle String ID 639: The opposing MMMMMMMMMMMM\nlost its Electric type!
Battle String ID 640: The opposing MMMMMMMMMMMM shed\nits tail to create a decoy!
Battle String ID 641: The opposing MMMMMMMMMMMM became\ncloaked in a harsh light!
Battle String ID 642: A supersweet aroma is wafting\nfrom the syrup covering the opposing\lMMMMMMMMMMMM!
Battle String ID 643: The dimensions were twisted!
Battle String ID 644: A bizarre area was created\nin which Pok?mon's held items\llose their effects!
Battle String ID 645: A bizarre area was created\nin which Defense and Sp. Def\lstats are swapped!
Battle String ID 646: Tidying up complete!
Battle String ID 647: The opposing MMMMMMMMMMMM\nterastallized into the Electric type!
Battle String ID 648: The opposing MMMMMMMMMMMM used\nits Unremarkable?Teacup to activate\lSupersweet?Syrup!
Battle String ID 649: Fog crept up as thick as soup!
Battle String ID 650: The fog is deep...
Battle String ID 651: The fog lifted.
Battle String ID 652: The opposing MMMMMMMMMMMM\nmade its shell gleam! It's distorting\ltype matchups!
Battle String ID 653: The opposing MMMMMMMMMMMM is going\nall out for this attack!
Battle String ID 654: The opposing MMMMMMMMMMMM was\nswallowed by  and became 's commander!
Battle String ID 655: JOHNNY played the\nUnremarkable?Teacup.\pNow, that's a catchy tune!
Battle String ID 656: JOHNNY played the\nUnremarkable?Teacup.
Battle String ID 657: The Pok?mon hearing the flute awoke!
Battle String ID 658: The sunlight is harsh!
Battle String ID 659: It's hailing!
Battle String ID 660: It's snowing!
Battle String ID 661: The battlefield is covered with grass!
Battle String ID 662: Mist swirls around the battlefield!
Battle String ID 663: An electric current is running\nacross the battlefield!
Battle String ID 664: The battlefield seems weird!
Battle String ID 665: Waggling a finger let it use\nNature's?Madness!
Battle String ID 666: Sleep Clause kept the opposing\nMMMMMMMMMMMM awake!
Battle String ID 667: It's super effective on the opposing\nMMMMMMMMMMMM and MMMMMMMMMMMM!
Battle String ID 668: It's not very effective on\nthe opposing MMMMMMMMMMMM\land MMMMMMMMMMMM!
Battle String ID 669: Add MMMMMMMMMMMM to your party?
Battle String ID 670:  was sent to\nsomeone's PC.\pIt was placed in \nBOX "".
Battle String ID 671: The opposing MMMMMMMMMMMM grew\nhuge into its Dynamax form!
Battle String ID 672: The opposing MMMMMMMMMMMM grew huge\ninto its Gigantamax form!
Battle String ID 673: Time to Dynamax!
Battle String ID 674: Time to Gigantamax!
Battle String ID 675: Would you like to give up on\nthis battle and quit now? Quitting\lthe battle is the same as losing\lthe battle.
Battle String ID 676: You sense the presence of many!
Battle String ID 677: The opposing MMMMMMMMMMMM\ntransformed into its Complete Forme!
Battle String ID 678: The opposing MMMMMMMMMMMM's Ability\nis protected by the effects of its\lUnremarkable?Teacup!
Battle String ID 679: The opposing MMMMMMMMMMMM\nis too scared to move!
Battle String ID 680: GHOST? Get out...... Get out......
Battle String ID 681: SILPH SCOPE unveiled the GHOST's\nidentity!
Battle String ID 682: The GHOST was MAROWAK!\p
Battle String ID 683: RED? MMMMMMMMMMMM, come back!
Battle String ID 684: JOHNNY threw a ROCK\nat the MMMMMMMMMMMM!
Battle String ID 685: JOHNNY threw some BAIT\nat the MMMMMMMMMMMM!
Battle String ID 686: MMMMMMMMMMMM is angry!
Battle String ID 687: MMMMMMMMMMMM is eating!
Battle String ID 688: The opposing MMMMMMMMMMMM's\ndisguise was busted!
Battle String ID 689: Supersweet?Syrup triggered!
Battle String ID 690: Supersweet?Syrup ended!
Battle String ID 691: The opposing MMMMMMMMMMMM\nwas cured of paralysis!
Battle String ID 692: The opposing MMMMMMMMMMMM was\ncured of its poisoning!
Battle String ID 693: The opposing MMMMMMMMMMMM's\nburn was cured!
Battle String ID 694: The opposing MMMMMMMMMMMM woke up!
Battle String ID 695: The opposing MMMMMMMMMMMM snapped\nout of its confusion!
Battle String ID 696:  was cured of paralysis!
Battle String ID 697:  was cured of its poisoning!
Battle String ID 698: 's burn was cured!
Battle String ID 699:  woke up!
Battle String ID 700:  thawed out!
Battle String ID 701: 's frostbite was cured!
Battle String ID 702: The opposing MMMMMMMMMMMM's\nAttack was not lowered!
Battle String ID 703: The?opposing team's Reflect wore off!
Battle String ID 704: The?opposing team's Light\nScreen wore off!
Battle String ID 705: The?opposing team's Aurora\nVeil wore off!
Battle String ID 706: The sticky web has disappeared\nfrom the ground around you!
[09] Large exp gains are supported: [32mPASS[0m
[04] Exp Share(held) gives Experience to mons which did not participate in battle: [32mPASS[0m
[17] Capture: Tranformed Pokemon get the catch rate of the copied species in gen 3/4: [32mPASS[0m
[03] Both player Pokemon gain experience in double battles: [32mPASS[0m
[19] Trainer Slide: Doubles: Player Lands First Critical Hit: [32mPASS[0m
[12] Species names fit on Pokemon Summary Screen: [32mPASS[0m
[19] Compression test: table generation 32 32: [32mPASS[0m
[11] Species names fit on Pokedex Screen: [32mPASS[0m
[19] Compression test: table generation 58 6: [32mPASS[0m
[03] Ghost battle: player cannot capture ghost (no Silph Scope): [32mPASS[0m
[19] Compression test: medium mode 2 lz: [32mPASS[0m
[02] Ally switch can only be used by the player in a 1v2 battle: [32mPASS[0m
[19] Compression test: Ledian LZ: [32mPASS[0m
[09] Moves fail if they target the partner but they faint before the move could have been used: [32mPASS[0m
[23] Move descriptions fit on Pokemon Summary Screen: [32mPASS[0m
[04] Toxic Spikes can be removed after fainting to other hazards: [32mPASS[0m
[17] Sleep Clause: Magic Bounce'ing a sleep move activates sleep clause, and fails if sleep clause is active: [32mPASS[0m
[13] Critical hits deal 100% (Gen 1-5) or 50% (Gen 6+) more damage: [32mPASS[0m
[10] End Turn Effects: New mons will switch in after if previous mons died due to hazards: [32mPASS[0m
[11] Battle Message: STRINGID_INTROMSG, STRINGID_INTROSENDOUT, STRINGID_RETURNMON, and STRINGID_SWITCHINMON (AI Singles): [32mPASS[0m
[03] Hazards can trigger Emergency Exit and other hazards don't activate: [32mPASS[0m
[12] Battle Message: STRINGID_INTROMSG, STRINGID_INTROSENDOUT, STRINGID_RETURNMON, and STRINGID_SWITCHINMON (Singles): [32mPASS[0m
[00] Badge boost: B_FLAG_BADGE_BOOST_SPATK boost Special Attack: [32mPASS[0m
[04] Ally switch fails when used by either side in a multibattle: [32mPASS[0m
[10] Evolution Tracker: Pawniard KO-ing a Bisharp that holds Leader's Crest doesn't increase tracker: [32mPASS[0m
[22] Player does whiteout in a multibattle if the Partner still has Pokemon (Multi; Full Team; Gen3): [32mPASS[0m
[29] (Pokerus) Test CheckMonHasHadPokerus general behavior: [32mPASS[0m
[19] Aerilate doesn't affect damaging Z-Move types: [32mPASS[0m
[09] Player does whiteout in a multibattle if the Partner still has Pokemon (Multi; Half Team; Gen3): [32mPASS[0m
[29] Random mon generation filters banned hold effects from a small pool: [32mPASS[0m
[12] End Turn Effects: First Event Block is executed correctly (2v1): [32mPASS[0m
[11] End Turn Effects: First Event Block is executed correctly (1v2): [32mPASS[0m
[03] Ally switch can only be used by the opponent in a 2v1 battle: [32mPASS[0m
[29] Ability names fit on Pokemon Summary Screen: [32mPASS[0m
[19] Anger Point does not trigger when a substitute takes the hit (Gen5+): [32mPASS[0m
[02] AdditionalEffect.chance controls the proportion of secondary effects: [32mPASS[0m
[30] Species dex entries fit on Pokedex Screen: [32mPASS[0m
[10] Exp is scaled to player and opponent's levels: [32mPASS[0m
[04] Player does whiteout in a multibattle if the Partner still has Pokemon (2v1; Full Team; Gen3): [32mPASS[0m
[12] Evolution Tracker: Bisharp KO-ing a Bisharp that doesn't hold Leader's Crest doesn't increase tracker: [32mPASS[0m
[19] Anticipation treats dynamic move types as their base type (Normal), Weather Ball: [32mPASS[0m
[13] Sleep Clause: Sleep Clause does not prevent sleeping your partner Pokémon with Yawn: [32mPASS[0m
[11] Evolution Tracker: Bisharp KO-ing a non-Bisharp that holds Leader's Crest doesn't increase tracker: [32mPASS[0m
[00] Spread Moves: A spread move attack will be weakened by strong winds on both targets: [32mPASS[0m
[00] Trainer Party Pool can choose which functions to use for picking mons: [32mPASS[0m
[00] Difficulty default to Normal if the trainer doesn't have a member for the current difficulty: [32mPASS[0m
[02] Sleep Clause: Rest can still be used when sleep clause is active: [32mPASS[0m
[11] Ghost battle: Intro plays correctly (with Silph Scope): [32mPASS[0m
[09] Player does not whiteout in a multibattle if the Partner still has Pokemon (Multi; Half Team; Gen4+): [32mPASS[0m
[02] Spread Moves: Earthquake fails due to accuracy in order of ally, left foe, right foe: [32mPASS[0m
[12] Lucky Egg boosts gained exp points by 50%: [32mPASS[0m
[09] Sleep Clause: Opponent Spore'ing player's partner after partner was Yawn'd by player does not prevent Spore's effect from sleeping partner and activating clause: [32mPASS[0m
[13] Sleep Clause: Waking up after Rest doesn't deactivate sleep clause (Doubles): [32mPASS[0m
[04] Player does not whiteout in a multibattle if the Partner still has Pokemon (2v1; Half Team; Gen4+): [32mPASS[0m
[00] Trainer Slide: Multi: Enemy Lands First Critical Hit: [32mPASS[0m
[05] Damage calculation matches Gen5+ (Marshadow vs Mawile): [32mPASS[0m
[00] Trainer Slide: Singles: Enemy Mon Unaffected: [32mPASS[0m
[22] Player does whiteout in a multibattle even if the Partner still has Pokemon (Multi; Full Team; Gen4+): [32mPASS[0m
[02] Spread Moves: A spread move attack will activate both resist berries: [32mPASS[0m
[00] Compression test: table generation 41 23: [32mPASS[0m
[10] Hazards are applied correctly after a battler faints: [32mPASS[0m
[02] Trainer Party Pool uses standard party creation if pool is illegal: [32mPASS[0m
[00] Compression test: medium mode 5 smol: [32mPASS[0m
[00] Compression test: small mode 1 smol: [32mPASS[0m
[00] Compression test: complex battle sprite smol: [32mPASS[0m
[19] Aroma Veil protects the Pokémon's side from Destiny Knot infatuation: [32mPASS[0m
[04] Sleep Clause remains active when a partner's Chesto Berry cures sleep: [32mPASS[0m
[05] Spread Moves: Earthquake fails in order of ally, left foe, right foe: [32mPASS[0m
[01] Badge boost: B_FLAG_BADGE_BOOST_ATTACK boost Attack: [32mPASS[0m
[06] Damage calculation matches Gen6+ (Muscle Band, crit): [32mPASS[0m
[21] (Pokerus) Test PartySpreadPokerus when POKERUS_SPREAD_DAYS_LEFT is set to GEN2: [32mPASS[0m
[21] Shuffle randomizes the array [Shuffle8]: [32mPASS[0m
[22] Sleep Clause: If both Pokémon on one side are Yawn'd at the same time, one will fall asleep and the other will not: [32mPASS[0m
[21] BuildOamBuffer faster with max sprites (equal y/subpriority): [32mPASS[0m
newBuildOamBuffer: 415 ticks, oldBuildOamBuffer: 525 ticks
[08] Transformed Pokemon gives the experience points of the copied species in Gen 3 and 4: [32mPASS[0m
[07] Damage calculation matches Gen5+: [32mPASS[0m
[04] Sleep Clause: Yawn'd Pokémon who's partner is slept before Yawn triggers will not fall asleep due to sleep clause being activated: [32mPASS[0m
[05] Spread Moves: Ability and Item effects activate correctly after a multi target move: [32mPASS[0m
[03] Accuracy controls the proportion of misses: [32mPASS[0m
[05] Trainer Party Pool picks according to custom rules: [32mPASS[0m
[05] CreateNPCTrainerPartyForTrainer generates different personalities for different mons: [32mPASS[0m
[11] Hazards are applied based on order of set up: [32mPASS[0m
[19] Beads of Ruin reduces Sp. Def if opposing mon's ability doesn't match (Neutralizing switches in and out): [32mPASS[0m
[06] Spread Moves: AOE ground type move vs Levitate and Air Balloon: [32mPASS[0m
[02] ModifyPersonalityForNature can set any nature: [32mPASS[0m
[21] Item plural names fit on Bag Screen (left box): [32mPASS[0m
[13] Sleep Clause: Sleep clause is deactivated when a sleeping mon is sent out, has Trace, and Traces Insomnia / Vital spirit: [32mPASS[0m
[22] Sleep Clause: AI will use sleep moves again when sleep clause has been deactivated: [32mPASS[0m
[05] Trainer Slide: Doubles: Dynamax: [32mPASS[0m
[01] Spread Moves: If a spread move attack will activate a resist berries on one Pokémon, only the damage for that mon will be reduced: [32mPASS[0m
[01] Trainer Party Pool can be pruned before picking: [32mPASS[0m
[01] Trainer Class Balls apply to the entire party: [32mPASS[0m
[22] Sleep Clause: Sleep clause is deactivated when a sleeping mon is woken up by using an item: [32mPASS[0m
[10] Critical hits ignore negative stat stages: [32mPASS[0m
[16] Turn order is determined randomly if priority and Speed tie [singles]: [32mPASS[0m
[07] Spread Moves: Focus Sash activates correctly: [32mPASS[0m
[03] Trainer Slide: Singles: Player Lands First STAB Hit: [32mPASS[0m
[00] Aerilate doesn't affect Weather Ball's type: [32mPASS[0m
[03] Compression test: table generation 44 20: [32mPASS[0m
[08] Sleep Clause: Sleep clause is deactivated when a sleeping mon is woken up by Flinging a held item: [32mPASS[0m
[05] Trainer Slide: Singles: Player Lands First Critical Hit: [32mPASS[0m
[05] Compression test: table generation 46 18: [32mPASS[0m
[06] Type-absorbing abilities only increase a stat once after AI checks: [32mPASS[0m
[05] Compression test: medium mode 4 lz: [32mPASS[0m
[05] Compression test: small mode 0 lz: [32mPASS[0m
[03] Compression test: large mode 4 lz: [32mPASS[0m
[05] Compression test: tileset fastSmol: [32mPASS[0m
[02] Trainer Slide: Multi: Before First Turn: [32mPASS[0m
[03] Compression test: medium mode 0 lz: [32mPASS[0m
[03] Compression test: simple battle sprite LZ: [32mPASS[0m
[16] Sleep Clause: Magic Bounce reflecting Dark Void only sleeps one opposing Pokémon: [32mPASS[0m
[13] Sleep Clause: Sleep clause is deactivated when a sleeping mon is woken up forcefully by a move from an opponent: [32mPASS[0m
[01] Trainer Slide: Multi: Player Lands First Critical Hit: [32mPASS[0m
[05] Aftermath ability pop-up will be displayed correctly: player point of view: [32mPASS[0m
[05] Anticipation considers Scrappy and Normalize into their effectiveness (Gen4): [33mTO_DO[0m
[22] Sleep Clause: Sleep clause is deactivated when a sleeping mon is woken up by Hydration in the rain: [32mPASS[0m
[00] Battery increases Sp. Attack damage of allies by ~30%: [32mPASS[0m
[10] Sleep Clause: Spore'ing opponent after Yawn'ing partner does not prevent Yawn's effect from sleeping partner: [32mPASS[0m
[14] Capture: ball data is properly set in captured pokemon: [32mPASS[0m
[06] Trainer Slide: Doubles: Z Move: [32mPASS[0m
[07] Type-absorbing ability checks don't queue stat increases: [32mPASS[0m
[02] Trainer Slide: Singles: Player Lands First Super Effective Hit: [32mPASS[0m
[21] Capture: Incapacitated catch bonus apply correcly with all gen configs: [32mPASS[0m
[02] Compression test: table generation 43 21: [32mPASS[0m
[05] Anticipation causes notifies if an opponent has a One-hit KO move: [32mPASS[0m
[02] Compression test: small mode 5 smol: [32mPASS[0m
[11] Critical hits do not ignore positive stat stages: [32mPASS[0m
[02] Compression test: large mode 0 smol: [32mPASS[0m
[08] Sleep Clause: Moves with sleep effect chance will activate sleep clause: [32mPASS[0m
[02] Compression test: simple battle sprite fastLZ: [32mPASS[0m
[01] Trainer Slide: Singles: Player Lands First Down: [32mPASS[0m
[01] Compression test: table generation 42 22: [32mPASS[0m
[01] Compression test: small mode 5 lz: [32mPASS[0m
[00] Beast Boost doesn't consider held items: [32mPASS[0m
[01] Compression test: large mode 0 lz: [32mPASS[0m
[01] Compression test: simple battle sprite fastSmol: [32mPASS[0m
[04] Sleep Clause: Sleep clause is deactivated when a sleeping mon is sent out and transforms into a mon with Insomnia / Vital spirit: [33mKNOWN_FAILING[0m
test/battle/sleep_clause.c:1133: Did you mean: MESSAGE("The opposing Ditto transformed?into Zigzagoon!")
test/battle/sleep_clause.c:1133: Did you mean: MESSAGE("The opposing Ditto transformed?into Delibird!")
test/battle/sleep_clause.c:1133: Unmatched MESSAGE("The opposing Ditto transformed into Zigzagoon using Imposter!")
[26] (Pokerus) Test PartySpreadPokerus: Pokerus can spread to and from eggs: [32mPASS[0m
[03] Aerilate turns a Normal-type move into Flying-type move: [32mPASS[0m
[21] Ghost battle: Player cannot use select moves: [32mPASS[0m
[26] Random mon generation supports held item filter funcs: [32mPASS[0m
[26] Type names fit on Battle Screen: [32mPASS[0m
[03] Anticipation doesn't trigger from Counter, Metal Burst or Mirror Coat (Gen4): [33mTO_DO[0m
[06] Trainer Slide: Singles: Before First Turn: [32mPASS[0m
[07] Trainer Slide: Doubles: Mega Evolution: [32mPASS[0m
[06] Compression test: table generation 47 17: [32mPASS[0m
[07] Compression test: tilemap large LZ VRAM: [32mPASS[0m
[07] Compression test: table generation 48 16: [32mPASS[0m
[06] Compression test: medium mode 4 smol: [32mPASS[0m
[07] Compression test: small mode 4 lz: [32mPASS[0m
[30] Badge boost: B_FLAG_BADGE_BOOST_SPDEF boost Special Defense: [32mPASS[0m
[07] Compression test: bubbles fastSmol: [32mPASS[0m
[08] Spread Moves: Unless move hits every target user will not include partner in the target count: [32mPASS[0m
[06] Compression test: small mode 0 smol: [32mPASS[0m
[05] Bad Dreams does not leave subsequent ABILITY_POPUP: [32mPASS[0m
[07] Compression test: tileset LZ: [32mPASS[0m
[06] Compression test: tileset fastLZ: [32mPASS[0m
[07] Analytic does not take into account modifications to speeed an priority (Gen 8): [33mTO_DO[0m
[22] Sleep Clause: Moves with sleep effect chance will still do damage when sleep clause active, but won't sleep: [32mPASS[0m
[26] Move names fit on Contest Screen: [32mPASS[0m
[21] Moves do not fail if an alive partner is the target: [32mPASS[0m
[23] Crit Chance: Raising critical hit rate to 3 guarantees a critical hit (Gen 6+): [32mPASS[0m
[11] Sleep Clause: Sleep moves used after being Encore'd are prevented when sleep clause is active: [32mPASS[0m
[07] Anticipation considers Inverse Battle types: [32mPASS[0m
[03] Anticipation doesn't consider Normalize into their effectiveness (Gen5+): [32mPASS[0m
[06] Aftermath damages the attacker by 1/4th of its max HP if fainted by a contact move: [32mPASS[0m
[05] Battle Bond increases Atk, SpAtk and Speed by 1 stage (Gen9+): [32mPASS[0m
[06] Anticipation causes notifies if an opponent has a Self-Destruct or Explosion (Gen4): [33mTO_DO[0m
[14] Anticipation treats dynamic move types as their base type (Normal), Revelation Dance: [32mPASS[0m
[07] Anticipation causes notifies if an opponent has a super-effective move: [32mPASS[0m
[22] Sleep Clause: AI will not use sleep move if partner is already using a sleep move: [32mPASS[0m
[30] Spread Moves: AOE move vs Disguise, Volt Absorb (right) and Lightning Rod (left): [32mPASS[0m
[06] Anticipation does not trigger even when a move is super effective on only 1 type: [32mPASS[0m
[21] Turn order is determined by Speed if priority ties: [32mPASS[0m
[30] CreateNPCTrainerPartyForTrainer generates default moves if no moves are specified: [32mPASS[0m
[30] Difficulty changes which party is used for enemy trainer if defined for the difficulty (HARD): [32mPASS[0m
[01] Aerilate boosts power of affected moves by 20% (Gen7+) or 30% (Gen1-6): [32mPASS[0m
[29] Badge boost: B_FLAG_BADGE_BOOST_SPEED boost Speed: [32mPASS[0m
[05] Beast Boost considers Speed Swap: [32mPASS[0m
[08] Status setting abilities don't re-activate when a new mon switches in: [32mPASS[0m
[08] Trainer Party Pool picks a random lead and a random ace if tags exist in the pool: [32mPASS[0m
[08] CreateNPCTrainerPartyForTrainer generates customized Pokémon: [32mPASS[0m
[19] Beast Boost boosts the most proficient stat when knocking out a target: [32mPASS[0m
[22] Spread Moves: Explosion, Gem Boosted, vs Resist Berries: [32mPASS[0m
[10] Sleep Clause: Mold Breaker Pokémon sleeping Vital Spirit / Insomnia activates sleep clause: [32mPASS[0m
[00] Berserk activates only if the target had more than 50% of its HP: [32mPASS[0m
[05] Big Pecks doesn't prevent Defense stage reduction from moves used by the user: [32mPASS[0m
[23] Anger Shell does not activate if move is boosted by Sheer Force: [32mPASS[0m
[07] Bad Dreams faints both sleeping Pokemon on player side: [32mPASS[0m
[30] Trainer Slide: Multi: Player Lands First Super Effective Hit: [32mPASS[0m
[04] Sleep Clause: Sleep clause is deactivated when a sleeping mon is woken up by using Sleep Talk into a status curing move: [32mPASS[0m
[22] Changing forms doesn't overwrite set stats (HP): [32mPASS[0m
[22] Difficulty changes which party is used for partner if defined for the difficulty (EASY): [32mPASS[0m
[03] Aura Break inverts Dark Aura's effect: [32mPASS[0m
[08] Trainer Slide: Doubles: Last Low Hp: [32mPASS[0m
[27] (Pokerus) Test PartySpreadPokerus general behavior: [32mPASS[0m
[08] Compression test: tilemap large smolTM VRAM: [32mPASS[0m
[27] Random mon generation forbids key items and zero-price TMs/HMs: [32mPASS[0m
[19] Commander prevent Dondozo from switch out by Dragon Tail: [32mPASS[0m
[08] Compression test: table generation 49 15: [32mPASS[0m
[08] Compression test: small mode 4 smol: [32mPASS[0m
[06] Bad Dreams faints both sleeping Pokemon on opponent side: [32mPASS[0m
[08] Compression test: bubbles fastLZ: [32mPASS[0m
[08] Compression test: tileset smol: [32mPASS[0m
[27] Ability descriptions fit on Pokemon Summary Screen: [32mPASS[0m
[29] Spread Moves: AOE move vs Disguise, Volt Absorb (left) and Lightning Rod (right): [32mPASS[0m
[23] Anticipation considers Freeze-Dry as an ordinary Ice-type move: [32mPASS[0m
[08] Analytic takes into account modifications to speeed an priority (Gen 5-8): [33mTO_DO[0m
[30] Trainer Slide: Singles: Last Half Hp: [32mPASS[0m
[30] Compression test: table generation 39 25: [32mPASS[0m
[10] Sleep Clause: Sleep clause is deactivated when a sleeping mon is woken up by using a held item: [32mPASS[0m
[30] Compression test: large mode 5 smol: [32mPASS[0m
[30] Compression test: medium mode 1 smol: [32mPASS[0m
[00] Commander increases all stats by 2 stages once it is triggered: [32mPASS[0m
[30] Compression test: complex battle sprite fastLZ: [32mPASS[0m
[02] Aerilate can not turn certain moves into Flying type moves: [32mPASS[0m
[19] Commander prevents Red Card from working while Commander is active: [32mPASS[0m
[27] Move names fit on Battle Screen: [32mPASS[0m
[29] Forced abilities activate on switch-in: [32mPASS[0m
[29] Difficulty changes which party is used for enemy trainer if defined for the difficulty (NORMAL): [32mPASS[0m
[19] Competitive activates after Sticky Web lowers Speed: [32mPASS[0m
[05] Clear Body, Full Metal Body, and White Smoke don't prevent Spectral Thief from resetting positive stat changes: [32mPASS[0m
[11] Sleep Clause: Suppressing and then sleeping Vital Spirit / Insomnia and switching back in deactivates sleep clause: [32mPASS[0m
[21] Player does whiteout in a multibattle if the Partner still has Pokemon (2v1; Full Team; Gen3): [32mPASS[0m
[00] Sticky Web raises Speed by 1 for Contrary mon on switch-in: [32mPASS[0m
[08] Anticipation treats Hidden Power as its dynamic type (Gen6+): [33mKNOWN_FAILING[0m
test/battle/ability/anticipation.c:333: Unmatched ABILITY_POPUP
[03] Battle Armor and Shell Armor block critical hits: [32mPASS[0m
[22] Trainer Slide: Multi: Last Switchin: [32mPASS[0m
[02] Big Pecks doesn't prevent receiving negative Defense stage changes from Baton Pass: [32mPASS[0m
[00] Corrosion does not effect poison type damaging moves if the target is immune to it: [32mPASS[0m
[08] Arena Trap doesn't prevent switch outs from Ghost-type Pokémon (Gen6+): [32mPASS[0m
[23] Aroma Veil protects the Pokémon's side from Disable: [32mPASS[0m
[07] Battle Bond transforms opponent's Greninja - Singles: [32mPASS[0m
[19] Corrosion's effect is lost if the move used by the Pokémon with the ability is reflected by Magic Coat: [32mPASS[0m
[22] Trainer Slide: Singles: Z Move: [32mPASS[0m
[02] Chlorophyll doesn't double speed if Cloud Nine/Air Lock is on the field: [32mPASS[0m
[22] Compression test: table generation 35 29: [32mPASS[0m
[02] Cloud Nine/Air Lock prevent basic weather effects, but without them disappearing - Fog: [33mTO_DO[0m
[22] Compression test: table generation 61 3: [32mPASS[0m
[03] Big Pecks doesn't prevent Spectral Thief from resetting positive Defense stage changes: [32mPASS[0m
[22] Compression test: small mode 2 smol: [32mPASS[0m
[22] Compression test: Gossifleur fastLZ: [32mPASS[0m
[07] Cloud Nine/Air Lock prevent basic weather effects, but without them disappearing - Rain: [33mTO_DO[0m
[15] Turn order is determined randomly if priority and Speed tie [doubles]: [32mPASS[0m
[04] Spread Moves: No damage will be dealt to a mon in an invulnerable position: [32mPASS[0m
[01] Mold Breaker, Teravolt and Turboblaze ignore Battle Armor and Shell Armor: [32mPASS[0m
[29] Trainer Slide: Multi: Player Lands First Down: [32mPASS[0m
[02] Color Change does not change the type of a dual-type Pokemon when hit by a move that shares its secondary type: [32mPASS[0m
[19] Cud Chew will activate Kee Berry effect again on the next turn: [32mPASS[0m
[08] Bad Dreams activates for both sleeping Pokémon on the player side: [32mPASS[0m
[07] Color Change changes the type of a Pokemon being hit by a move if the type of the move and the Pokemon are different: [32mPASS[0m
[30] Aerilate doesn't affect Judgment / Techno Blast / Multi-Attack's type: [32mPASS[0m
[03] Chlorophyll doubles speed if it's sunny: [32mPASS[0m
[03] Cloud Nine/Air Lock prevent basic weather effects, but without them disappearing - Snow: [33mTO_DO[0m
[14] Arena Trap doesn't prevent switch outs via moves that switch out: [32mPASS[0m
[04] Trainer Slide: Singles: Enemy Lands First Critical Hit: [32mPASS[0m
[23] Beads of Ruin doesn't activate when dragged out by Mold Breaker attacker: [32mPASS[0m
[29] Trainer Slide: Singles: Last Low Hp: [32mPASS[0m
[02] Commander will not activate in a multi battle: [32mPASS[0m
[04] Compression test: table generation 45 19: [32mPASS[0m
[29] Compression test: table generation 38 26: [32mPASS[0m
[04] Compression test: large mode 4 smol: [32mPASS[0m
[29] Compression test: large mode 5 lz: [32mPASS[0m
[05] Commander still blocks forced switch after swallowed Tatsugiri faints: [32mPASS[0m
[04] Compression test: medium mode 0 smol: [32mPASS[0m
[29] Compression test: medium mode 1 lz: [32mPASS[0m
[06] Battle Bond transforms player's Greninja when fainting its Ally: [32mPASS[0m
[04] Compression test: simple battle sprite smol: [32mPASS[0m
[29] Compression test: complex battle sprite fastSmol: [32mPASS[0m
[22] Aerilate changes Tera Blast's type when not Terastallized: [32mPASS[0m
[11] Sleep Clause: Sleep clause is deactivated when a sleeping mon is woken up by Healer: [32mPASS[0m
[03] Color Change does not change the type of a dual-type Pokemon when hit by a move that shares its primary type: [32mPASS[0m
[06] Cloud Nine/Air Lock prevent basic weather effects, but without them disappearing - Hail: [33mTO_DO[0m
[23] Cheek Pouch doesn't activate when user uses Fling: [32mPASS[0m
[01] Commander only activates for the opponent side in a 2v1 battle: [32mPASS[0m
[29] Aerilate doesn't affect Hidden Power's type: [32mPASS[0m
[30] Aroma Veil protects the Pokémon's side from ally Taunt: [32mPASS[0m
[04] Aftermath ability pop-up will be displayed correctly: opponent point of view: [32mPASS[0m
[29] Anticipation treats Hidden Power as Normal Type (Gen4-5): [33mTO_DO[0m
[04] Anticipation considers Gravity into their effectiveness (Gen4): [33mTO_DO[0m
[06] Color Change does not change the type when hit by a move that's the same type as itself: [32mPASS[0m
[21] Player does whiteout in a multibattle even if the Partner still has Pokemon (2v1; Full Team; Gen4+): [32mPASS[0m
[07] Commander clears when Dondozo is replaced and Tatsugiri can be hit: [32mPASS[0m
[22] Anger Point raises Attack stage to maximum after receiving a critical hit: [32mPASS[0m
[02] Commander doesn't prevent Imposter from working on a Commander Tatsugiri: [32mPASS[0m
[04] Anticipation treats Self-Destruct and Explosion like all other Normal types (Gen5+): [32mPASS[0m
[25] Transistor Damage calculation: [32mPASS[0m
[29] Anticipation doesn't consider Gravity into their effectiveness (Gen5+): [32mPASS[0m
[30] Battery does not increase its own Sp. Attack damage: [32mPASS[0m
[19] Dancer doesn't activate Feather Dance if it was reflected by Magic Bounce/Coat: [32mPASS[0m
[22] Anticipation considers Flying Press as an ordinary Fighting-type move: [32mPASS[0m
[21] Sleep Clause: Reflection moves (ie. Magic Coat) fail if sleep clause is active and they reflect a sleep move: [32mPASS[0m
[03] Red Card is still consumed but cannot force out Dondozo after swallowed Tatsugiri faints: [32mPASS[0m
[15] Sleep Clause: Sleep Clause does not prevent sleeping your partner Pokémon with sleep effects: [32mPASS[0m
[02] Competitive doesn't activate when an opposing stat drop fails at minimum stage: [32mPASS[0m
[05] Competitive doesn't activate if the pokemon lowers it's own stats: [32mPASS[0m
[07] Commander Tatsugiri is not damaged by a double target move if Dondozo faints: [32mPASS[0m
[14] Commander cancels Tatsugiri's pending Mega Evolution: [32mPASS[0m
[11] Sleep Clause: Psycho Shift'ing sleep will activate sleep clause: [32mPASS[0m
[00] Costar copies an ally's stat stages after their ability activates upon entering battle: [32mPASS[0m
[30] Beads of Ruin reduces Sp. Def if opposing mon's ability doesn't match: [32mPASS[0m
[08] Battle Bond transforms player's Greninja - Singles: [32mPASS[0m
[06] Commander does not clear semi-invulnerability of non-Tatsugiri partner: [32mPASS[0m
[08] Cloud Nine/Air Lock prevent basic weather effects, but without them disappearing - Sun: [33mTO_DO[0m
[22] Aroma Veil protects the Pokémon's side from Cursed Body: [32mPASS[0m
[05] Cursed Body cannot disable Struggle: [32mPASS[0m
[01] Commander Tatsugiri faints from Perish Song if it heard the song before being swallowed: [32mPASS[0m
[19] Dancer can copy Teeter Dance and confuse both opposing targets: [32mPASS[0m
[23] Clear Body, Full Metal Body, and White Smoke prevent Sticky Web effect on switchin: [32mPASS[0m
[04] Aura Break inverts Fairy Aura's effect: [32mPASS[0m
[11] Sleep Clause: Rest does not activate sleep clause (Doubles): [32mPASS[0m
[21] Sleep Clause: Sleep clause is deactivated when a sleeping mon is woken up with G-Max Sweetness: [32mPASS[0m
[02] Contrary raises a stat after using a move which would normally lower it: Growl: [32mPASS[0m
[25] Berserk activates before the hp can be restored on non multi hit moves: [32mPASS[0m
[15] Sleep Clause: Waking up after Rest doesn't deactivate sleep clause: [32mPASS[0m
[07] Competitive activates before White Herb: [32mPASS[0m
[03] Commander doesn't prevent Transform from working on a Commander Tatsugiri: [32mPASS[0m
[30] Berserk activates after all hits from a multi-hit move: [32mPASS[0m
[05] Dancer copies a status Z-Move's base move without gaining an additional Z-Power effect: [32mPASS[0m
[08] Comatose boosts Dream Ball's multiplier: [32mPASS[0m
[00] Dancer can still copy a move even if it's being forced into a different move - Rampage move: [32mPASS[0m
[25] Cheek Pouch doesn't activate when using Natural Gift: [32mPASS[0m
[01] Commander will activate once Dondozo switches in: [32mPASS[0m
[29] Aroma Veil protects the Pokémon's side from Torment: [32mPASS[0m
[14] Commander prevents Eject Pack from switching out Dondozo: [32mPASS[0m
[06] Commander Tatsugiri takes no damage from multi-target damaging moves: [32mPASS[0m
[03] Competitive doesn't activate when Room Service lowers Speed: [32mPASS[0m
[11] Spread Moves: Not very effective Message on both opposing mons: [32mPASS[0m
[30] Cheek Pouch restores 33% max HP: [32mPASS[0m
[30] Cloud Nine/Air Lock prevent basic weather effects, but without them disappearing - Primal Rain: [33mTO_DO[0m
[05] Dancer-called attacks have their type updated: [32mPASS[0m
[23] Commander Tatsugiri does not get hit by Dragon Darts when a commanded Dondozo faints: [32mPASS[0m
[08] Commander prevents Ally Switch from swapping Dondozo with Tatsugiri: [32mPASS[0m
[21] Sleep Clause: Sleep clause is deactivated when a sleeping mon faints: [32mPASS[0m
[00] Dancer doesn't trigger when an ally snatches the move: [32mPASS[0m
[06] Competitive activates for each stat that is lowered: [32mPASS[0m
[07] Corrosion can poison or badly poison a Steel type with a status poison effect: [32mPASS[0m
[04] Battle Bond increases a Stat even if only one can be increased (Gen9+): [32mPASS[0m
[15] Sleep Clause: Sleep clause is deactivated when a sleeping mon is woken up by gaining the ability Insomnia / Vital Spirit: [32mPASS[0m
[00] Dauntless Shield raises Defense by one stage: [32mPASS[0m
[29] Beads of Ruin's message displays correctly after all battlers fainted - Player: [32mPASS[0m
[14] Competitive activates when opposing Syrup Bomb lowers Speed at end of turn: [32mPASS[0m
[19] Dazzling, Queenly Majesty and Armor Tail protect the user from priority moves: [32mPASS[0m
[08] Competitive doesn't activate when partner's Octolock lowers stats at end of turn: [32mPASS[0m
[26] Gem boosted Damage calculation: [32mPASS[0m
[22] Ball Fetch causes the Pokémon to pick up the last failed Ball at the end of the turn: [32mPASS[0m
[19] Dragonize doesn't affect Max Strike's type: [33mTO_DO[0m
[01] Contrary lowers a stat after using a move which would normally raise it: Belly Drum: [32mPASS[0m
[30] Color Change changes the type when a Pokemon is hit by Future Sight: [32mPASS[0m
[21] Sleep Clause: Sleep clause is deactivated when a sleeping mon is woken up by Natural Cure: [32mPASS[0m
[04] Beast Boost doesn't consider stat stages: [32mPASS[0m
[29] Berserk does not activate if move is boosted by Sheer Force: [32mPASS[0m
[23] Commander cannot affect a Dondozo that was previously affected by Commander until it faints and revived: [32mPASS[0m
[07] Cursed Body triggers 30% of the time: [32mPASS[0m
[05] Mold Breaker ignores Dazzling, Queenly Majesty and Armor Tail: [32mPASS[0m
[00] Defiant activates when opposing Octolock lowers stats at end of turn: [32mPASS[0m
[03] Contrary lowers a stat after using a move which would normally raise it: Swords Dance: [32mPASS[0m
[06] Contrary raises stats after using a move which would normally lower them: Overheat: [32mPASS[0m
[04] Big Pecks doesn't prevent Topsy-Turvy: [32mPASS[0m
[29] Cheek Pouch restores HP after the berry's effect: [32mPASS[0m
[29] Cloud Nine/Air Lock prevent basic weather effects, but without them disappearing - Strong Winds: [33mTO_DO[0m
[22] Color Change does not change the type to Normal when a Pokemon is hit by Struggle: [32mPASS[0m
[02] Costar copies an ally's Focus Energy critical hit boost: [32mPASS[0m
[19] Dragonize doesn't affect Natural Gift's type: [32mPASS[0m
[27] Punching Glove vs Muscle Band Damage calculation: [32mPASS[0m
[22] Comatose makes Rest fail: [32mPASS[0m
[23] Compound Eyes does not affect OHKO moves: [32mPASS[0m
[00] Delta Stream doesn't activate if there's already strong winds: [32mPASS[0m
[29] Color Change changes the type when a Pokemon is hit by Doom Desire: [32mPASS[0m
[05] Disguised Mimikyu takes damage from Rocky Helmet without breaking the disguise: [32mPASS[0m
[26] Sleep Clause: AI will not use sleep moves while sleep clause is active (Doubles): [32mPASS[0m
[02] Dancer-called attacks do not trigger Life Orb if target is immune: [32mPASS[0m
[07] Dazzling, Queenly Majesty and Armor Tail on opponents block Teatime: [32mPASS[0m
[19] Emergency Exit activates and attacker's Throat Spray activates before replacement enters: [32mPASS[0m
[05] Dry Skin is only triggered once on multi strike moves: [32mPASS[0m
[21] Sleep Clause: Dire Claw cannot sleep a mon when sleep clause is active: [32mPASS[0m
[01] Costar copies an ally's Dragon Cheer critical hit boost: [32mPASS[0m
[03] Costar copies an ally's lowered stat stages: [32mPASS[0m
[05] Electric Surge creates Electric Terrain when entering the battle: [32mPASS[0m
[27] Sleep Clause: AI will not use sleep moves while sleep clause is active: [32mPASS[0m
[19] Emergency Exit switches out when going below 50% max-HP but healing via held item is not enough to go back above the threshold: [32mPASS[0m
[22] Commander Tatsugiri does not get hit by Dragon Darts when commanding Dondozo: [32mPASS[0m
[05] Emergency Exit activates when taking residual damage and falling under 50% max-hp (wild battle): [32mPASS[0m
[00] Disguised Mimikyu blocks a move after getting Gastro Acid Batton Passed: [32mPASS[0m
[08] Contrary raises Attack when Intimidated in a double battle: [32mPASS[0m
[30] Comatose prevents status-inducing moves: [32mPASS[0m
[26] Spread Moves: Spread move, Gem Boosted, vs Resist Berries: [32mPASS[0m
[21] Sleep Clause: Sleep moves fail when sleep clause is active: [32mPASS[0m
[14] Corrosion does not affect Poison Spikes: [32mPASS[0m
[03] Cursed Body can trigger if the attacker is behind a Substitute: [32mPASS[0m
[27] Spread Moves: AOE move vs Eiscue and Mimikyu (Based on vanilla games): [32mPASS[0m
[19] Flower Gift transforms Cherrim in harsh sunlight: [32mPASS[0m
[07] Disguised Mimikyu takes damage from secondary damage without breaking the disguise - Stealth Rock: [32mPASS[0m
[06] Costar copies an ally's Dragon Cheer critical hit boost: [32mPASS[0m
[26] Changing forms doesn't overwrite set stats (not HP): [32mPASS[0m
[01] Dancer doesn't trigger on a snatched move: [32mPASS[0m
[26] Difficulty default to Normal if the partner doesn't have a member for the current difficulty: [32mPASS[0m
[23] Curious Medicine resets ally's stat stages upon entering battle: [32mPASS[0m
[05] Flare Boost increases Sp. Attack by 50% when the Pokémon is burned: [32mPASS[0m
[07] Dry Skin heals 25% when hit by water type moves: [32mPASS[0m
[02] Dazzling, Queenly Majesty and Armor Tail do not block high-priority moves called by other moves: [32mPASS[0m
[00] Drizzle summons rain: [32mPASS[0m
[14] Cotton Down drops speed by one of all other battlers on the field: [32mPASS[0m
[07] Electromorphosis displays its message before fainting when triggered: [32mPASS[0m
[00] Emergency Exit activates when taking residual damage and falling under 50% max-hp (wild battle player side): [32mPASS[0m
[21] Spread Moves: Spread move vs Eiscue and Mimikyu with 1 Eject Button: [32mPASS[0m
[06] Dancer still triggers if another dancer flinches: [32mPASS[0m
[26] Trainer Slide: Multi: Enemy Mon Unaffected: [32mPASS[0m
[27] Setting level doesn't overwrite set stats: [32mPASS[0m
[27] Compression test: table generation 37 27: [32mPASS[0m
[27] Compression test: table generation 63 1: [32mPASS[0m
[30] Corrosion can poison a target with Synchronize and Synchronize will not poison Poison- or Steel-type Pokémon: [32mPASS[0m
[27] Compression test: large mode 1 smol: [32mPASS[0m
[27] Compression test: Gossifleur Smol: [32mPASS[0m
[23] Dancer-called move doesn't update move to be Instructed: [32mPASS[0m
[07] Emergency Exit activates when taking residual damage and battler doesn't get affected by events until replacement switches in: [32mPASS[0m
[26] Trainer Slide: Singles: Mega Evolution: [32mPASS[0m
[14] Cute Charm inflicts infatuation on contact: [32mPASS[0m
[29] Comatose may be suppressed if Pokémon transformed into a Pokémon with Comatose ability and was under the effects of Gastro Acid: [32mPASS[0m
[26] Compression test: table generation 36 28: [32mPASS[0m
[08] Dancer-called damaging moves are considered for Counter/Mirror Coat/Metal Burst: [32mPASS[0m
[00] Filter reduces damage to Super Effective moves by 0.75: [32mPASS[0m
[27] Aerilate doesn't override Electrify: [32mPASS[0m
[01] Dazzling, Queenly Majesty and Armor Tail from partner don't block priority moves that target it: [32mPASS[0m
[26] Compression test: table generation 62 2: [32mPASS[0m
[05] Forecast transforms Castform back to normal under Cloud Nine/Air Lock: [32mPASS[0m
[26] Compression test: large mode 1 lz: [32mPASS[0m
[26] Compression test: Gossifleur LZ: [32mPASS[0m
[22] Competitive sharply raises player's Sp. Atk after Intimidate: [32mPASS[0m
[02] Disguised Mimikyu is ignored by Mold Breaker: [32mPASS[0m
[19] Forecast transforms Castform when Cloud Nine ability user leaves the field: [32mPASS[0m
[30] Cursed Body does not stop a multistrike move mid-execution: [32mPASS[0m
[04] Clear Body, Full Metal Body, and White Smoke protect from Protect's secondary effects: [32mPASS[0m
[19] (DYNAMAX) Galvanize turns Max Strike into Max Lightning when not used by Gigantamax Pikachu/Toxtricity: [33mTO_DO[0m
[21] Multi Battle Tests register partner's status1: [32mPASS[0m
[07] Flower Gift does not transform Cherrim back to normal when suppressed if Cherrim is Dynamaxed: [32mPASS[0m
[21] Difficulty changes which party is used for partner if defined for the difficulty (HARD): [32mPASS[0m
[06] Dazzling, Queenly Majesty and Armor Tail do not block a move's Z-Status effect: [32mPASS[0m
[05] Galvanize doesn't change Tera Blast's type when Terastallized: [32mPASS[0m
[08] Defiant doesn't activate when partner's Syrup Bomb lowers Speed at end of turn: [32mPASS[0m
[00] Forecast transforms Castform when weather changes: [32mPASS[0m
[03] Dancer user may hit itself in confusion instead of copying a move if it's confused: [32mPASS[0m
[14] Dancer triggers from slowest to fastest Raw Speed (Gen 7): [32mPASS[0m
[26] Aerilate overrides Ion Deluge: [32mPASS[0m
[22] Dancer can still copy status moves if the user is holding an Assault Vest: [32mPASS[0m
[29] Corrosion cannot bypass moves that prevent poisoning such as Safeguard: [32mPASS[0m
[05] Good as Gold protects from partner's status moves: [32mPASS[0m
[20] (Pokerus) Test PartySpreadPokerus using gen2 adjacency: [32mPASS[0m
[30] Dancer can still copy a move even if it's being forced into a different move - Choice items: [32mPASS[0m
[11] Switch-in abilities trigger in Speed Order after post-KO switch - multibattle: [32mPASS[0m
[20] Shuffle randomizes the array [Shuffle16]: [32mPASS[0m
[08] Desolate Land can be replaced by Primordial Sea: [32mPASS[0m
[19] Galvanize doesn't affect Natural Gift's type: [32mPASS[0m
[20] BuildOamBuffer faster with max sprites (random y/subpriority): [32mPASS[0m
newBuildOamBuffer: 820 ticks, oldBuildOamBuffer: 2897 ticks
[23] Dark Aura's effect doesn't stack multiple times: [32mPASS[0m
[02] Drought sets up sun for 8 turns with Heat Rock (Gen6+): [32mPASS[0m
[26] Anger Shell lowers Def/Sp.Def by 1 and raises Atk/Sp.Atk/Spd by 1: [32mPASS[0m
[06] Disguised Mimikyu takes damage from secondary damage without breaking the disguise - Weather: [32mPASS[0m
[25] Clear Body, Full Metal Body, and White Smoke prevent stat stage reduction from moves: [32mPASS[0m
[22] Dancer-called moves do not update move to be called by Mimic: [32mPASS[0m
[03] Dragonize doesn't override Electrify: [32mPASS[0m
[05] Guard Dog activates before Flower Veil if it has higher unmodified Speed: [32mPASS[0m
[29] Cursed Body disables the move that called another move instead of the called move: [32mPASS[0m
[11] Trainer Slide: Doubles: Enemy Mon Unaffected: [32mPASS[0m
[07] Fluffy halves damage taken from moves that make direct contact even if protected by Protective Pads: [32mPASS[0m
[11] Compression test: tilemap large fastLZ: [32mPASS[0m
[01] Disguised Mimikyu's types revert back to Ghost/Fairy when Disguise is broken: [32mPASS[0m
[19] (Gulp Missile) Cramorant in Gorging damages an electric type without paralysing: [32mPASS[0m
[11] Compression test: table generation 52 12: [32mPASS[0m
[11] Compression test: medium mode 3 lz: [32mPASS[0m
[22] Dancer can copy a dance move immediately after it was used and allow the user of Dancer to still use its move: [32mPASS[0m
[11] Compression test: Mr. Mime fastSmol: [32mPASS[0m
[06] Dragonize doesn't affect Hidden Power's type: [32mPASS[0m
[27] Anger Shell activates only if the target had more than 50% of its HP: [32mPASS[0m
[08] Disguised Mimikyu takes no damage from a confusion hit and changes to its busted form: [32mPASS[0m
[00] Frisk triggers for opponent in a Double Battle after switching-in after fainting: [32mPASS[0m
[05] Gulp Missile: If base Cramorant is under water it transforms into one of its forms: [32mPASS[0m
[20] Item names fit on PC Storage (list): [32mPASS[0m
[23] Defiant doesn't activate when an opposing stat drop fails at minimum stage: [32mPASS[0m
[25] Forecast transforms Castform back to normal when its ability is suppressed: [32mPASS[0m
[04] Instruct-called moves keep their priority, which is considered for Dazzling, Queenly Majesty and Armor Tail: [32mPASS[0m
[21] Trainer Slide: Multi: Last Half Hp: [32mPASS[0m
[00] Galvanize turns a normal type move into Electric: [32mPASS[0m
[06] Dry Skin does not activate if protected: [32mPASS[0m
[30] Dancer doesn't activate after Neutralizing Gas leaves the field: [32mPASS[0m
[07] Frisk does not trigger when Pokémon hold no items: [32mPASS[0m
[26] Anticipation counts Counter, Metal Burst or Mirror Coat as attacking moves of their types (Gen5+): [32mPASS[0m
[03] Drought sets up sun for 5 turns (Gen6+): [32mPASS[0m
[15] Sleep Clause: Sleep clause is deactivated when a sleeping mon is woken up with Aromatherapy / Heal Bell / Sparkly Swirl: [32mPASS[0m
[11] (TERA) Adaptability does not increase non-Tera base STAB beyond 1.5x: [32mPASS[0m
[29] Dauntless Shield raises Defense by one stage only once per battle (Gen 9+): [32mPASS[0m
[19] Harvest order is affected by speed: [32mPASS[0m
[05] Harvest has a 50% chance to restore a Berry at the end of the turn: [32mPASS[0m
[15] Trainer Party Pool generates a party from the trainer pool: [32mPASS[0m
[25] Forewarn warns about the highest power move among all opposing battlers: [32mPASS[0m
[08] Dry Skin increases damage taken from Fire-type moves by 25%: [32mPASS[0m
[22] Defeatist halves Attack when HP <= 50%: [32mPASS[0m
[23] Defiant doesn't activate after Sticky Web lowers Speed if Court Changed (Gen8): [32mPASS[0m
[07] Galvanize doesn't affect Hidden Power's type: [32mPASS[0m
[21] Trainer Slide: Singles: Dynamax: [32mPASS[0m
[27] Cheek Pouch activates via Bug Bite/Pluck if it would trigger an effect: [32mPASS[0m
[21] Compression test: table generation 34 30: [32mPASS[0m
[25] Galvanize doesn't affect damaging Z-Move types: [32mPASS[0m
[05] Immunity prevents Toxic bad poison: [32mPASS[0m
[21] Compression test: table generation 60 4: [32mPASS[0m
[21] Compression test: small mode 2 lz: [32mPASS[0m
[30] Defiant activates before White Herb: [32mPASS[0m
[21] Compression test: Gossifleur fastSmol: [32mPASS[0m
[29] Defiant activates for each stat that is lowered: [32mPASS[0m
[04] Disguised Mimikyu takes damage from Rough Skin without breaking the disguise: [32mPASS[0m
[11] Anticipation does not consider Strong Winds on type matchups: [32mPASS[0m
[06] Electromorphosis triggers on each multistrike hit but Charge does not stack: [32mPASS[0m
[23] Desolate Land does not block a move if Pokémon is asleep and uses a Water-type move: [32mPASS[0m
[01] Drought sets up permanent sun (Gen3-5): [32mPASS[0m
[19] Hospitality user restores 25% of ally's health on switch-in: [32mPASS[0m
[14] Dazzling, Queenly Majesty and Armor Tail don't protect the user from negative priority: [32mPASS[0m
[11] Arena Trap prevents switching but Run Away allows fleeing: [32mPASS[0m
[03] Effect Spore only inflicts status on contact: [32mPASS[0m
[27] Color Change changes the type to Electric when a Pokemon is hit by a forseen attack under the effect of Electrify: [32mPASS[0m
[06] Emergency Exit makes the pokemon flee during wild battle: [32mPASS[0m
[08] Emergency Exit activates when taking Sea of Fire damage and can be healed by Grassy Terrain after leaving the field: [32mPASS[0m
[07] Good as Gold doesn't protect the user from it's own moves: [32mPASS[0m
[30] Desolate Land blocks damaging Water-type moves: [32mPASS[0m
[00] Grim Neigh does not increase damage done by the same move that causes another Pokemon to faint: [32mPASS[0m
[26] Beads of Ruin's message displays correctly after all battlers fainted - Opponent: [32mPASS[0m
[31] (Pokerus) Test IsPokerusInParty general behavior: [32mPASS[0m
[04] Dry Skin prevents Absorb Bulb and Luminous Moss from activating: [32mPASS[0m
[31] Random mon generation resolves variant forms before applying filter funcs: [32mPASS[0m
[23] Dragonize doesn't change Tera Blast's type when Terastallized: [32mPASS[0m
[30] Dragonize overrides Ion Deluge: [32mPASS[0m
[19] Hyper Cutter prevents intimidate: [32mPASS[0m
[06] Flash Fire boosts fire type moves by 50% but no subsequent increase is applied: [32mPASS[0m
[22] Desolate Land will not create a softlock when move in semi invulnerable position is blocked: [32mPASS[0m
[00] Harvest restores a Berry consumed by Natural Gift: [32mPASS[0m
[08] Flower Gift reverts Cherrim back after Teraform Zero clears weather: [32mPASS[0m
[00] TODO: Write Hustle (Ability) test titles: [33mTO_DO[0m
[04] Emergency Exit makes the player ran during wild battle: [32mPASS[0m
[11] Bad Dreams causes the sleeping enemy Pokemon to lose 1/8 of HP: [32mPASS[0m
[27] Comatose Pokémon doesn't get poisoned by Toxic Spikes on switch-in: [32mPASS[0m
[07] Guard Dog does not activate if Intimidate cannot lower Attack at minimum stage: [32mPASS[0m
[23] Dragonize turns a Normal-type move into a dragon-type move: [32mPASS[0m
[25] Galvanize boosts power of affected moves by 20% (Gen7+) or 30% (Gen1-6): [32mPASS[0m
[15] Trainer Slide: Multi: Dynamax: [32mPASS[0m
[26] Berserk will not activate if the last multi hit move activates a restore berry: [32mPASS[0m
[31] Species names fit on Battle Screen HP box for vanilla mons with the default font: [32mPASS[0m
[15] Compression test: tilemap large smolTM: [32mPASS[0m
[14] Download raises Sp.Attack if enemy has lower Sp. Def than Def: [32mPASS[0m
[19] Illusion breaks if affected by Gastro Acid: [32mPASS[0m
[15] Compression test: table generation 54 10: [32mPASS[0m
[15] Compression test: small mode 3 lz: [32mPASS[0m
[15] Compression test: Mr. Mime LZ: [32mPASS[0m
[21] Aerilate doesn't change Tera Blast's type when Terastallized: [32mPASS[0m
[30] Drizzle sets up rain for 8 turns with Damp Rock (Gen6+): [32mPASS[0m
[23] Early Bird wakes up if 1 sleep turn is preset: [32mPASS[0m
[26] Cheek Pouch activates when receiving from Fling if it would trigger an effect: [32mPASS[0m
[08] Fluffy does not alter damage of fire-type moves that make direct contact: [32mPASS[0m
[25] Hunger Switch does not switch Morpeko's form when Terastallized: [32mPASS[0m
[22] Dragonize doesn't affect Terrain Pulse's type: [32mPASS[0m
[04] Flame Body inflicts burn on contact: [32mPASS[0m
[06] Fluffy does not halve damage taken from moves that make direct contact but are ignored by Punching Glove: [32mPASS[0m
[07] Gulp Missile: If base Cramorant hits target with Surf it transforms into Gulping form if max HP is over 1/2: [32mPASS[0m
[00] Ice Face form change persists after switching out: [32mPASS[0m
[14] Early Bird reduces Rest sleep to one turn: [32mPASS[0m
[27] Commander Attacker is kept (Dondozo Left Slot): [32mPASS[0m
[19] Infiltrator bypasses the opponent's Safeguard: [32mPASS[0m
[23] Emergency Exit will trigger due to Jump Kick recoil: [32mPASS[0m
[15] (TERA) Terastallizing into a different type with Adaptability gives 2.0x STAB: [32mPASS[0m
[20] Capture: Low level catch bonus apply correcly with all gen configs: [32mPASS[0m
[11] Beast Boost considers Guard Split: [32mPASS[0m
[21] Anger Point does not trigger when already at maximum Attack stage: [32mPASS[0m
[06] Frisk triggers in a Single Battle: [32mPASS[0m
[08] Fur Coat has no effect on self-inflicted confusion damage: [32mPASS[0m
[04] Forecast transforms Castform on switch-in: [32mPASS[0m
[29] Defiant sharply raises player's Attack after Intimidate: [32mPASS[0m
[23] Emergency Exit does not switch out when going below 50% max-HP but healed via held item back above the threshold: [32mPASS[0m
[25] Ice Body prevents damage from hail: [32mPASS[0m
[03] Flame Body triggers 1/3 times (Gen3) or 30% (Gen 4+) of the time: [32mPASS[0m
[00] Immunity cures existing poison on turn 0: [32mPASS[0m
[14] Embody Aspect activates when it's no longer effected by Neutralizing Gas: [32mPASS[0m
[27] Commander Tatsugiri will still take residual damage from a field effect while inside Dondozo: [32mPASS[0m
[08] Good as Gold protects from status moves: [32mPASS[0m
[29] Earth Eater heals 25% when hit by ground type moves: [32mPASS[0m
[11] Blaze boosts Fire-type moves in a pinch: [32mPASS[0m
[06] Galvanize changes Tera Blast's type when not Terastallized: [32mPASS[0m
[23] Flower Veil's stat reduction protection considers Contrary: [32mPASS[0m
[15] Anticipation treats dynamic move types as their base type (Normal), Techno Blast: [32mPASS[0m
[27] Contrary does not invert stat changes that have been Baton-passed: [32mPASS[0m
[26] Clear Body, Full Metal Body, and White Smoke prevent intimidate: [32mPASS[0m
[08] Guard Dog does not activate if Intimidate is blocked by Mist: [32mPASS[0m
[29] Emergency Exit will trigger due to recoil damage: [32mPASS[0m
[06] Good as Gold doesn't protect from moves that target the field: [32mPASS[0m
[19] Intrepid Sword and Dauntless Shield do not proc at max stage (Baton Pass): [32mPASS[0m
[00] Innards Out should not include Substitute damage in accumulated multihit total: [32mPASS[0m
[14] Emergency Exit activates when taking residual damage and falling under 50% max-hp - Weather: [32mPASS[0m
[05] Innards Out deal dmg on fainting equal to the amount of dmg inflicted on the Innards Out mon: [32mPASS[0m
[21] Anticipation considers Aura Wheel as an ordinary Electric-type move: [32mPASS[0m
[20] Sleep Clause: Reflection moves (ie. Magic Coat) that reflect a sleep move activate sleep clause: [32mPASS[0m
[04] Frisk triggers for player in a Double Battle after switching-in after fainting: [32mPASS[0m
[04] TODO: Write Gluttony (Ability) test titles: [33mTO_DO[0m
[27] Corrosion cannot bypass abilities that prevent poisoning such as Immunity: [32mPASS[0m
[25] Innards Out triggers if Future Sight user is back on the field: [32mPASS[0m
[11] Cloud Nine/Air Lock prevent basic weather effects, but without them disappearing - Sandstorm: [32mPASS[0m
[22] Dragonize boosts power of affected moves by 20% (Gen7+) or 30% (Gen1-6): [32mPASS[0m
[23] Forecast transforms Castform back when it switches out: [32mPASS[0m
[26] Commander Attacker is kept (Dondozo Right Slot): [32mPASS[0m
[15] Arena Trap doesn't prevent switch outs if the Pokémon is switched in the same turn the opponent decided to switch out: [32mPASS[0m
[06] Guard Dog does not activate if Intimidate is blocked by Flower Veil: [32mPASS[0m
[27] Cursed Body disables the base move of a status Z-Move: [32mPASS[0m
[08] Gulp Missile: Cramorant cannot change between Gorging and Gulping Forms: [32mPASS[0m
[20] Sleep Clause: Pre-existing sleep condition doesn't activate sleep clause: [32mPASS[0m
[11] Commander cancels Tatsugiri's pending Z-Move: [32mPASS[0m
[26] Commander Tatsugiri will still take poison damage if while inside Dondozo: [32mPASS[0m
[26] Contrary inverts stat changes from X Attack and other stat-boosting items.: [33mTO_DO[0m
[29] Fairy Aura increases the power of all Fairy-type attacks by 33%: [32mPASS[0m
[03] Grim Neigh does not trigger if Pokemon faint to indirect damage or damage from other Pokemon: [32mPASS[0m
[06] Gulp Missile: If base Cramorant hits target with Surf it transforms into Gorging form if max HP is under 1/2: [32mPASS[0m
[06] Healer has a 30% chance of curing each of its ally's status conditions independently: [33mTO_DO[0m
[25] Intimidate will not miss timing for competitive: [32mPASS[0m
[27] Dancer can still copy a move even if it's being forced into a different move - Encore: [32mPASS[0m
[05] Light Metal and Heavy Metal affect the power of Low Kick: [32mPASS[0m
[08] Hyper Cutter doesn't prevent Spectral Thief from resetting positive Attack stage changes: [32mPASS[0m
[11] Commander prevents Eject Pack from activating after a switch-in stat drop: [32mPASS[0m
[22] Flower Veil does not prevent self-inflicted stat drops - moves: [32mPASS[0m
[14] Flower Gift transforms Cherrim back to normal under Cloud Nine/Air Lock: [32mPASS[0m
[26] Corrosion allows the Pokémon with the ability to poison a Steel or Poison-type opponent by using Magic Coat: [32mPASS[0m
[06] Hyper Cutter doesn't prevent receiving negative Attack stage changes from Baton Pass: [32mPASS[0m
[29] Fluffy does not halve damage taken from moves that make direct contact but are ignored by Long Reach: [32mPASS[0m
[29] TODO: Write Friend Guard (Ability) test titles: [33mTO_DO[0m
[04] Grim Neigh raises Sp. Attack by one stage after directly causing a Pokemon to faint: [32mPASS[0m
[25] Intrepid Sword activates when it's no longer effected by Neutralizing Gas: [32mPASS[0m
[20] Sleep Clause: Sleep clause is deactivated when a sleeping mon faints (Doubles): [32mPASS[0m
[11] Competitive doesn't activate when partner's Syrup Bomb lowers Speed at end of turn: [32mPASS[0m
[25] TODO: Write Klutz (Ability) test titles: [33mTO_DO[0m
[11] Dynamax: Corrosion can poison Poison/Steel types if the Pokémon uses G-Max Malodor: [33mTO_DO[0m
[05] Magician can steal from ally if no opponent is a valid target: [32mPASS[0m
[21] Aroma Veil protects the Pokémon's side from Heal Block: [32mPASS[0m
[03] Harvest doesn't always restore a Berry if Cloud Nine/Air Lock is on the field: [32mPASS[0m
[29] Galvanize doesn't affect Terrain Pulse's type: [32mPASS[0m
[04] Harvest always restores a Berry in Sunlight: [32mPASS[0m
[26] Cursed Body does not trigger on Max Moves: [32mPASS[0m
[25] Levitate activates when targeted by ground type moves: [32mPASS[0m
[05] Weather Ball doubles its power and turns to a Fire-type move if user has Mega Sol: [32mPASS[0m
[11] Corrosion can poison or badly poison a Pokemon regardless of its typing: [32mPASS[0m
[03] Immunity doesn't prevent Pokémon from being poisoned by Toxic Spikes on switch-in if forced in by phazing with Mold Breaker, but it cures it immediately: [32mPASS[0m
[11] Cute Charm cannot infatuate if either Pokémon are Gender-unknown: [33mTO_DO[0m
[22] Forewarn does not trigger if a mon switches in while the opposing field is empty: [32mPASS[0m
[25] Limber prevents paralysis: [32mPASS[0m
[22] Galvanize doesn't affect Max Strike's type: [33mTO_DO[0m
[25] TODO: Write Long Reach (Ability) test titles: [33mTO_DO[0m
[05] Mirror Armor reflects stat drops triggered by a damaging move: [32mPASS[0m
[26] Dancer-called moves can be reflected by Magic Bounce: [32mPASS[0m
[23] Forewarn randomly chooses between opponents with same-power moves: [32mPASS[0m
[14] Forecast transforms Castform in primal weather: [32mPASS[0m
[04] Immunity prevents Toxic Spikes poison: [32mPASS[0m
[27] Dancer can activate after Neutralizing Gas enters the field on move execution: [32mPASS[0m
[00] Intimidate activates when it's no longer affected by Neutralizing Gas - switching moves: [32mPASS[0m
[29] Galvanize can not turn certain moves into Electric type moves: [32mPASS[0m
[21] Beads of Ruin's Sp. Def reduction is not ignored by Mold Breaker: [32mPASS[0m
[06] Ice Face is restored if Noice Face Eiscue is sent in while hail or snow is active: [32mPASS[0m
[07] Healer cures status condition before burn or poison damage is dealt: [32mPASS[0m
[26] Dauntless Shield activates when it's no longer effected by Neutralizing Gas: [32mPASS[0m
[15] Ball Fetch doesn't trigger in Trainer Battles: [32mPASS[0m
[11] Dancer still activates after Red Card even if blocked by Suction Cups: [32mPASS[0m
[25] Magic Guard prevents recoil damage to the user: [32mPASS[0m
[08] Ice Face is restored if hail or snow begins while Noice Face Eiscue is out: [32mPASS[0m
[03] Innards Out counters accumulated multihit damage for Parental Bond strikes even if fainting on first hit: [32mPASS[0m
[29] Harvest doesn't restore a Berry when knocked off by Knock Off: [32mPASS[0m
[04] Innards Out counters accumulated multihit damage after all strikes even if fainting on first hit: [32mPASS[0m
[21] Cheek Pouch doesn't activate when using a berry from the bag: [32mPASS[0m
[26] Defiant doesn't activate when Room Service lowers Speed: [32mPASS[0m
[06] Mold Breaker ignores Inner Focus: [32mPASS[0m
[15] Color Change does not activate if move is boosted by Sheer Force: [32mPASS[0m
[00] Heavy Metal doesn't affect Heavy Ball's multiplier: [32mPASS[0m
[08] Inner Focus prevents flinching: [32mPASS[0m
[07] Mega Sol halves the power of the user's Water-type moves: [32mPASS[0m
[29] Illusion does not break if the attacker faints without taking damage: [32mPASS[0m
[23] Gorilla Tactics stacks with Choice Band to reach 2.25x Attack: [32mPASS[0m
[11] Dancer triggering ignores Lagging Tail: [32mPASS[0m
[14] Galvanize doesn't affect Judgment / Techno Blast / Multi-Attack's type: [32mPASS[0m
[04] Intimidate can not further lower opponents Atk stat if it is at minimum stages: [32mPASS[0m
[15] Comatose isn't affected by Poison Touch + Sunsteel Strike: [32mPASS[0m
[00] Magic Bounce bounced back status moves can not be bounced back by Magic Bounce: [32mPASS[0m
[07] Mirror Armor does not trigger if the user is behind a Substitute: [32mPASS[0m
[25] Mega Sol ignores Snow Cloak's accuracy drop: [32mPASS[0m
[29] Innards Out does not damage Magic Guard Pokemon: [32mPASS[0m
[20] Sleep Clause: Sleep clause is deactivated when a sleeping mon is woken up by Shed Skin: [32mPASS[0m
[05] Mirror Armor lowers a stat of the attacking Pokémon: [32mPASS[0m
[03] Intimidate is not going to trigger if a mon switches out through u-turn and the opposing field is empty: [32mPASS[0m
[14] Hadron Engine creates Electric Terrain when entering the battle: [32mPASS[0m
[21] Clear Body, Full Metal Body, and White Smoke don't prevent stat stage reduction from moves used by the user: [32mPASS[0m
[14] TODO: Write Honey Gather (Ability) test titles: [33mTO_DO[0m
[06] Intimidate activates immediately after the mon was switched in as long as one opposing mon is alive: [32mPASS[0m
[06] TODO: Write Justified (Ability) test titles: [33mTO_DO[0m
[08] Intimidate activates on an empty slot: [32mPASS[0m
[07] Misty Surge creates Misty Terrain when entering the battle: [32mPASS[0m
[31] Badge boost: B_FLAG_BADGE_BOOST_DEFENSE boost Defense: [32mPASS[0m
[23] Hunger Switch does not switch Morpeko's form after switching out while Terastallized: [32mPASS[0m
[00] Magician does not activate with Natural Gift: [32mPASS[0m
[15] Commander will not activate if Tatsugiri is about to switch out: [32mPASS[0m
[03] Iron Barbs: Damages attackers that make contact: [32mPASS[0m
[14] Hyper Cutter doesn't prevent Attack stage reduction from moves used by the user: [32mPASS[0m
[22] Galvanize doesn't affect Weather Ball's type: [32mPASS[0m
[05] Opportunist copies the increase not the stages: [32mPASS[0m
[29] Intimidate will correctly decrease the attack of the second mon after Protosynthesis activated: [32mPASS[0m
[27] Defiant doesn't activate if the Pokémon lowers it's own stats: [32mPASS[0m
[22] TODO: Write Huge Power (Ability) test titles: [33mTO_DO[0m
[07] Mycelium Might vs Stall action order depends on speed: [32mPASS[0m
[08] Keen Eye & Gen9+ Illuminate don't prevent Spectral Thief from resetting positive accuracy stage changes: [32mPASS[0m
[21] Commander will not activate if Dondozo fainted right before Tatsugiri came in: [32mPASS[0m
[04] Iron Fist increases the power of punching moves by 20%: [32mPASS[0m
[15] Commander prevents Eject Button from switching out Dondozo: [32mPASS[0m
[29] Intrepid Sword raises Attack by one stage: [32mPASS[0m
[00] Mega Sol ignores Snow's Ice-type Defense boost: [32mPASS[0m
[00] TODO: Write Minus (Ability) test titles: [33mTO_DO[0m
[20] Trainer Slide: Doubles: Before First Turn: [32mPASS[0m
[26] Defiant sharply raises opponent's Attack after Intimidate: [32mPASS[0m
[05] Own Tempo cures confusion if it's obtained via Skill Swap: [32mPASS[0m
[20] Compression test: table generation 33 31: [32mPASS[0m
[20] Compression test: table generation 59 5: [32mPASS[0m
[20] Compression test: medium mode 2 smol: [32mPASS[0m
[20] Compression test: Ledian Smol: [32mPASS[0m
[08] Lightning Rod doesn't activate if user has fainted: [32mPASS[0m
[00] Mirror Armor doesn't lower the stats of an attacking Pokemon with the Clear Body ability: [32mPASS[0m
[00] TODO: Write Multiscale (Ability) test titles: [33mTO_DO[0m
[31] Spread Moves: A spread move attack will be weakened by strong winds on one of the targets: [32mPASS[0m
[31] trainerproc supports both Double Battle: Yes and Battle Type: Doubles: [32mPASS[0m
[31] Difficulty changes which party is used for enemy trainer if defined for the difficulty (EASY): [32mPASS[0m
[04] Magic Bounce activates on all opposing mons: [32mPASS[0m
[15] Competitive is activated by Cotton Down for non-ally pokemon: [32mPASS[0m
[21] Commander prevents Whirlwind from working against Dondozo or Tatsugiri while it's active: [32mPASS[0m
[26] Earth Eater activates on status moves: [32mPASS[0m
[11] Dazzling, Queenly Majesty and Armor Tail prevent Protean activation: [32mPASS[0m
[06] Leaf Guard prevents non-volatile status conditions in sun: [32mPASS[0m
[07] Neutralizing Gas ignores multipliers from attacker's ability: [32mPASS[0m
[22] Ice Body doesn't recover HP if Cloud Nine/Air Lock is on the field: [32mPASS[0m
[08] Liquid Ooze causes Dream Eater users to lose HP instead of heal (Gen 5+): [32mPASS[0m
[23] Ice Body recovers 1/16th of Max HP in hail.: [32mPASS[0m
[20] Aerilate doesn't affect Terrain Pulse's type: [32mPASS[0m
[27] Drizzle sets up permanent rain (Gen3-5): [32mPASS[0m
[26] Emergency Exit is not triggered by Pain Split: [32mPASS[0m
[20] Anger Point triggers when a substitute takes the hit (Gen4): [33mTO_DO[0m
[00] Neutralizing Gas doesn't reactivate Beads of Ruin after Chi-Yu faints: [32mPASS[0m
[31] Trainer Slide: Multi: Player Lands First STAB Hit: [32mPASS[0m
[27] Earth Eater does not activate if protected: [32mPASS[0m
[08] Magic Bounce bounces back moves hitting both foes at two foes: [32mPASS[0m
[26] Emergency Exit switches out when taking 50% max-hp damage: [32mPASS[0m
[29] Leaf Guard doesn't prevent status conditions from Flame Orb and Toxic Orb if Cloud Nine/Air Lock is on the field: [32mPASS[0m
[04] Magician is blocked by Sticky Hold unless the target faints: [32mPASS[0m
[22] Infiltrator bypasses the opponent's Mist: [32mPASS[0m
[20] Anticipation treats dynamic move types as their base type (Normal), Judgment: [32mPASS[0m
[27] Emergency Exit will not trigger due to confusion damage: [32mPASS[0m
[25] Moxie/Chilling Neigh does not increase damage done by the same move that causes another Pokemon to faint: [32mPASS[0m
[19] Keen Eye, Gen9+ Illuminate & Minds Eye are ignored by Mold Breaker abilities: [32mPASS[0m
[06] Magician follows Trick Room order when choosing between foe targets: [32mPASS[0m
[25] TODO: Write No Guard (Ability) test titles: [33mTO_DO[0m
[31] Trainer Slide: Singles: Last Switchin: [32mPASS[0m
[31] Compression test: table generation 40 24: [32mPASS[0m
[31] Compression test: medium mode 5 lz: [32mPASS[0m
[31] Compression test: small mode 1 lz: [32mPASS[0m
[11] Download raises Sp.Attack if enemies have lower total Sp. Def than Def: [32mPASS[0m
[31] Compression test: complex battle sprite LZ: [32mPASS[0m
[00] Neutralizing Gas ignores multipliers from ally's ability: [32mPASS[0m
[15] Corrosion can poison Poison/Steel types if the Pokémon uses Fling while holding a Poison Barb: [32mPASS[0m
[14] Ice Scales halves the damage from special moves: [32mPASS[0m
[29] Magician steals before switching with U-turn: [32mPASS[0m
[04] Mirror Armor does not trigger ally's Defiant: [32mPASS[0m
[07] Oblivious prevents Taunt (Gen6+): [32mPASS[0m
[25] Normalize boosts power of unaffected moves by 20% (Gen7+): [32mPASS[0m
[22] Intrepid Sword and Dauntless Shield both can be Skill Swapped and active their effects on the Skill Swap user: [32mPASS[0m
[15] Cotton Down drops speed by one for each multi hit: [32mPASS[0m
[04] Mirror Armor triggers even if the attacking Pokemon also has Mirror Armor ability: [32mPASS[0m
[27] Fairy Aura's effect doesn't stack multiple times: [32mPASS[0m
[03] Leaf Guard doesn't prevent non-volatile status conditions if Cloud Nine/Air Lock is on the field: [32mPASS[0m
[00] Oblivious cures infatuation and Taunt: [32mPASS[0m
[20] Aroma Veil protects the Pokémon's side from Infatuation: [32mPASS[0m
[07] Mold Breaker ignores Own Tempo: [32mPASS[0m
[19] Sand Rush doesn't double speed if Cloud Nine/Air Lock is on the field: [32mPASS[0m
[31] Aerilate doesn't affect Natural Gift's type: [32mPASS[0m
[25] Orichalcum Pulse activates when entering battle in sun: [32mPASS[0m
[08] Magician prioritizes opponents over allies among valid targets by speed: [32mPASS[0m
[08] TODO: Write more Mold Breaker (Ability) test titles: [33mTO_DO[0m
[15] Damp prevents damage from Aftermath: [32mPASS[0m
[14] Lightning Rod absorbs moves that targets all battlers but does not redirect (Gen6+): [32mPASS[0m
[00] Opportunist and Mirror Herb resolve correctly: [32mPASS[0m
[21] Competitive sharply raises opponent's Sp. Atk after Intimidate: [32mPASS[0m
[19] Sap Sipper blocks multi-hit grass type moves: [32mPASS[0m
[25] Parental Bond does not trigger on OHKO moves: [32mPASS[0m
[08] Mycelium Might ignores opposing abilities: [32mPASS[0m
[06] Weather Ball stays Fire-type under real weather if user has Mega Sol: [32mPASS[0m
[22] Keen Eye, Gen9+ Illuminate & Minds Eye prevent accuracy stage reduction from moves: [32mPASS[0m
[29] Mega Sol lowers the user's Thunder and Hurricane accuracy to 50%: [32mPASS[0m
[11] Dry Skin doesn't get damaged in Sun if Cloud Nine/Air Lock is on the field: [32mPASS[0m
[20] Beads of Ruin's Sp. Def reduction is ignored by Gastro Acid: [32mPASS[0m
[19] Seed Sower sets up Grassy Terrain when hit by an attack: [32mPASS[0m
[04] Mummy/Lingering Aroma replace the attacker's ability on contact: [32mPASS[0m
[25] Pastel Veil immediately cures Mold Breaker poison: [32mPASS[0m
[00] Overcoat blocks powder and spore moves (Gen6+): [32mPASS[0m
[03] Mummy and Lingering Aroma don't replace each other: [32mPASS[0m
[26] Flower Veil prevents status on allied Grass-types - left target: [32mPASS[0m
[08] Neutralizing Gas only displays exiting message for the last user leaving the field: [32mPASS[0m
[15] Dancer doesn't call a move that didn't execute due to Powder: [32mPASS[0m
[26] TODO: Write Grass Pelt (Ability) test titles: [33mTO_DO[0m
[14] Liquid Ooze will faint Matcha Gatcha users if it deals enough damage: [32mPASS[0m
[20] Cheek Pouch doesn't activate under Heal Block's effect: [32mPASS[0m
[06] Mycelium Might priority bracket will not change if the ability is changed mid-turn: [32mPASS[0m
[21] Dancer copies Lunar Dance after the original user faints, but before the replacement is sent out: [32mPASS[0m
[31] Anticipation doesn't consider Scrappy into their effectiveness (Gen5+): [32mPASS[0m
[22] Natural Cure cures the user and not another party member when switching out with a hit escape move: [32mPASS[0m
[04] Oblivious prevents Intimidate (Gen8+): [32mPASS[0m
[25] Pickpocket activates for the fastest itemless target when both are hit by a contact spread move: [32mPASS[0m
[25] (DYNAMAX) Pixilate turns Max Strike into Max Starfall when not used by Gigantamax Alcremie: [33mTO_DO[0m
[29] Normalize makes Flying Press do Normal/Flying damage: [32mPASS[0m
[11] Emergency Exit activates when healing from under 50% max-hp and taking residual damage to under 50% max-hp - Sticky Barb: [32mPASS[0m
[08] Neutralizing Gas ignores all battlers' ability effects: [32mPASS[0m
[22] Neutralizing Gas prevents Insomnia from blocking Rest: [32mPASS[0m
[14] Magic Bounce bounces back powder moves: [32mPASS[0m
[15] Dancer triggers from fastest to slowest including modifiers (Gen 8+): [32mPASS[0m
[27] Flower Veil prevents status on allied Grass-types - right target: [32mPASS[0m
[06] Neutralizing Gas is active for the duration of a Spread Move even if Neutralizing Gas is no longer on the field: [32mPASS[0m
[03] Normalize doesn't affect Judgment / Techno Blast / Multi-Attack's type: [32mPASS[0m
[14] TODO: Write Marvel Scale (Ability) test titles: [33mTO_DO[0m
[29] Opportunist copies the stats boosted by Speed Boost: [32mPASS[0m
[04] Opportunist copies the stat increase from the incoming mon: [32mPASS[0m
[00] Pickpocket activates when user has Protective Pads, but not with Punching Glove or Long Reach: [32mPASS[0m
[21] Dancer-called moves doesn't update move to be called by Mirror Move: [32mPASS[0m
[22] No Guard makes opposing status moves hit: [32mPASS[0m
[26] Gulp Missile: Transformed Cramorant Gulping lowers defense and still triggers other effects after: [32mPASS[0m
[25] Poison Heal heals from (Toxic) Poison damage: [32mPASS[0m
[04] Own Tempo prevents confusion from items: [32mPASS[0m
[08] Normalize doesn't affect Natural Gift's type: [32mPASS[0m
[21] Dancer can copy Teeter Dance: [32mPASS[0m
[27] Grassy Surge creates Grassy Terrain when entering the battle: [32mPASS[0m
[06] Neutralizing Gas ignores multipliers from target's ability: [32mPASS[0m
[29] Overcoat blocks Effect Spore's effect (Gen6+): [32mPASS[0m
[25] Prankster-affected moves can still be bounced back by Dark-types using Magic Coat: [32mPASS[0m
[29] TODO: Write Perish Body (Ability) test titles: [33mTO_DO[0m
[03] Own Tempo cured confusion should not persist toxic counter after switching: [32mPASS[0m
[26] Hunger Switch does not switch a mon transformed into Morpeko's form: [32mPASS[0m
[00] Poison Puppeteer consumes its pending target after triggering: [32mPASS[0m
[11] Flower Gift increases the Sp. Def of Cherrim and its allies by 1.5x: [32mPASS[0m
[05] Parental Bond has no affect on multi hit moves and they still hit four times 12.5/15% of the time: [32mPASS[0m
[22] Orichalcum Pulse boosts physical moves by 33% in sun: [32mPASS[0m
[03] Parental Bond Smack Down effect triggers after 2nd hit: [32mPASS[0m
[14] Mimicry can trigger multiple times in a turn: [32mPASS[0m
[06] Oblivious doesn't prevent Intimidate (Gen3-7): [32mPASS[0m
[08] Opportunist copies the stat increase of each opposing mon: [32mPASS[0m
[21] Defeatist halves Special Attack when HP <= 50%: [32mPASS[0m
[23] Infiltrator doesn't bypass an ally's Light Screen/Reflect/Aurora Veil: [32mPASS[0m
[15] Dazzling, Queenly Majesty and Armor Tail protect users partner from priority moves: [32mPASS[0m
[11] Forecast transforms Castform back to normal when Sandstorm is active: [32mPASS[0m
[22] Pastel Veil prevents Toxic bad poison on partner - right target: [32mPASS[0m
[03] Pickpocket steals Shell Bell after it heals the user: [32mPASS[0m
[05] Prankster increases the priority of moves by 1: [32mPASS[0m
[06] Opportunist copies the stat of each Pokémon that were raised at the same time: [32mPASS[0m
[31] Aroma Veil protects the Pokémon's side from Taunt: [32mPASS[0m
[14] Mirror Armor doesn't lower the stat of the attacking Pokemon if it is already at -6: [32mPASS[0m
[27] Gulp Missile: Transformed Cramorant Gulping lowers defense but is prevented by stat reduction preventing abilities: [32mPASS[0m
[22] Pickpocket cannot steal from Sticky Hold: [32mPASS[0m
[03] Pickup doesn't grant an used item if its user already restored it: [32mPASS[0m
[00] Power Construct Zygarde reverts to its original form upon catching: [32mPASS[0m
[06] Mold Breaker does not prevent Own Tempo from curing confusion right after: [32mPASS[0m
[23] Liquid Ooze causes Absorb users to lose HP instead of heal: [32mPASS[0m
[21] Desolate Land is removed immediately if user faints: [32mPASS[0m
[08] Own Tempo prevents confusion from moves by the user: [32mPASS[0m
[15] Download raises Attack if player has lower Def than Sp. Def: [32mPASS[0m
[22] Pickup grants an item used by another Pokémon: [32mPASS[0m
[03] Pixilate overrides Ion Deluge: [32mPASS[0m
[23] Magic Guard does not ignore speed stat changes caused by paralysis: [32mPASS[0m
[21] Dragonize doesn't affect damaging Z-Move types: [32mPASS[0m
[11] Gale Wings only grants priority to Flying-type moves: [32mPASS[0m
[15] Early Bird turns a 3-turn sleep into one missed turn: [32mPASS[0m
[29] Pickup grants a random item used by another Pokémon: [32mPASS[0m
[27] Ice Face doesn't transform Eiscue if Cloud Nine/Air Lock is on the field: [32mPASS[0m
[26] Ice Face is not restored if hail or snow and Eiscue are already out: [32mPASS[0m
[22] Poison Heal activates before Toxic Orb: [32mPASS[0m
[03] Poison Puppeteer does not trigger when poison came from Poison Point: [32mPASS[0m
[00] Prism Armor reduces damage to Super Effective moves by 0.75: [32mPASS[0m
[03] TODO: Write Power Construct (Ability) test titles: [33mTO_DO[0m
[25] Primordial Sea blocks weather-setting moves: [32mPASS[0m
[23] Mega Sol: Solar Beam does not need a charging turn if user has Mega Sol: [32mPASS[0m
[31] Beast Boost doesn't consider status condition reductions: [32mPASS[0m
[03] Prankster is blocked by Quick Guard in Gen5+: [32mPASS[0m
[27] Illusion cannot imitate if the user is on the last slot: [32mPASS[0m
[22] Poison Touch applies between multi-hit move hits: [32mPASS[0m
[08] Parental Bond-converted moves only hit once on Lightning Rod/Storm Drain mons: [32mPASS[0m
[00] Quark Drive keeps its initial boosted stat after Speed is lowered: [32mPASS[0m
[25] Sand Spit triggers even if the user is knocked out by the hit: [32mPASS[0m
[26] Innards Out doesn't trigger if Future Sight user is not on field: [32mPASS[0m
[22] Prankster-affected moves can still be bounced back by a Dark-type with Magic Bounce: [32mPASS[0m
[11] Gorilla Tactics does not lock moves while Dynamaxed: [32mPASS[0m
[23] Mind's Eye allows to hit Ghost-type Pokémon with Normal- and Fighting-type moves: [32mPASS[0m
[29] Power Construct does not switch Zygarde's form if end-turn damage makes it faint: [32mPASS[0m
[00] Refrigerate doesn't affect damaging Z-Move types: [32mPASS[0m
[31] Berserk raises Sp.Atk by 1: [32mPASS[0m
[15] Embody Aspect raises a stat depending on the users form by one stage: [32mPASS[0m
[25] Sap Sipper negates damage from Grass-type moves: [32mPASS[0m
[27] Innards Out uses correct damage amount for Future Sight: [32mPASS[0m
[22] Primordial Sea can be replaced by Delta Stream: [32mPASS[0m
[08] Pickup doesn't grant an item if the user eats it with Bug Bite/Pluck: [32mPASS[0m
[29] Primordial Sea does not block a move if Pokémon is asleep and uses a Fire-type move: [32mPASS[0m
[23] Motor Drive absorbs moves that target all battlers but does not redirect: [32mPASS[0m
[21] Dragonize doesn't affect Weather Ball's type: [32mPASS[0m
[23] TODO: Write Natural Cure (Ability) test titles: [33mTO_DO[0m
[27] Intimidate does not lose timing after mega evolution and switch out by a hit escape move: [32mPASS[0m
[26] Intimidate drop down both opposing atk before eject pack has the chance to activate: [32mPASS[0m
[11] Guard Dog raises Attack before Adrenaline Orb when Intimidated: [32mPASS[0m
[08] Pixilate doesn't override Electrify: [32mPASS[0m
[31] Chlorophyll doesn't double speed if they have an Utility Umbrella: [32mPASS[0m
[31] Cloud Nine/Air Lock prevent basic weather effects, but without them disappearing - Primal Sun: [33mTO_DO[0m
[03] Protean/Libero changes the type of the user only once per switch in (Gen9+): [32mPASS[0m
[04] Parental Bond has no affect on multi hit moves and they still hit five times 12.5/15% of the time: [32mPASS[0m
[00] Rivalry increases power by x1.25 towards Pokémon of the same gender: [32mPASS[0m
[25] Sharpness increases the power of slicing moves by 50%: [32mPASS[0m
[31] Color Change changes the user to Electric type if hit by a move while the opponent is under the effect of Electrify: [32mPASS[0m
[26] Intrepid Sword raises Attack by one stage only once per battle (Gen9+): [32mPASS[0m
[07] Parental Bond has no affect on multi hit moves and they still hit twice 37.5/35% of the time: [32mPASS[0m
[27] Intrepid Sword raises Attack by one stage every time it switches in (Gen8): [32mPASS[0m
[11] Hadron Engine announces Electric Terrain before triggering Quark Drive: [32mPASS[0m
[21] Flower Veil does not prevent self-inflicted stat drops - abilities: [32mPASS[0m
[15] Forecast transforms Castform in weather from an ability: [32mPASS[0m
[22] Protosynthesis prioritizes stats in the case of a tie in the following order: Atk, Def, Sp.Atk, Sp.Def, Speed: [32mPASS[0m
[04] Moves called via Prankster-affected After you affect Dark-type Pokémon: [32mPASS[0m
[14] Moody randomly raises the holder's Attack, Defense, Sp. Atk, Sp. Def, or Speed by two stages and lowers a different stat by one stage: [32mPASS[0m
[08] Poison Puppeteer does not trigger if poison is Toxic Spikes induced: [32mPASS[0m
[31] Commander only activates for the player side in a 1v2 battle: [32mPASS[0m
[08] TODO: Write Power of Alchemy (Ability) test titles: [33mTO_DO[0m
[00] Sheer Force doesn't boost Hyperspace Fury: [32mPASS[0m
[22] Sand Rush doubles speed from sandstorm: [32mPASS[0m
[07] Prankster-affected moves called via Assist don't affect Dark-type Pokémon (Gen 7+): [32mPASS[0m
[29] Protosynthesis boosts either Attack or Special Attack, not both: [32mPASS[0m
[27] Leaf Guard prevents Rest during sun (Gen 5+): [32mPASS[0m
[11] Heatproof halves the damage done by burn from 1/8th to 1/16th (Gen1-6) or 1/16th to 1/32nd (Gen 7+): [32mPASS[0m
[14] Opportunist copies each stat increase individually from ability and move: [32mPASS[0m
[14] Parental Bond tests: [33mTO_DO[0m
[03] Quick Draw does not activate 70% of the time: [32mPASS[0m
[22] Sap Sipper increases Attack by one stage when hit by a Grass-type move: [32mPASS[0m
[25] Shield Dust does not block self-targeting effects, primary or secondary: [32mPASS[0m
[15] Gorilla Tactics does not boost damage while Dynamaxed: [32mPASS[0m
[21] Forecast transforms Castform back when it uses a move that forces it to switch out: [32mPASS[0m
[00] Sheer Force doesn't boost Psywave: [32mPASS[0m
[07] Purifying Salt protects from secondary effect burn: [32mPASS[0m
[27] Liquid Ooze HP loss from Leech Seed is blocked by Magic Guard: [32mPASS[0m
[31] Commander Tatsugiri is still affected by Haze while controlling Dondozo: [32mPASS[0m
[08] Prankster-affected moves affect Ally Dark-type Pokémon: [32mPASS[0m
[22] Shadow Tag prevents wild Pokemon from fleeing with Teleport: [32mPASS[0m
[25] Spicy Spray burns the attacker even if the defender behind a Substitute takes damage: [32mPASS[0m
[15] Harvest can only restore the newest berry consumed that was transferred from another Pokémon instead of its original Berry: [32mPASS[0m
[06] Parental Bond has no affect on multi hit moves and they still hit thrice 37.5/35% of the time: [32mPASS[0m
[11] Ice Face does not block special moves, Eiscue stays in Ice Face form: [32mPASS[0m
[14] Pastel Veil cures partner's poison on switch in: [32mPASS[0m
[11] TODO: Write Imposter (Ability) test titles: [33mTO_DO[0m
[29] Sand Spit sets up sandstorm for 8 turns when hit with Smooth Rock: [32mPASS[0m
[07] Rain Dish doesn't recover HP if Cloud Nine/Air Lock is on the field: [32mPASS[0m
[31] Commander Tatsugiri avoids moves targetted towards it: [32mPASS[0m
[00] Slow Start halves Foul Play damage: [32mPASS[0m
[25] Stall respects Speed when both battlers have Stall: [32mPASS[0m
[04] Protean/Libero changes the type of the user to the move used every time (Gen6-8): [32mPASS[0m
[27] Magic Bounce will trigger after all valid targets have been targetted: [32mPASS[0m
[07] Refrigerate changes Tera Blast's type when not Terastallized: [32mPASS[0m
[31] AI sees Contrary-effected moves correctly in MoveEffectInPlus instead of as a neutral effect: [32mPASS[0m
[00] Solar Power causes the Pokémon to lose 1/8 max HP in Sun: [32mPASS[0m
[14] Pickpocket activates after Thief or Covet steals an item: [32mPASS[0m
[31] Corrosion badly poisons its Poison/Steel-type user who holds a Toxic Orb: [32mPASS[0m
[11] Inner Focus doesn't prevent intimidate (Gen3-7): [32mPASS[0m
[27] Magician does not activate if user faints from Rocky Helmet recoil: [32mPASS[0m
[29] Schooling switches Level 20+ Wishiwashi's form when HP is healed above 25-percent: [32mPASS[0m
[25] Stance Change changes Aegislash from Blade to Shield when using King's Shield: [32mPASS[0m
[25] TODO: Write Strong Jaw (Ability) test titles: [33mTO_DO[0m
[21] Forecast transforms Castform in weather from an opponent's move: [32mPASS[0m
[03] Sand Stream sets up permanent sandstorm (Gen3-5): [32mPASS[0m
[04] Quick Draw has a 30% chance of going first: [32mPASS[0m
[23] Neutralizing Gas leaving the field allows abilities to activate in turn order: [32mPASS[0m
[00] Spicy Spray does not burn the attacker if the defender is behind a Substitute: [32mPASS[0m
[00] TODO: Write Steadfast (Ability) test titles: [33mTO_DO[0m
[06] Prankster-affected moves called via Instruct do not affect Dark-type Pokémon: [32mPASS[0m
[08] Protosynthesis retains its boosted stat after Neutralizing Gas briefly suppresses it: [32mPASS[0m
[06] TODO: Write Pure Power (Ability) test titles: [33mTO_DO[0m
[06] TODO: Write Quick Feet (Ability) test titles: [33mTO_DO[0m
[21] Gulp Missile triggered by explosion doesn't freeze the game: [32mPASS[0m
[23] Pastel Veil prevents Toxic bad poison: [32mPASS[0m
[29] Sheer Force doesn't boost Comeuppance: [32mPASS[0m
[00] Stench doesn't trigger if partner uses a move: [32mPASS[0m
[06] Refrigerate doesn't change Tera Blast's type when Terastallized: [32mPASS[0m
[06] TODO: Write Rock Head (Ability) test titles: [33mTO_DO[0m
[04] Sand Stream sets up sandstorm for 8 turns with Smooth Rock (Gen6+): [32mPASS[0m
[21] Harvest doesn't restore a Berry that's collected via Pickup: [32mPASS[0m
[26] Leaf Guard doesn't prevent Rest if Cloud Nine/Air Lock is on the field: [32mPASS[0m
[03] Scrappy will bypass Ghost-type's even if the Ability is replaced mid attack: [33mKNOWN_FAILING[0m
test/battle/ability/scrappy.c:108: Unmatched ANIMATION
[23] Pickpocket does not activate if the user faints: [32mPASS[0m
[23] (DYNAMAX) Pixilate doesn't turn Max Strike into Max Starfall when used by Gigantamax Alcremie, instead becoming G-Max Finale: [33mTO_DO[0m
[05] Protosynthesis damage calculation is correct: [32mPASS[0m
[31] Costar's message displays correctly after all battlers fainted - Player: [32mPASS[0m
[00] Sturdy prevents OHKO moves: [32mPASS[0m
[11] Intimidate doesn't activate on an empty field in a double battle: [32mPASS[0m
[08] Purifying Salt doesn't prevent Pokémon from being poisoned by Toxic Spikes on switch-in if forced in by phazing with Mold Breaker: [32mPASS[0m
[29] Sheer Force doesn't boost Electro Ball: [32mPASS[0m
[23] Poison Heal does not heal or cause damage when under Heal Block: [32mPASS[0m
[27] Mega Sol lowers the user's Thunder and Hurricane accuracy to 50% in Rain: [32mPASS[0m
[06] Sand Stream sets up sandstorm for 5 turns (Gen6+): [32mPASS[0m
[14] Pixilate doesn't affect Weather Ball's type: [32mPASS[0m
[15] Hospitality user restores 25% of ally's max HP after taking hazard damage: [32mPASS[0m
[04] Scrappy doesn't bypass a Ghost-type's Wonder Guard: [32mPASS[0m
[15] TODO: Write Illuminate (Ability) test titles: [33mTO_DO[0m
[08] Rain Dish recovers 1/16th of Max HP in Rain: [32mPASS[0m
[07] Rocky Payload increases Rock-type move damage: [32mPASS[0m
[29] Minior Core doesn't transform into Minior Meteor on switch-in if it has 1/2 or less health: [32mPASS[0m
[00] Supreme Overlord does not boost attack if party members are already fainted at the start of the battle: [32mPASS[0m
[31] Cursed Body cannot trigger if the target is behind a Substitute: [32mPASS[0m
[26] Magician allows activation of stolen Throat Spray: [32mPASS[0m
[21] Hospitality user restores 25% of ally's health: [32mPASS[0m
[27] Normalize doesn't affect Terrain Pulse's type: [32mPASS[0m
[08] Refrigerate overrides Ion Deluge: [32mPASS[0m
[08] TODO: Write Run Away (Ability) test titles: [33mTO_DO[0m
[23] Poison Touch only applies when using contact moves: [32mPASS[0m
[11] Keen Eye, Gen9+ Illuminate & Minds Eye don't prevent Topsy-Turvy: [32mPASS[0m
[06] Scrappy allows to hit Ghost-type Pokémon with Normal- and Fighting-type moves: [32mPASS[0m
[07] AI will score secondary effects against shield dust correctly when it has Mold Breaker: [32mPASS[0m
[31] Dancer can still copy a move even if it's being forced into a different move - Rollout: [32mPASS[0m
[04] Sheer Force doesn't boost Synchronoise: [32mPASS[0m
[21] Illusion breaks in Neutralizing Gas: [32mPASS[0m
[29] Snow Cloak doesn't increase evasion if Cloud Nine/Air Lock is on the field: [32mPASS[0m
[00] Symbiosis does not transfer its item after an ally's Eject Button activates: [32mPASS[0m
[08] Sand Veil doesn't increase evasion if Cloud Nine/Air Lock is on the field: [32mPASS[0m
[25] Supreme Overlord does not count an opposing partner Trainer's fainted Pokemon in a multi battle: [32mPASS[0m
[31] Dancer doesn't activate if the original move missed: [32mPASS[0m
[14] Protosynthesis activates after weather was reset: [32mPASS[0m
[21] Infiltrator doesn't bypass an ally's Mist: [32mPASS[0m
[26] Mega Sol ignores Sand Veil's accuracy drop: [32mPASS[0m
[06] Sheer Force doesn't boost Steel Roller: [32mPASS[0m
[00] Synchronize does not trigger from Toxic Spikes: [32mPASS[0m
[04] Sheer Force doesn't boost Eruption: [32mPASS[0m
[11] Liquid Ooze causes Strength Sap users to lose HP instead of heal: [32mPASS[0m
[11] TODO: Write Magma Armor (Ability) test titles: [33mTO_DO[0m
[27] Normalize still makes Freeze-Dry do super effective damage to Water-type Pokémon: [32mPASS[0m
[21] Insomnia prevents sleep: [32mPASS[0m
[25] Sword of Ruin reduces Defense if opposing mon's ability doesn't match: [32mPASS[0m
[11] Merciless causes a move to result in a critical hit if the target is poisoned: [32mPASS[0m
[31] Dauntless Shield raises Defense by one stage every time it switches in (Gen8): [32mPASS[0m
[15] Infiltrator bypasses an ally's Substitute (Gen 6+): [32mPASS[0m
[05] Stamina raises Defense by 1 when hit by a move: [32mPASS[0m
[14] Purifying Salt halves damage from Ghost-type moves: [32mPASS[0m
[06] Sheer Force doesn't boost Magnitude: [32mPASS[0m
[07] Shield Dust does not block primary effects: [32mPASS[0m
[00] Tangling Hair drops opposing mon's speed if ability user got hit by a contact move: [32mPASS[0m
[04] Slow Start does not reduce special damage: [32mPASS[0m
[21] Intrepid Sword and Dauntless Shield do not proc at max stage (Skill Swap): [32mPASS[0m
[11] Mirror Armor reflects Tangling Hair speed drop: [32mPASS[0m
[08] Sheer Force doesn't boost Double Shock: [32mPASS[0m
[25] Symbiosis triggers after partner bestows its item: [32mPASS[0m
[31] Defiant doesn't activate when partner's Octolock lowers stats at end of turn: [32mPASS[0m
[23] Primordial Sea prevents other weather abilities: [32mPASS[0m
[06] Slow Start halves physical damage during the first five turns: [32mPASS[0m
[06] TODO: Write Soul Heart (Ability) test titles: [33mTO_DO[0m
[14] Refrigerate doesn't affect Natural Gift's type: [32mPASS[0m
[04] Solid Rock reduces damage to Super Effective moves by 0.75: [32mPASS[0m
[05] Stench has a 10% chance to flinch: [32mPASS[0m
[15] Levitate does not cause single remaining target to take higher damage: [32mPASS[0m
[00] Toxic Chain makes Lum/Pecha Berry trigger before being knocked off: [32mPASS[0m
[07] Spicy Spray burns the attacker: [32mPASS[0m
[27] Orichalcum Pulse sets up sun for 5 turns: [32mPASS[0m
[25] Tangling Hair will trigger if move is boosted by Sheer Force: [32mPASS[0m
[08] AI will score secondary effects against shield dust correctly: [32mPASS[0m
[15] Lightning Rod redirects an ally's attack: [32mPASS[0m
[11] Mold Breaker cancels damage reduction from Ice Scales: [32mPASS[0m
[29] Stalwart stops Lightning Rod and Storm Drain from redirecting moves: [32mPASS[0m
[00] Unburden speed boost is removed after regaining an item with Trick: [32mPASS[0m
[23] Regenerator heals the user and not a fainted party member when switching out with a hit escape move: [32mPASS[0m
[06] Spicy Spray burns the attacker even if the attacker is behind a Substitute: [32mPASS[0m
[07] Steam Engine raises speed when hit by a Fire or Water move: [32mPASS[0m
[21] Keen Eye, Gen9+ Illuminate & Minds Eye ignore target's evasion stat: [32mPASS[0m
[14] Sand Veil increases evasion during sandstorm: [32mPASS[0m
[27] Parental Bond does not trigger on semi-invulnerable moves: [32mPASS[0m
[31] Strong winds continue as long as there's a Pokémon with Delta Stream on the field: [32mPASS[0m
[03] Shed Skin triggers 30% of the time (Gen 4): [32mPASS[0m
[25] Teraform Zero can be supressed: [32mPASS[0m
[23] Sand Rush prevents damage from sandstorm: [32mPASS[0m
[26] Moxie/Chilling Neigh does not trigger when already at maximum Attack stage: [32mPASS[0m
[15] Liquid Ooze causes Matcha Gatcha users to lose HP instead of heal: [32mPASS[0m
[06] Steadfast boosts Speed when the user attempts to move but is flinched: [32mPASS[0m
[11] Neutralizing Gas exiting the field does not activate Imposter even if it did not activate before: [32mPASS[0m
[21] Mycelium Might causes the user to move last in the priority bracket if it uses a status move: [32mPASS[0m
[15] Magic Bounce wont activate if ability user is in a semi-invulnerable position: [32mPASS[0m
[23] Sap Sipper negates effects from Grass-type moves: [32mPASS[0m
[04] Stamina activates correctly for every battler with the ability when hit by a multi target move: [32mPASS[0m
[15] TODO: Write Mega Launcher (Ability) test titles: [33mTO_DO[0m
[23] TODO: Write Shadow Tag (Ability) test titles: [33mTO_DO[0m
[04] Super Luck increases the chances of wild Pokémon holding items (Gen8+): [33mTO_DO[0m
[05] Sword of Ruin's Defense reduction is not ignored by Mold Breaker: [32mPASS[0m
[26] Normalize doesn't affect damaging Z-Move types: [32mPASS[0m
[27] Pastel Veil prevents Poison Sting poison: [32mPASS[0m
[07] Supersweet Syrup can not further lower opponents evasion if it is at minimum stages: [32mPASS[0m
[07] TODO: Write Surge Surfer (Ability) test titles: [33mTO_DO[0m
[11] Neutralizing Gas prevents ally's switch-in ability from activating: [32mPASS[0m
[14] Sheer Force doesn't boost Burn Up: [32mPASS[0m
[03] Tera Shift transforms Terapagos into its Terastal form on switch in: [32mPASS[0m
[06] Sticky Hold prevents Incinerate from destroying gems: [32mPASS[0m
[29] Supreme Overlord's message displays correctly after all battlers fainted - Player: [32mPASS[0m
[21] Neutralizing Gas prevents Trace from copying it: [32mPASS[0m
[25] Tough Claws boosts contact moves when user has Protective Pads, but not with Punching Glove: [32mPASS[0m
[25] TODO: Write Turboblaze (Ability) test titles: [33mTO_DO[0m
[21] Neutralizing Gas activates on switch-in: [32mPASS[0m
[11] Normalize-affected moves become Electric-type under Electrify's effect: [32mPASS[0m
[14] Shield Dust blocks Sparkling Aria if all other targets avoid getting hit by: [32mPASS[0m
[05] Synchronize will still show up the ability pop up even if it fails: [32mPASS[0m
[03] Toxic Chain inflicts bad poison on any hit of a multi-hit move: [32mPASS[0m
[24] (Daycare) Pokémon can breed with Ditto if they don't belong to the Ditto or No Eggs Discovered group: [32mPASS[0m
[24] Full multi partner party menu stops down navigation at partner party count: [32mPASS[0m
[26] Normalize doesn't boost power of unaffected moves by 20% (< Gen7): [32mPASS[0m
[08] Shield Dust blocks secondary effects: [32mPASS[0m
[11] Oblivious prevents Infatuation: [32mPASS[0m
[31] Disguise does not break from a teammate's Wish: [32mPASS[0m
[00] Unseen Fist bypasses protect effects without triggering their contact effects: [32mPASS[0m
[03] Trace will copy an opponent's ability whenever it has the chance but only once: [32mPASS[0m
[08] Sticky Hold prevents Incinerate from destroying berries: [32mPASS[0m
[07] Sword of Ruin doesn't activate when dragged out by Mold Breaker attacker: [32mPASS[0m
[21] Normalize doesn't boost power of affected moves by 20% (< Gen7): [32mPASS[0m
[14] Shields Down protects Minior Meteor from status conditions: [32mPASS[0m
[05] Teraform Zero doesn't activate if there is no weather or terrain: [32mPASS[0m
[27] Pickup doesn't trigger more than once per turn: [32mPASS[0m
[03] Unburden doesn't activate when item is removed in Magic Room: [32mPASS[0m
[29] Swift Swim doesn't double speed if Cloud Nine/Air Lock is on the field: [32mPASS[0m
[08] Supersweet Syrup lowers evasion of both opposing mon's in battle: [32mPASS[0m
[05] Thermal Exchange boosts attack if hit by a damaging fire type move: [32mPASS[0m
[26] Orichalcum Pulse sets up sun for 8 turns with Heat Rock: [32mPASS[0m
[04] Supreme Overlord boosts Attack by an additive 10% per fainted mon on its side upon switch in: [32mPASS[0m
[11] Opportunist copies foe stat increase gained via Swagger and Flatter: [32mPASS[0m
[31] Drizzle sets up rain for 5 turns (Gen6+): [32mPASS[0m
[07] Synchronize will mirror back non volatile status back at opposing mon: [32mPASS[0m
[21] Orichalcum Pulse boost applies even if the target holds Utility Umbrella: [32mPASS[0m
[27] Pixilate doesn't affect damaging Z-Move types: [32mPASS[0m
[29] Synchronize can trigger again during the same attack if user cured it's status: [32mPASS[0m
[00] AI's comparison of damaging moves correctly reads moveset indexes for effects: [32mPASS[0m
[11] Own Tempo prevents Intimidate but no other stat down changes (Gen8+): [32mPASS[0m
[26] Parental Bond does not trigger on two turn attacks: [32mPASS[0m
[14] Snow Warning sets up permanent hail (Gen4-5): [32mPASS[0m
[04] Symbiosis transfers its item after Gem consumption and move execution (Gen7+): [32mPASS[0m
[08] Swarm boosts Bug-type moves in a pinch: [32mPASS[0m
[03] Vessel of Ruin affects a Gastro Acid-suppressed Vessel of Ruin user: [32mPASS[0m
[05] Toxic Chain inflicts bad poison when attacking: [32mPASS[0m
[25] Unnerve stops applying on death but applies on revive: [32mPASS[0m
[29] Tangling Hair Speed stat drop triggers defiant and keeps original attacker/target: [32mPASS[0m
[07] Thermal Exchange burn prevention can be bypassed with Mold Breaker but is cured after: [32mPASS[0m
[21] Pastel Veil prevents Toxic bad poison on partner - left target: [32mPASS[0m
[15] Mimicry restores the battler's types when terrain is removed by Steel Roller and Ice Spinner: [32mPASS[0m
[11] Parental Bond does not convert a move with three or more strikes to a two-strike move: [32mPASS[0m
[03] Volt Absorb prevents Cell Battery from activating: [32mPASS[0m
[03] TODO: Write Water Veil (Ability) test titles: [33mTO_DO[0m
[14] Speed Boost gradually boosts Speed: [32mPASS[0m
[25] Water Absorb is only triggered once on multi strike moves: [32mPASS[0m
[25] TODO: Write Wimp Out (Ability) test titles: [33mTO_DO[0m
[26] Pastel Veil prevents Poison Sting poison on partner: [32mPASS[0m
[21] Pickpocket cannot steal restricted held items: [32mPASS[0m
[29] Tera Shell only makes the first hit of a double battle turn not very effective: [32mPASS[0m
[05] Vessel of Ruin is active if removed by Mold Breaker Entrainment and Sword of Ruin is active after obtaining it: [32mPASS[0m
[08] A spread move does not consume items received through Symbiosis as resistance Berries: [32mPASS[0m
[04] Synchronize will mirror back static activation: [32mPASS[0m
[07] Toxic Debris does not activate if two layers of Toxic Spikes are already up on the opposing side of the field: [32mPASS[0m
[15] Opportunist does not accumulate opposing mon's stat changes: [32mPASS[0m
[21] Pickup grants an item used by itself in wild battles (Gen9+): [32mPASS[0m
[29] Toxic Chain is blocked by Shield Dust: [32mPASS[0m
[00] AI will consider using Explosion inversely proportional to its missing HP: [32mPASS[0m
[27] Poison Point triggers 1/3 times (Gen3) or 30% (Gen 4+) of the time: [32mPASS[0m
[03] Wind Power sets up Charge for opponent when hit by a wind move: [32mPASS[0m
[15] Parental Bond does not trigger Scale Shot effect on Drain Punch: [32mPASS[0m
[14] Stall and Lagging Tail action order depends on Speed (Trick Room): [32mPASS[0m
[05] Volt Absorb does not stop Electric Typed Explosion from damaging other Pokémon: [32mPASS[0m
[14] TODO: Write Steely Spirit (Ability) test titles: [33mTO_DO[0m
[26] Pickpocket checks contact/effect per target for spread moves: [32mPASS[0m
[11] Pickpocket activates after Knock Off, Bug Bite, or Pluck: [32mPASS[0m
[26] Pixilate doesn't affect Max Strike's type: [33mTO_DO[0m
[27] TODO: Write Reckless (Ability) test titles: [33mTO_DO[0m
[25] Wind Rider raises Attack by one stage if Tailwind is setup by its partner: [32mPASS[0m
[08] Tablets of Ruin's message displays correctly after all battlers fainted - Opponent: [32mPASS[0m
[04] Teraform Zero doesn't reactivate when Terapagos-Stellar switches back in: [32mPASS[0m
[07] Trace copies opponents ability on switch-in even if opponent switched in at the same time: [32mPASS[0m
[04] TODO: Write Teravolt (Ability) test titles: [33mTO_DO[0m
[29] Trace respects the turn order: [32mPASS[0m
[21] Bad poison counter still increases each turn if the Pokemon has Poison Heal: [32mPASS[0m
[00] AI can choose a status move that boosts the attack by two: [32mPASS[0m
[15] Pastel Veil cures partner's poison on initial switch in: [32mPASS[0m
[04] Toxic Chain is checked before the move's additional effect: [32mPASS[0m
[11] Poison Puppeteer confuses target if it was poisoned by a damaging move: [32mPASS[0m
[11] TODO: Write Power Spot (Ability) test titles: [33mTO_DO[0m
[05] Weak Armor doesn't interrupt multi hit moves if Speed can't go any higher: [32mPASS[0m
[15] Pickpocket activates after Sticky Barb transfers: [32mPASS[0m
[29] Unburden reactivates after consuming an item again: [32mPASS[0m
[26] Poison Point will not poison Poison-Type targets with corrosion: [32mPASS[0m
[08] Teraform Zero shouldn't cause Neutralizing Gas to show it's popup when trying to activate: [32mPASS[0m
[07] Unburden doubling speed effect is ignored by Neutralizing Gas: [32mPASS[0m
[11] Pressure's effect doesn't apply to Sticky Web: [32mPASS[0m
[14] Storm Drain forces single-target Water-type moves to target the Pokémon with this Ability: [32mPASS[0m
[03] AI correctly records assumed STAB moves: [32mPASS[0m
[25] Gastro Acid, Worry Seed, and Simple Beam fail if the target has the Ability Zero to Hero: [32mPASS[0m
[03] AI hits to KO damage rounding works correctly: [32mPASS[0m
[08] Thermal Exchange cures burns when acquired: [32mPASS[0m
[00] Fillet Away AI handling: [32mPASS[0m
[27] Rivalry doesn't modify power if the target is genderless: [32mPASS[0m
[07] Vessel of Ruin is still active if removed by Mold Breaker + Entrainment: [32mPASS[0m
[21] Poison Touch activates when user has Protective Pads, but not with Punching Glove: [32mPASS[0m
[15] Pickup doesn't grant an item after its holder faints: [32mPASS[0m
[14] Sweet Veil prevents Sleep on partner - left target: [32mPASS[0m
[05] Wind Power sets up Charge for player when hit by a wind move: [32mPASS[0m
[29] Unnerve doesn't prevent opposing Pokémon from using Natural Gift: [32mPASS[0m
[11] Protosynthesis keeps its initial boosted stat after Speed is lowered: [32mPASS[0m
[00] AI uses Quick Guard against Quick Attack when opponent would take poison damage: [32mPASS[0m
[07] Volt Absorb is only triggered once on multi strike moves: [32mPASS[0m
[11] Purifying Salt makes Rest fail: [32mPASS[0m
[29] Water Bubble prevents burn from Will-o-Wisp: [32mPASS[0m
[03] AI won't increase its stats if it's about to fall asleep due to Yawn: [32mPASS[0m
[21] Primordial Sea can be replaced by Desolate Land: [32mPASS[0m
[11] Rattled boosts speed by 1 when affected by Intimidate (Gen8+): [32mPASS[0m
[27] Sheer Force doesn't boost Payback: [32mPASS[0m
[07] Weak Armor doesn't interrupt multi hit moves if Defense can't go any lower: [32mPASS[0m
[26] Poison Touch has a 30% chance to poison when attacking with contact moves: [32mPASS[0m
[04] Trace copies opponents ability randomly: [32mPASS[0m
[21] Protosynthesis uses Wonder Room swapped defenses when choosing boosted stat: [32mPASS[0m
[06] Super Luck increases the critical hit ratio by 1 stage: [32mPASS[0m
[03] AI sees that Primal weather can block a move by type: [32mPASS[0m
[11] Refrigerate doesn't affect Hidden Power's type: [32mPASS[0m
[14] Sword of Ruin's message displays correctly after all battlers fainted - Opponent: [32mPASS[0m
[08] Toxic Debris sets Toxic Spikes on the opposing side even when hit by an ally: [32mPASS[0m
[25] AI will consider using Final Gambit if it expects to KO and outspeeds: [32mPASS[0m
[00] AI sees increased base power of Grav Apple: [32mPASS[0m
[15] Pixilate boosts power of affected moves by 20% (Gen7+) or 30% (Gen1-6): [32mPASS[0m
[03] AI score for Mean Look will be decreased if target can escape: [32mPASS[0m
[07] Tailwind does not trigger Wind Rider on an absent ally battler: [32mPASS[0m
[25] AI without any flags chooses moves at random - singles: [32mPASS[0m
[14] Symbiosis transfers its item to an ally after it consumes a weakness berry: [32mPASS[0m
[04] Zen Mode switches Darmanitan's form when HP is healed above half: [32mPASS[0m
[08] Vessel of Ruin does not reduce Sp. Atk if Neutralizing Gas is on the field: [32mPASS[0m
[29] Wind Power activates correctly for every battler with the ability when hit by a 3 target move: [32mPASS[0m
[14] Tablets of Ruin reduces Attack if opposing mon's ability doesn't match: [32mPASS[0m
[26] Protosynthesis ability pop up activates only once during the duration of sunny day: [32mPASS[0m
[04] AI will try to withstand hit with absorbing move: [32mPASS[0m
[27] Sheer Force doesn't boost Belch: [32mPASS[0m
[05] AI_FLAG_ASSUME_STAB does not see the player's non-STAB moves: [32mPASS[0m
[15] Protosynthesis doesn't activate if Cloud Nine/Air Lock is on the field: [32mPASS[0m
[14] Teraform Zero cannot be swapped: [32mPASS[0m
[25] AI prefers Water Gun over Bubble if it knows that foe has Contrary: [32mPASS[0m
[14] TODO: Write Tinted Lens (Ability) test titles: [33mTO_DO[0m
[08] Volt Absorb activates on status moves: [32mPASS[0m
[21] Quark Drive prioritizes stats in the case of a tie in the following order: Atk, Def, Sp.Atk, Sp.Def, Speed: [32mPASS[0m
[26] Quark Drive activates on switch-in: [32mPASS[0m
[05] AI will not prioritize a regular OHKO over a berry-reduced OHKO: [32mPASS[0m
[15] Rattled does not boost speed by 1 when affected by Intimidate (Gen5-7): [32mPASS[0m
[07] Zen Mode switches Darmanitan's form to Standard when swapped out: [32mPASS[0m
[27] Minior Core transforms into Minior Meteor on battle start if it has more than 1/2 health: [32mPASS[0m
[29] Bolt Beak damage will be correctly seen by AI (doubles): [32mPASS[0m
[03] AI will only choose Surf 1/3 times if the opposing mon has Volt Absorb: [32mPASS[0m
[06] AI uses Skill Swap against Poison Heal: [32mPASS[0m
[14] Each hit of a Multi Hit move activates Toxic Debris: [32mPASS[0m
[21] Sap Sipper does not increase Attack if already maxed: [32mPASS[0m
[21] TODO: Write Shadow Shield (Ability) test titles: [33mTO_DO[0m
[08] Weak Armor still lowers Defense if Speed can't go any higher: [32mPASS[0m
[11] Sand Force increases the power of Rock-, Ground- and Steel-type moves by 30% in sandstorm: [32mPASS[0m
[29] AI is encouraged to use pivot moves if the target has a Sash or Multiscale effect and the AI has a good switchin: [32mPASS[0m
[08] Wind Rider absorbs Wind moves and raises Attack by one stage: [32mPASS[0m
[26] Receiver copies ally's ability when they faint and immediately activates it: [32mPASS[0m
[05] AI won't setup if it can KO through Sturdy effect: [32mPASS[0m
[29] Move scoring comparison properly awards bonus point to best OHKO move: [32mPASS[0m
[20] Mold Breaker, Teravolt, and Turboblaze ignore Clear Body and White Smoke, but not Full Metal Body: [32mPASS[0m
[03] Belly Drum - physical move >50pct damage vs ice face already used: [32mPASS[0m
[11] Shield Dust blocks Sparkling Aria in singles: [32mPASS[0m
[27] Slush Rush doubles speed from hail: [32mPASS[0m
[11] Wild Minior appear in Meteor form without transforming: [32mPASS[0m
[08] Zen Mode switches Darmanitan's form when HP is half or less at the end of the turn: [32mPASS[0m
[29] AI sees popped Air Balloon: [32mPASS[0m
[13] Sleep Clause: Effect Spore causes sleep 11% (Gen5+) of the time with sleep clause active (Doubles): [32mPASS[0m
[00] Choiced Pokémon switch out after using a status move once: [32mPASS[0m
[15] Refrigerate doesn't affect Weather Ball's type: [32mPASS[0m
[11] Slush Rush doesn't double speed if Cloud Nine/Air Lock is on the field: [32mPASS[0m
[03] AI will select Throat Chop if the sound move is the best damaging move from opposing mon: [32mPASS[0m
[27] Snow Warning sets up hail for 5 turns (Gen6-8): [32mPASS[0m
[29] AI will choose Superpower over Outrage with Contrary: [32mPASS[0m
[25] AI scores Order Up's stat boost only with Commander: [32mPASS[0m
[13] Spread Moves: Super Effective Message on both player mons: [32mPASS[0m
[14] Transistor increases Electric-type attack / special attack: [32mPASS[0m
[26] Regenerator heals 1/3 of max HP upon switching out: [32mPASS[0m
[05] AI won't use status moves against opponents that would benefit: [32mPASS[0m
[11] Snow Warning sets up snow for 5 turns (Gen9+): [32mPASS[0m
[09] Sleep Clause: Yawn'd Pokémon slept due to Effect Spore before Yawn triggers does not activate sleep clause: [32mPASS[0m
[00] AI_FLAG_SMART_MON_CHOICES: AI sees HP changes on switchin when doing switchin calcs: [32mPASS[0m
[27] Spicy Spray burns the attacker even if the defender faints: [32mPASS[0m
[11] Soundproof makes sound moves fail against the ability user: [32mPASS[0m
[29] AI scores KOs with two turn moves correctly, considering Power Herb: [32mPASS[0m
[09] Sleep Clause: Sleep clause is deactivated when a sleeping mon is woken up forcefully by Uproar: [32mPASS[0m
[03] AI uses Tailwind to trigger Wind Rider (Single): [32mPASS[0m
[14] Zero to Hero's message displays correctly after all battlers fainted - Player: [32mPASS[0m
[11] Stall user can move before faster battlers when Quick Claw activates: [32mPASS[0m
[20] TODO: Write Serene Grace (Ability) test titles: [33mTO_DO[0m
[27] Stall causes the user to move last in its priority bracket (Trick Room): [32mPASS[0m
[29] Clangorous Soul - gets best move boost when player does under 67 pct damage: [32mPASS[0m
[11] Sticky Hold prevents item theft: [32mPASS[0m
[06] Choiced Pokémon won't use status move if they don't have a good switchin: [32mPASS[0m
[05] First Impression is not chosen if it's blocked by certain abilities: [32mPASS[0m
[25] Choiced Pokémon won't switch out if they can still affect one opposing Pokémon in doubles: [32mPASS[0m
[06] AI_FLAG_PREDICT_MOVE: AI will still attack you when it should: [32mPASS[0m
[27] Stance Change changes Aegislash from Shield to Blade when using a damaging move: [32mPASS[0m
[11] Supersweet Syrup lowers evasion once per battle by one stage: [32mPASS[0m
[03] AI uses Snore or Sleep Talk after using Rest: [32mPASS[0m
[05] AI will not use Throat Chop if opposing mon has a better move: [32mPASS[0m
[29] AI uses Worry Seed against Rest: [32mPASS[0m
[14] AI scores fixed damage moves correctly: [32mPASS[0m
[00] AI_FLAG_RANDOMIZE_SWITCHIN: AI will consider all mons that meet the specified threshold (type matchup): [32mPASS[0m
[06] AI_FLAG_RISKY: AI will blindly Mirror Coat against special attackers: [32mPASS[0m
[11] Sweet Veil prevents Yawn activation: [32mPASS[0m
[14] Move scoring comparison properly awards bonus point to best OHKO move: [32mPASS[0m
[25] AI will choose Earthquake if it kills both opposing mons: [32mPASS[0m
[06] Partner will not steal your pokemon when running out: [32mPASS[0m
[05] AI uses Trick Room (singles): [32mPASS[0m
[03] Choiced Pokémon will switch if locked into a move the player is immune to: [32mPASS[0m
[14] AI correctly records used moves: [32mPASS[0m
[06] AI_FLAG_SMART_TERA: AI will not tera if it gets ko'd by priority: [32mPASS[0m
[00] AI_SMART_MON_CHOICES: AI sees its own weather setting ability when considering switchin candidates: [32mPASS[0m
[27] Supreme Overlord does not count a partner Trainer's fainted Pokemon in a multi battle: [32mPASS[0m
[06] AI_FLAG_SMART_MON_CHOICES: AI sees stat stage changes on switchin when doing switching calcs: [32mPASS[0m
[14] AI won't use Sucker Punch if it expects a status move a percentage of the time: [32mPASS[0m
[05] AI chooses Sleep Talk only when it will not wake up with Early Bird: [32mPASS[0m
[03] AI_FLAG_DOUBLE_ACE_POKEMON: Ace mons won't be switched in even if they are the best candidates (reversed): [32mPASS[0m
[27] Opposing Symbiosis ignores the player's stolen-item record: [32mPASS[0m
[11] Sword of Ruin increases damage taken by special moves in Wonder Room: [32mPASS[0m
[00] AI_FLAG_SMART_SWITCHING: AI won't switch in absorbing mon immediately after sending out new mon: [32mPASS[0m
[06] AI_SMART_MON_CHOICES: AI sees its own terrain setting ability when considering switchin candidates: [32mPASS[0m
[25] AI will only Beat Up for Rage Fist if it can hit at least one opponent: [32mPASS[0m
[13] Switch-in abilities trigger in Speed Order after post-KO switch - Double Battle: [32mPASS[0m
[14] AI prefers Earthquake over Drill Run if both require the same number of hits to ko: [32mPASS[0m
[27] Symbiosis triggers after partners berry eaten from bug bite: [32mPASS[0m
[26] Shed Skin triggers 33% of the time (Gen 5): [32mPASS[0m
[00] AI_FLAG_SMART_SWITCHING: AI will switch out if it has been Encore'd into a status move: [32mPASS[0m
[29] Choiced Pokémon won't use stat boosting moves: [32mPASS[0m
[27] Tangling Hair does not trigger on Clear Body: [32mPASS[0m
[14] Belly Drum - special move vs ice face active correctly handled: [32mPASS[0m
[06] AI_FLAG_SMART_SWITCHING: AI will consider Hidden Power when triggering absorbing switches: [32mPASS[0m
[24] (Pokerus) Test PartySpreadPokerus: do not spread if POKERUS_ENABLED is false: [32mPASS[0m
[11] Thick Fat halves damage from fire and ice type moves: [32mPASS[0m
[24] Random mon generation resolves teachable moves: [32mPASS[0m
[14] AI will increase speed if it is slower: [32mPASS[0m
[27] Tera Shell respects immunity: [32mPASS[0m
[03] AI uses Guard Split to improve its stats: [32mPASS[0m
[06] AI_FLAG_SMART_MON_CHOICES: AI correctly handles abilities when scoring moves: [32mPASS[0m
[00] AI_FLAG_SMART_SWITCHING: AI will switch out if it has been Curse'd 50% of the time: [32mPASS[0m
[11] Transistor is blocked by neutralizing gas: [32mPASS[0m
[13] Trainer Slide: Doubles: Player Lands First Down: [32mPASS[0m
[13] Compression test: tilemap large LZ: [32mPASS[0m
[06] AI_FLAG_SMART_SWITCHING: AI will not cycle Intimidate in doubles when one target punishes stat drops: [32mPASS[0m
[26] Teraform Zero clears weather and terrain upon activation: [32mPASS[0m
[13] Compression test: table generation 53 11: [32mPASS[0m
[26] TODO: Write Tough Claws (Ability) test titles: [33mTO_DO[0m
[13] Compression test: medium mode 3 smol: [32mPASS[0m
[13] Compression test: Mr. Mime fastLZ: [32mPASS[0m
[24] Map names fit in popup: [32mPASS[0m
[11] Vessel of Ruin reduces Sp. Atk if opposing mon's ability doesn't match: [32mPASS[0m
[27] Toxic Boost increases Attack by 50% when the Pokémon is poisoned: [32mPASS[0m
[14] AI uses Simple Beam against Contrary Leaf Storm: [32mPASS[0m
[06] AI_FLAG_SMART_SWITCHING: AI will switch out if player's mon is charging and it has a good switchin immunity (ability): [32mPASS[0m
[11] Wandering Spirit copied ability triggers on fainted mon: [32mPASS[0m
[27] Unnerve prints the correct string (opponent): [32mPASS[0m
[26] Toxic Debris does not activate if two layers of Toxic Spikes are already up: [32mPASS[0m
[13] (TERA) Terastallizing into the same type with Adaptability gives 2.25x STAB: [32mPASS[0m
[26] TODO: Write Unaware (Ability) test titles: [33mTO_DO[0m
[24] Move names fit on Move Relearner Screen: [32mPASS[0m
[14] AI sees increased base power of Facade: [32mPASS[0m
[29] AI will choose Beat Up on an ally with Rage Fist if it will benefit the ally: [32mPASS[0m
[27] Water Absorb does not activate if protected: [32mPASS[0m
[03] AI treats an ally's redirection ability appropriately (gen 5+): [32mPASS[0m
[13] Anticipation treats dynamic move types as their base type (Normal), Multi-Attack: [32mPASS[0m
[06] AI won't use trapping behaviour if player only has 1 mon left: [32mPASS[0m
[00] AI_FLAG_SMART_MON_CHOICES: AI will not switch in a Pokemon which is slower and gets 1HKOed after fainting: [32mPASS[0m
[27] Wind Power displays its message before fainting when triggered: [32mPASS[0m
[13] Arena Trap doesn't prevent switch outs via Shed Shell: [32mPASS[0m
[11] Weak Armor lowers Defense by 1 and boosts Speed by 1 (Gen5-6) or 2 (Gen7+) when hit by a physical attack: [32mPASS[0m
[14] AI_FLAG_DOUBLE_ACE_POKEMON: U-Turn will send out an Ace Mon if no other options remain: [32mPASS[0m
[13] Ball Fetch doesn't trigger in Max Raid Battles: [33mTO_DO[0m
[03] AI recognizes its ally's Telepathy: [32mPASS[0m
[03] AI understands Quick Guard: [33mTO_DO[0m
[06] AI_FLAG_SMART_MON_CHOICES: Avoid infinite loop if damage taken is equal to recurring healing: [32mPASS[0m
[29] AI skips Trick/Bestow with unexchangeable items: [32mPASS[0m
[06] AI will switch out if it has no move that affects the player: [32mPASS[0m
[19] Sheer Force only boosts the damage of moves it's supposed to boost (Gen5): [32mPASS[0m
[00] AI sees on-field player ability correctly and does not see previous Pokémon's ability after player uses a pivot move when choosing a post-KO switch: [32mPASS[0m
[22] Sheer Force only boosts the damage of moves it's supposed to boost (Gen2): [32mPASS[0m
[05] Choiced Pokémon won't use status move if they are trapped: [32mPASS[0m
[13] Beads of Ruin will not be deactivated with Ability Shield: [32mPASS[0m
[11] AI_FLAG_ASSUME_STATUS_MOVES correctly records assumed status moves: [32mPASS[0m
[29] AI_FLAG_PREDICT_SWITCH: AI would switch out in hit escape scenario: [32mPASS[0m
[06] AI revives the best fainted ally with Revival Blessing: [32mPASS[0m
[27] Wonder Guard does not activate when targeted by moves super effective against it: [32mPASS[0m
[29] AI_FLAG_RISKY: AI will prioritize Revenge if slower: [32mPASS[0m
[13] Beast Boost considers Power Split: [32mPASS[0m
[05] AI won't use Sucker Punch if it expects a move of the same priority bracket and the opponent is faster: [32mPASS[0m
[14] AI uses Tailwind to trigger Wind Rider (Doubles): [32mPASS[0m
[26] Unnerve activates only once per switch-in: [32mPASS[0m
[19] AI can switch out if it loses the 1v1: [32mPASS[0m
[10] Sleep Clause: Sleep from Effect Spore will not activate sleep clause: [32mPASS[0m
[00] TIE_BREAK_TARGET with TARGET_TIE_RANDOM randomizes AI target: [32mPASS[0m
[26] Water Absorb activates on status moves: [32mPASS[0m
[13] Bulletproof makes ballistic moves fail against the ability user: [32mPASS[0m
[27] AI will use Recovery move if it outheals your damage and outspeeds: [32mPASS[0m
[10] Spread Moves: Not very effective message on both player mons: [32mPASS[0m
[14] AI will choose Earthquake if partner is not alive: [32mPASS[0m
[19] AI_FLAG_SMART_SWITCHING: AI will consider player's priority when evaluating Bad Odds 1v1: [32mPASS[0m
[22] AI uses After You to set up Trick Room: [32mPASS[0m
[26] Tailwind does not trigger Wind Power on an absent ally battler: [32mPASS[0m
[27] AI avoids contact moves against rocky helmet: [32mPASS[0m
[05] AI_FLAG_RISKY: AI will blindly Counter against physical attackers: [32mPASS[0m
[26] Wind Rider raises Attack by one stage if it sets up Tailwind: [32mPASS[0m
[03] AI considers status orbs and abilities for Trick/Bestow: [32mPASS[0m
[14] AI will not use Protect if its left ally is about to trigger Justified with Beat Up: [32mPASS[0m
[19] AI_FLAG_SMART_SWITCHING: AI will switch out if Encore'd into neutral move with good switchin 50% of the time: [32mPASS[0m
[27] AI won't use ground type attacks against flying type Pokemon unless Gravity is in effect: [32mPASS[0m
[14] AI will not choose Earthquake if its ally has Levitate but both foes are immune to Ground: [32mPASS[0m
[14] AI understands Instruct: [33mTO_DO[0m
[26] Zero to Hero will activate if a switch move is used: [32mPASS[0m
[05] Partner will not steal your pokemon to delay using their ace: [32mPASS[0m
[27] Retaliate sees damage correctly on the field: [32mPASS[0m
[29] AI opponents do not steal their partner pokemon in multi battle when forced out: [32mPASS[0m
[19] AI_FLAG_SMART_SWITCHING: AI will switch out if it has been Leech Seed'd 25% of the time: [32mPASS[0m
[27] Clangorous Soul - unaware prevents score boost: [32mPASS[0m
[19] AI_FLAG_SMART_MON_CHOICES: Mid-battle switches prioritize offensive options after Eject Button: [32mPASS[0m
[00] Protect: AI avoids Protect vs moves that ignore protection (Single): [32mPASS[0m
[13] Clear Body, Full Metal Body, and White Smoke don't prevent Attack reduction from burn: [32mPASS[0m
[05] AI_FLAG_SMART_TERA: AI might tera if it gets saved from a ko: [32mPASS[0m
[03] Battler 2 has AI flags set correctly (2v1): [32mPASS[0m
[26] AI does not target itself with selected moves in doubles (TARGET_FOES_AND_ALLY): [32mPASS[0m
[14] AI skips Trick/Bestow if the target has a Substitute: [32mPASS[0m
[05] AI_FLAG_SMART_SWITCHING: Fake Out style moves won't confuse choiced AI into thinking it does no damage: [32mPASS[0m
[22] AI will only explode and kill everything on the field with Risky or Will Suicide (doubles): [32mPASS[0m
[19] AI_FLAG_SMART_MON_CHOICES: Eject Button will send out Ace Mon if it's the only one remaining: [32mPASS[0m
[18] Sleep Clause: Sleep caused by Effect Spore does not prevent sleep clause from ever activating: [32mPASS[0m
[00] Dynamax: Feint bypasses Max Guard but doesn't break it: [32mPASS[0m
[03] AI_FLAG_SMART_MON_CHOICES: AI sees status changes on switchin when doing switching calcs: [32mPASS[0m
[13] Corrosion does not make Toxic Spikes poison a Corrosion user Terastallized into Steel: [32mPASS[0m
[05] AI_FLAG_SMART_SWITCHING: AI considers 0 hits to KO as losing a 1v1: [32mPASS[0m
[14] AI_FLAG_PREDICT_SWITCH: AI would switch out in predicted-incoming-mon scenario: [32mPASS[0m
[03] AI_SMART_MON_CHOICES: AI sees its own terrain setting ability's effect on failed moves when considering switchin candidates: [33mKNOWN_FAILING[0m
test/battle/ai/ai_switching.c:2441: Expected partyIndex 1, got 2
[18] Sleep Clause: Dark Void can only sleep one opposing mon if sleep clause is active: [32mPASS[0m
[00] Dynamax: Dynamaxed Pokemon are immune to Torment: [32mPASS[0m
[29] AI_FLAG_RANDOMIZE_SWITCHIN: AI will consider all mons that meet the specified threshold (defensive): [32mPASS[0m
[26] AI will use recovery move if it outheals your damage and is outsped: [32mPASS[0m
[22] Heal Bell and Jungle Healing skip curing a partner that benefits from burn: [32mPASS[0m
[00] Dynamax: Dynamaxed Pokemon cannot be flinched: [32mPASS[0m
[18] Sleep Clause: AI will not use Yawn while sleep clause is active: [32mPASS[0m
[19] AI will not try to switch for the same Pokémon for 2 spots in a double battle (all bad moves): [32mPASS[0m
[05] Switch AI: Palafin uses Flip Turn when faster to transform (Doubles): [32mPASS[0m
[22] AI skips Trick around Sticky Hold: [32mPASS[0m
[03] AI_FLAG_SMART_MON_CHOICES: AI will consider choice-locked player priority when determining which mon to send out: [32mPASS[0m
[13] Costar's message displays correctly after all battlers fainted - Opponent: [32mPASS[0m
[18] Sleep Clause: Rest can still be used when sleep clause is active (Doubles): [32mPASS[0m
[10] Switch-in abilities trigger in Speed Order after post-KO switch - 2v1: [32mPASS[0m
[19] AI uses Mega Evolution: [32mPASS[0m
[26] AI prefers Bubble over Water Gun if it's slower: [32mPASS[0m
[07] AI is discouraged from using pivot moves if it has no good switchin and does not KO: [32mPASS[0m
[03] Switch AI: Palafin hard switches when slower even with Flip Turn (Single): [32mPASS[0m
[27] AI sees type-changing moves as the correct type: [32mPASS[0m
[13] Cotton Down correctly gets blocked by stat reduction preventing abilities: [32mPASS[0m
[18] Sleep Clause: Sleep moves fail when sleep clause is active (Doubles): [32mPASS[0m
[29] AI_FLAG_SMART_MON_CHOICES: AI will properly consider immunities when determining switchin type matchup (Doubles): [32mPASS[0m
[19] AI uses Z-Moves -- Z-Detect: [32mPASS[0m
[13] Cute Charm cannot infatuate same gender: [32mPASS[0m
[18] Spread Moves: Spread move vs Wide Guard: [32mPASS[0m
[26] Belly Drum - physical move >50 pct damage gets blocked by ice face, allowing setup: [32mPASS[0m
[24] Critical hits without modifiers occur at different rates by generation: [32mPASS[0m
[19] Relic Song transforms Meloetta before taking Life Orb damage: [32mPASS[0m
[27] AI uses Gear Up: [32mPASS[0m
[05] AI_FLAG_SMART_SWITCHING: AI won't switch out if Yawn'd with only Ace mon remaining: [32mPASS[0m
[10] Trainer Slide: Doubles: Last Switchin: [32mPASS[0m
[10] Compression test: tilemap small smolTM VRAM: [32mPASS[0m
[03] AI_FLAG_SMART_SWITCHING: AI won't switch in ace mon after U-Turn if other options available: [32mPASS[0m
[10] Compression test: table generation 51 13: [32mPASS[0m
[13] Dancer still activates after Red Card: [32mPASS[0m
[10] Compression test: large mode 3 smol: [32mPASS[0m
[10] Compression test: bubbles Smol: [32mPASS[0m
[18] Switch-in abilities trigger in Speed Order at the battle's start - Single Battle: [32mPASS[0m
[19] Aegislash reverts to Shield Form upon switching out: [32mPASS[0m
[27] AI does not use Helping Hand on Good as Gold ally: [32mPASS[0m
[07] AI chooses best post-KO switch with stored Wish: [32mPASS[0m
[19] Morpeko Hangry reverts to Full Belly Form upon battle end after changing forms at the end of the turn: [32mPASS[0m
[13] Dancer triggers from slowest to fastest during Trick Room (Gen 7): [32mPASS[0m
[26] AI uses Sparkling Aria to cure an enemy with Guts: [32mPASS[0m
[24] Anger Shell activates after all hits from a multi-hit move: [32mPASS[0m
[18] Trainer Slide: Multi: Mega Evolution: [32mPASS[0m
[03] AI_FLAG_SMART_SWITCHING: AI will switch out if opponent uses two-turn move and it has a switchin that wins 1v1: [32mPASS[0m
[19] Battle Bond Greninja returns to base form upon battle end after knocking out an opponent: [32mPASS[0m
[10] (TERA) Adaptability does not affect Stellar-type moves: [32mPASS[0m
[24] Anticipation considers Synchronoise as an ordinary Psychic-type move: [32mPASS[0m
[29] Switch AI: Palafin hard switches into absorb abilities instead of Flip Turn (Doubles): [32mPASS[0m
[10] Anticipation does not consider ate-abilities: [32mPASS[0m
[13] Dazzling, Queenly Majesty and Armor Tail protect from all multi hit hits with one activation: [32mPASS[0m
[18] Trainer Slide: Doubles: Enemy Lands First Critical Hit: [32mPASS[0m
[18] Compression test: tilemap small smolTM: [32mPASS[0m
[18] Compression test: table generation 57 7: [32mPASS[0m
[18] Compression test: large mode 2 smol: [32mPASS[0m
[10] Arena Trap prevents switching but Smoke Ball allows fleeing: [32mPASS[0m
[18] Compression test: Ledian fastLZ: [32mPASS[0m
[18] Aerilate doesn't affect Max Strike's type: [33mTO_DO[0m
[24] Aroma Veil protects the Pokémon's side from Encore: [32mPASS[0m
[26] AI uses Refresh only when curing status is worthwhile: [32mPASS[0m
[03] AI_FLAG_SMART_SWITCHING: AI will switch out if it has been Toxic'd for at least two turns 50% of the time with more than 1/3 HP remaining with good switchin: [32mPASS[0m
[10] Bad Dreams causes Pokémon with Comatose to lose 1/8 of HP: [32mPASS[0m
[19] Causing a Forecast or Flower Gift Pokémon to faint should not cause a message: [32mPASS[0m
[29] AI_FLAG_SMART_SWITCHING: AI will not cycle Intimidate when target blocks or punishes Attack drops: [32mPASS[0m
[14] AI_FLAG_SEQUENCE_SWITCHING: AI will always switch into lowest party index after U-Turn, Parting Shot, Baton Pass, and Chilly Reception: [32mPASS[0m
[26] AI uses Magnetic Flux: [32mPASS[0m
[07] TIE_BREAK_SCORE with SCORE_TIE_RANDOM randomizes AI move selection (Doubles): [32mPASS[0m
[19] Primal Reversion is reverted upon battle end: [32mPASS[0m
[03] AI switches if Perish Song is about to kill: [32mPASS[0m
[25] AI won't use the same nondamaging move as its partner for no reason: [32mPASS[0m
[14] Switch AI: Palafin-Hero does not switch to activate Zero to Hero again (Single): [32mPASS[0m
[18] Analytic increases the power of moves by 30% if it's the last one that uses its move: [32mPASS[0m
[10] Beads of Ruin will still be active while suppressed after Ability Shield is removed: [32mPASS[0m
[07] AI sees No Guard affects semi-invulnerable moves: [32mPASS[0m
[06] TIE_BREAK_TARGET with TARGET_TIE_CHOSEN can correctly control AI target selection when scores are tied: [32mPASS[0m
[18] Aroma Veil does not protect the Pokémon's side from Imprison: [32mPASS[0m
[24] Beads of Ruin increases damage taken by physical moves in Wonder Room: [32mPASS[0m
[14] Switch AI: AI will switch out if mon has Truant and opponent has invulnerability move and is faster: [32mPASS[0m
[29] AI_FLAG_SMART_SWITCHING: AI will switch out if it has been Nightmare'd 33% of the time: [32mPASS[0m
[03] AI thinking time doesn't explode (Steven multi, smart): [32mPASS[0m
[19] Dynamax: Max Move power is based on the base move: [32mPASS[0m
[19] Dynamax: Baton Pass doesn't pass G-Max Chi Strike's effect: [33mTO_DO[0m
[18] Ball Fetch doesn't trigger if the Pokémon is already holding an item: [32mPASS[0m
[24] Color Change changes the type to Normal when a Pokemon is hit by a forseen attack under the effect of Normalize: [32mPASS[0m
[06] Mega Evolution's order is determined by Speed - player faster: [32mPASS[0m
[27] AI sets up terrain for its ally: [32mPASS[0m
[03] AI sees Loaded Dice damage increase from multi hit moves: [32mPASS[0m
[14] AI_FLAG_SMART_SWITCHING: AI will not switch out if it has been Yawn'd with more than 1/3 HP remaining and it does not have a good switchin: [32mPASS[0m
[10] Beast Boost considers Power Trick: [32mPASS[0m
[06] Primal Reversion happens after a mon is sent out after a mon is fainted: [32mPASS[0m
[25] AI avoids toxic when it can not poison target: [32mPASS[0m
[13] Download doesn't activate if target hasn't been sent out yet: [32mPASS[0m
[19] Dynamax: G-Max Meltdown torments both opponents for 3 turns: [32mPASS[0m
[00] (TERA) All type indicators function correctly: [32mPASS[0m
[18] Beast Boost doesn't trigger if user is fainted: [32mPASS[0m
[24] Comatose Pokémon don't get poisoned by Toxic Spikes on switch-in if forced in by phazing with Mold Breaker: [32mPASS[0m
[06] Ultra Burst's order is determined by Speed - player faster: [32mPASS[0m
[10] Big Pecks prevents Defense stage reduction from moves: [32mPASS[0m
[25] Relic Song transforms once Meloetta in a double battle: [32mPASS[0m
[07] AI uses Z-Moves -- Z-Transform: [32mPASS[0m
[18] Cheek Pouch activation doesn't mutate damage when restoring HP mid battle: [32mPASS[0m
[03] AI predicts semi-invulnerable entry and chooses a move that can still hit: [32mPASS[0m
[13] Dry Skin causes 1/8th Max HP damage in Sun: [32mPASS[0m
[14] AI_FLAG_SMART_SWITCHING: AI will switch in trapping mon mid battle: [32mPASS[0m
[25] Zacian's Iron Head becomes Behemoth Blade upon form change: [32mPASS[0m
[27] AI_FLAG_WEIGH_ABILITY_PREDICTION: AI will predict opposing ability based on its aiRating: [32mPASS[0m
[00] Booster Energy will activate Quark Drive after Electric Terrain ends: [32mPASS[0m
[00] TODO: Write Aguav Berry (Hold Effect) test titles: [33mTO_DO[0m
[03] Wishiwashi reverts to Solo form upon battle end after changing form at the beginning of the battle: [32mPASS[0m
[07] Terapagos reverts to the correct form upon battle end after terastallizing: [32mPASS[0m
[29] AI_FLAG_SMART_MON_CHOICES: AI considers hazard damage when choosing which Pokemon to switch in: [32mPASS[0m
[25] Cramorant reverts to base Form upon battle end after using Surf in battle: [32mPASS[0m
[24] Commander Tatsugiri does not attack if Dondozo faints the same turn it's switched in: [32mPASS[0m
[03] Zacian returns its Hero Form upon battle end: [32mPASS[0m
[07] Aegislash reverts to Shield Form upon battle end after using an attack: [32mPASS[0m
[19] Dynamax: G-Max Stun Shock paralyzes or poisons both opponents: [32mPASS[0m
[13] Embody Aspect does not reactivate after Neutralizing Gas ends if it already activated this switch-in: [32mPASS[0m
[14] AI picks an injured ally to receive Healing Wish: [32mPASS[0m
[28] Front anims work: [32mPASS[0m
[25] Palafin returns to Zero form upon battle end: [32mPASS[0m
[07] Xerneas returns its Neutral Form upon battle end: [32mPASS[0m
[10] Clear Body, Full Metal Body, and White Smoke don't prevent receiving negative stat changes from Baton Pass: [32mPASS[0m
[26] AI uses Tailwind based on speed matchups: [32mPASS[0m
[24] Commander Tatsugiri still avoids moves even when the attacker has No Guard: [32mPASS[0m
[26] AI understands Wide Guard: [33mTO_DO[0m
[13] Emergency Exit doesn't activate when taking residual damage to under 50% max-hp then healing above 50% max-hp - Weather: [32mPASS[0m
[03] Rayquaza returns its base Form upon fainting end after Mega Evolving: [32mPASS[0m
[07] Rayquaza returns its base Form upon battle end after Mega Evolving: [32mPASS[0m
[27] AI_FLAG_RISKY: Mid-battle switches prioritize offensive options: [32mPASS[0m
[03] Mega Evolution doesn't affect turn order (Gen6): [32mPASS[0m
[10] Commander cancels Tatsugiri's pending Dynamax: [32mPASS[0m
[24] Compound Eyes raises accuracy: [32mPASS[0m
[00] Covert Cloak does not block primary effects: [32mPASS[0m
[00] TODO: Write Deep Sea Tooth (Hold Effect) test titles: [33mTO_DO[0m
[25] Dynamax: Venusaur returns its base Form upon fainting end after Gigantamaxing: [32mPASS[0m
[07] Mega Evolution's order is determined by Speed - opponent faster: [32mPASS[0m
[29] AI partner will not switch into a player Pokémon after fainting (2v1): [32mPASS[0m
[19] Dynamax: Heal Pulse heals based on a Pokemon's non-Dynamax HP: [32mPASS[0m
[03] Primal Reversion happens after a switch-in caused by Eject Button: [32mPASS[0m
[24] Cursed Body disables damaging Z-Moves, but not the base move: [32mPASS[0m
[27] Pollen Puff: AI correctly scores moves with EFFECT_HIT_ENEMY_HEAL_ALLY as damaging opponents but not allies: [32mPASS[0m
[18] Clear Body, Full Metal Body, and White Smoke don't prevent Speed reduction from Iron Ball: [32mPASS[0m
[00] Eject Button will activate before Red Card if holder is faster: [32mPASS[0m
[24] Dancer tries to copy a status move but fails if it's under Taunt's effect: [32mPASS[0m
[19] Dynamax: Dynamaxed Pokemon can have their ability changed or suppressed: [32mPASS[0m
[26] AI treats Harvest as a sun benefit only when a berry is involved: [32mPASS[0m
[07] Primal Reversion's order is determined by Speed - player faster: [32mPASS[0m
[25] Mega Evolution happens after switching, but before Focus Punch-like Moves: [32mPASS[0m
[03] Ultra Burst happens after switching, but before Focus Punch-like Moves: [32mPASS[0m
[27] AI will not set up Rain if it is already raining: [32mPASS[0m
[13] Flower Gift increases the attack of Cherrim and its allies by 1.5x: [32mPASS[0m
[10] Commander prevents Tatsugiri's Eject Pack from activating after Sticky Web: [32mPASS[0m
[29] AI penalizes Yawn when target can self-status with Flame/Toxic Orb: [32mPASS[0m
[24] Dancer triggers on Instructed dance moves: [32mPASS[0m
[07] Ultra Burst's order is determined by Speed - opponent faster: [32mPASS[0m
[10] Competitive activates when opposing Octolock lowers stats at end of turn: [32mPASS[0m
[18] Corrosion can poison Poison/Steel types if the Pokémon uses Baneful Bunker: [32mPASS[0m
[13] Forecast transforms Castform back to normal when weather expires: [32mPASS[0m
[28] Sheer Force doesn't boost Dragon Energy: [32mPASS[0m
[00] Eject Pack: Only the fastest Eject Pack will activate after intimidate (switch in after fainting): [32mPASS[0m
[27] AI can switch out both mons in either order: [32mPASS[0m
[24] Dark Aura increases the power of all Dark-type attacks by 33%: [32mPASS[0m
[05] AI_FLAG_SMART_SWITCHING: AI will switch out if it has an absorber and current mon loses the 1v1: [32mPASS[0m
[18] Cud Chew will activate Oran Berry effect again on the next turn: [32mPASS[0m
[28] Minior Core transforms into Minior Meteor on switch-in if it has more than 1/2 health: [32mPASS[0m
[00] Gem modifier is used for all hits of Multi Hit Moves: [32mPASS[0m
[14] TIE_BREAK_SCORE correctly controls AI move selection when scores are tied for all values in enum ScoreTieResolution (Doubles): [32mPASS[0m
[24] Defiant doesn't display ability popup when already at Maximum Attack: [32mPASS[0m
[25] Primal Reversion triggers for multiple battlers if multiple fainted the previous turn: [32mPASS[0m
[27] AI_FLAG_SMART_MON_CHOICES: AI will consider player's priority when evaluating switchin candidates: [32mPASS[0m
[10] Contrary raises Attack when Intimidated in a single battle: [32mPASS[0m
[03] Dynamax: G-Max Replenish recycles allies' berries 50% of the time, even if it faints the foe: [32mPASS[0m
[00] Jaboca Berry triggers before Bug Bite can steal it: [32mPASS[0m
[14] AI uses Z-Moves -- Z-Nature Power: [32mPASS[0m
[05] Relic Song does not transform Pokemon other than Meloetta: [32mPASS[0m
[24] Defiant activates after Sticky Web lowers Speed: [32mPASS[0m
[27] Switch AI: Palafin hard switches under harsh sunlight (Single): [32mPASS[0m
[00] Leftovers recovers 1/16th HP at end of turn: [32mPASS[0m
[00] TODO: Write Loaded Dice (Hold Effect) test titles: [33mTO_DO[0m
[14] AI uses Z-Moves.: [32mPASS[0m
[28] Snow Cloak increases evasion during snow: [32mPASS[0m
[03] Dynamax: G-Max Gold Rush confuses both opponents and generates money: [32mPASS[0m
[08] AI is encouraged to use pivot moves if it benefits from Regenerator and has a good switchin: [32mPASS[0m
[10] Costar copies an ally's stat stages upon entering battle: [32mPASS[0m
[24] Desolate Land blocks damaging Water-type moves and prints the message only once with moves hitting multiple targets: [32mPASS[0m
[00] Mental Herb cures Encore volatile status (Gen 5+): [32mPASS[0m
[13] Gale Wings only grants priority at full HP (Gen 7+): [32mPASS[0m
[04] AI won't be confused by player's one-shot-priority moves (ie. Fake Out, Detect) when comparing speed: [32mPASS[0m
[28] Stall causes the user to move last in its priority bracket: [32mPASS[0m
[03] Dynamax: Max Lightning sets up Electric Terrain: [32mPASS[0m
[05] Power Construct Zygarde reverts to its original form upon battle end: [32mPASS[0m
[24] Dragonize changes Tera Blast's type when not Terastallized: [32mPASS[0m
[18] Damp prevents Explosion-like moves from enemies: [32mPASS[0m
[27] AI_FLAG_SMART_MON_CHOICES: AI will consider choice-locked player when determining which mon to send out: [32mPASS[0m
[28] Static triggers even if attacker is under substitute: [32mPASS[0m
[05] Zacian returns its Hero Form upon battle end: [32mPASS[0m
[13] Hadron Engine activates when entering battle on Electric Terrain: [32mPASS[0m
[00] Micle Berry increases the accuracy of the next used move the same turn the berry was triggered: [32mPASS[0m
[18] Defiant activates after Sticky Web lowers Speed if Court Changed (Gen9): [32mPASS[0m
[28] Stench is blocked by Shield Dust: [32mPASS[0m
[03] Dynamax: Max Knuckle raises both allies' attack: [32mPASS[0m
[08] AI avoids wasting Healing Wish on a mon that dies to hazards: [32mPASS[0m
[26] AI_FLAG_ATTACKS_PARTNER is willing to kill either the partner or the player: [32mPASS[0m
[13] Heatproof halves damage from fire type moves: [32mPASS[0m
[03] Dynamax: Max Moves don't bypass Max Guard: [32mPASS[0m
[05] Venusaur returns its base Form upon fainting end after Mega Evolving: [32mPASS[0m
[28] Sturdy does not prevent non-OHKOs: [32mPASS[0m
[25] Shaymin-Sky reverts to Shaymin-Land when frozen or frostbitten: [32mPASS[0m
[05] Rayquaza can Mega Evolve knowing Dragon Ascent: [32mPASS[0m
[06] Dynamax stat raising moves don't make stat-changing abilities apply to partner: [32mPASS[0m
[27] AI_FLAG_SMART_SWITCHING: AI will switch out to cycle Intimidate in doubles when at least one target is valid: [32mPASS[0m
[13] Hyper Cutter doesn't prevent Topsy-Turvy: [32mPASS[0m
[10] Cute Charm triggers 1/3 times (Gen3) or 30% (Gen 4+) of the time: [32mPASS[0m
[03] Dynamax: Dynamaxed Pokemon can have base moves disabled on their first turn: [32mPASS[0m
[08] TIE_BREAK_SCORE with SCORE_TIE_RANDOM randomizes AI move selection (Singles): [32mPASS[0m
[28] Supreme Overlord's message displays correctly after all battlers fainted - Opponent: [32mPASS[0m
[13] Ice Face blocks physical moves, changing Eiscue into its Noice Face form: [32mPASS[0m
[06] (TERA) Transformed Pokémon can't Terastalize: [32mPASS[0m
[05] Primal Reversion happens after a mon is switched in: [32mPASS[0m
[25] Dynamax: G-Max Steelsurge sets up sharp steel: [32mPASS[0m
[00] Ogerpon Masks increase the base power of moves by 20%: [32mPASS[0m
[27] AI_FLAG_SMART_SWITCHING: AI will switch out if it can't deal damage to a mon with Wonder Guard: [32mPASS[0m
[28] Swift Swim doesn't double speed if they have an Utility Umbrella: [32mPASS[0m
[06] (TERA) Status moves don't expend Stellar's one-time type boost: [32mPASS[0m
[05] Ultra Burst affects turn order: [32mPASS[0m
[03] Dynamax: Illusion doesn't break upon Dynamaxing when illusioned: [32mPASS[0m
[10] Disguised Mimikyu doesn't lose 1/8 of its max HP upon changing to its busted form (Gen7): [32mPASS[0m
[25] Dynamax: Max Rockfall sets up a sandstorm: [32mPASS[0m
[24] Dragon's Maw increases Dragon-type move damage: [32mPASS[0m
[22] AI won't use a Weather changing move if partner already chose such move: [32mPASS[0m
[06] (TERA) Terastallizing into the Stellar-type provides a one-time 1.2x boost to non-STAB moves: [32mPASS[0m
[28] Symbiosis triggers after an ally's Cheek Pouch activates: [32mPASS[0m
[18] Desolate Land blocks weather-setting moves: [32mPASS[0m
[19] Dynamax: Dynamax Level increases HP and max HP multipliers by 0.05 for each level: [32mPASS[0m
[10] Dry Skin heals 1/8th Max HP in Rain: [32mPASS[0m
[13] Infiltrator doesn't ignore a battler's Substitute when using Transform or Sky Drop: [32mPASS[0m
[04] TIE_BREAK_TARGET correctly controls AI target selection when scores are tied for all values in enum TargetTieResolution: [32mPASS[0m
[28] Symbiosis transfers its item to an ally after it consumes an item: [32mPASS[0m
[27] AI will not try to switch for the same Pokémon for 2 spots in a double battle (Wonder Guard): [32mPASS[0m
[25] Dynamax: Super Fang uses a Pokemon's non-Dynamax HP: [32mPASS[0m
[05] Dynamax: G-Max Finale heals allies by 1/6 of their health, even if it faints the foe: [32mPASS[0m
[06] (TERA) Reflect Type copies a Terastallized Pokemon's Tera Type: [32mPASS[0m
[18] Only the fastest Wimp Out (Emergency Exit) user switches out: [32mPASS[0m
[28] Tangling Hair does not activate on confusion damage: [32mPASS[0m
[04] AI uses the best Z-Moves.: [32mPASS[0m
[25] Dynamax: Dynamaxed Pokemon are not affected by phazing moves but no block message is printed if they faint: [32mPASS[0m
[04] AI uses Z-Moves to bypass move limitations: [32mPASS[0m
[03] (TERA) Pokemon with Tera forms change upon Terastallizing: [32mPASS[0m
[10] Electromorphosis sets up Charge when hit by any move: [32mPASS[0m
[28] Tera Shell only makes the first hit against Terapagos from a multi-target move not very effective: [32mPASS[0m
[18] Flower Gift doesn't transform Cherrim if Cloud Nine/Air Lock is on the field: [32mPASS[0m
[06] (TERA) Terastallization's 60 BP floor does not apply to priority moves: [32mPASS[0m
[06] (Z-MOVE) Stat changes from status Z-Moves are not inverted by Contrary: [33mTO_DO[0m
[13] Levitate is seen correctly by switch AI: [32mPASS[0m
[28] Toxic Chain is blocked by Covert Cloak: [32mPASS[0m
[24] Forewarn randomly chooses between same-power moves on one opponent: [32mPASS[0m
[26] AI will only explode and kill everything on the field with Risky or Will Suicide (multi): [32mPASS[0m
[03] (TERA) Terastallizing does not affect the power of non-STAB moves: [32mPASS[0m
[27] AI switches to pass Wish when matchup is bad and ally benefits: [32mPASS[0m
[06] (Z-MOVE) Splintered Stormshards removes terrain when the target is behind a Substitute: [32mPASS[0m
[13] Magic Bounce cannot bounce back powder moves against Grass Types: [32mPASS[0m
[13] TODO: Write Magnet Pull (Ability) test titles: [33mTO_DO[0m
[10] Flower Gift transforms Cherrim back when it switches out: [32mPASS[0m
[05] Dynamax: Max Flare doesn't softlock the game when fainting player partner: [32mPASS[0m
[08] AI will not try to lower opposing stats if target is protected by Flower Veil: [32mPASS[0m
[28] Toxic Debris sets Toxic Spikes on the opposing side if hit by a physical attack: [32mPASS[0m
[06] (Z-MOVE) Stoked Sparksurfer paralyzes the target: [32mPASS[0m
[03] (Z-MOVE) Clangorous Soulblaze boosts all the user's stats by one stage: [32mPASS[0m
[26] AI_FLAG_SMART_SWITCHING: AI will switch out if all moves deal zero damage: [32mPASS[0m
[24] Gorilla Tactics boosts physical damage by 50%: [32mPASS[0m
[13] Mimicry triggers after Skill Swap: [32mPASS[0m
[06] (Z-MOVE) Powder blocks Fire type Z-Moves and deals 25% of maximum HP to the user: [32mPASS[0m
[21] Sheer Force only boosts the damage of moves it's supposed to boost (Gen3): [32mPASS[0m
[27] AI thinking time doesn't explode (singles, no flags): [32mPASS[0m
[03] (Z-MOVE) Extreme Evoboost boosts all the user's stats by two stages: [32mPASS[0m
[25] (TERA) Every battler can use Terastalization - 2v1: [32mPASS[0m
[28] Unnerve prints the correct string (player): [32mPASS[0m
[22] TIE_BREAK_SCORE with SCORE_TIE_CHOSEN can control AI move selection when scores are tied (Doubles): [32mPASS[0m
[10] Fluffy halves damage taken from moves that make direct contact: [32mPASS[0m
[06] (Z-MOVE) Z-Mirror Move raises the user's attack by two stages and copies the last used status move regularly: [32mPASS[0m
[06] Ability Shield protects against Mummy/Lingering Aroma: [33mTO_DO[0m
[03] (Z-MOVE) Powder blocks Fire type Z-Moves (from Z-Mirror Move): [32mPASS[0m
[24] Harvest doesn't restore a Berry when eaten by Bug Bite/Pluck: [32mPASS[0m
[28] Water Absorb heals 25% when hit by water type moves: [32mPASS[0m
[18] Forecast transforms Castform in weather from its own move: [32mPASS[0m
[06] Ability Shield activates a previously suppressed ability when obtained: [32mPASS[0m
[06] TODO: Write Adamant Orb (Hold Effect) test titles: [33mTO_DO[0m
[26] AI_FLAG_SMART_SWITCHING: AI will switch out if player's mon is semi-invulnerable and it has a good switchin: [32mPASS[0m
[25] (TERA) Stellar type does not change the user's defensive profile: [32mPASS[0m
[05] Dynamax: G-Max Replenish recycles allies' berries 50% of the time: [32mPASS[0m
[22] AI uses Z-Moves -- Z-Conversion: [32mPASS[0m
[03] (Z-MOVE) Z-Me First raises the user's speed by two stages and copies the last used non-status move as a Z-Move with boosted damage: [32mPASS[0m
[15] Sheer Force only boosts the damage of moves it's supposed to boost (Gen8): [32mPASS[0m
[24] Illusion works for the second opponent trainer in a battle with two opponent trainers: [32mPASS[0m
[06] Air Balloon can not be restored with Recycle after it has been popped: [32mPASS[0m
[22] Relic Song loses the form-changing effect with Sheer Force: [32mPASS[0m
[28] Wind Power activates correctly when Tailwind is used: [32mPASS[0m
[26] AI_FLAG_SMART_MON_CHOICES: Post-KO switches prioritize offensive options: [32mPASS[0m
[10] Gale Wings doesn't increase priority of Flying-type Natural Gift, Judgment, Hidden Power, or Tera Blast: [32mPASS[0m
[25] (TERA) Terastallizing into the same type gives that type 2x STAB: [32mPASS[0m
[18] Gulp Missile only changes forms for Cramorant: [32mPASS[0m
[05] Dynamax: Max Strike lowers both opponents' speed: [32mPASS[0m
[13] Mirror Armor lowers Speed of the partner Pokemon after Court Change was used by the opponent after it set up Sticky Web: [33mKNOWN_FAILING[0m
test/battle/ability/mirror_armor.c:172: Unmatched ANIMATION
[17] Sleep Clause: Waking up after Effect Spore doesn't deactivate sleep clause: [32mPASS[0m
[03] Ability Shield protects the user from having its ability suppressed by Gastro Acid: [32mPASS[0m
[06] Berserk Gene causes confusion for more than 5 turns: [32mPASS[0m
[06] TODO: Write Binding Band (Hold Effect) test titles: [33mTO_DO[0m
[22] Zamazenta changes into its Crowned Form when holding the Rusted Shield upon battle start: [32mPASS[0m
[03] Air Balloon pops before it can be stolen with Magician: [32mPASS[0m
[10] Guard Dog still raises Attack against Intimidate when holding Clear Amulet: [32mPASS[0m
[21] AI_FLAG_PREDICT_SWITCH: AI can use Focus Punch on predicted switches: [32mPASS[0m
[25] (Z-MOVE) Every battler can use Z-Moves - Singles: [32mPASS[0m
[28] Zero to Hero transforms both player and opponent: [32mPASS[0m
[18] Harvest doesn't restore a Berry when transfered to another Pokémon: [32mPASS[0m
[13] Moody activates at the end of the turn when switched in: [32mPASS[0m
[22] Shaymin retains Land form if it was frozen or frostbitten in battle: [32mPASS[0m
[05] Dynamax: Max Moves deal 1/4 damage through protect: [32mPASS[0m
[27] AI avoids Will-o-Wisp when it can not burn target: [32mPASS[0m
[06] Blunder Policy activates if the first strike of Population Bomb misses: [32mPASS[0m
[06] TODO: Write Smoke Ball (Hold Effect) test titles: [33mTO_DO[0m
[06] TODO: Write Figy Berry (Hold Effect) test titles: [33mTO_DO[0m
[25] (Z-MOVE) Dancer does not use a Z-Move if the battler has used a Z-Move the same turn: [32mPASS[0m
[28] AI does not target itself with selected moves in doubles (TARGET_SELECTED): [32mPASS[0m
[03] Berserk Gene causes confusion timer to not tick down: [32mPASS[0m
[13] Mycelium Might will respect the speed if both battlers have the ability: [32mPASS[0m
[17] Sleep Clause: G-Max Befuddle can only sleep one opposing mon if sleep clause is active: [32mPASS[0m
[06] Lansat Berry raises the holder's critical-hit-ratio by two stages when HP drops to 1/2 or below: [32mPASS[0m
[03] Blunder Policy does not activate if Population Bomb misses after the first strike: [32mPASS[0m
[28] AI won't setup if otherwise good scenario is changed by the presence of priority: [32mPASS[0m
[25] (Z-MOVE) Z-Sleep Talk transforms a used non-status move into a Z-Move: [32mPASS[0m
[18] Hospitality ignores Substitute: [32mPASS[0m
[22] Aegislash reverts to Shield Form upon fainting (start as Shield): [32mPASS[0m
[26] AI_FLAG_SMART_MON_CHOICES: Mid-battle switches prioritize type matchup + SE move, then type matchup: [32mPASS[0m
[03] Blunder Policy will never trigger if the move fails due to an immunity: [32mPASS[0m
[03] TODO: Write Wiki Berry (Hold Effect) test titles: [33mTO_DO[0m
[27] Mimikyu Busted reverts to Disguised form upon battle end after busting its Disguise in battle: [32mPASS[0m
[25] (Z-MOVE) Z-Moves are affected by Ion Deluge: [32mPASS[0m
[28] AI will stop setting up at +4: [32mPASS[0m
[22] Regular Mega Evolution and Fervent Wish Mega Evolution can happen on the same turn: [32mPASS[0m
[26] AI does not switch for Wish if current mon has good matchup: [32mPASS[0m
[17] Sleep Clause: Yawn will fail when sleep clause is active: [32mPASS[0m
[18] Hyper Cutter prevents Attack stage reduction from moves: [32mPASS[0m
[15] Switch AI: Palafin hard switches under harsh sunlight (Doubles): [32mPASS[0m
[10] Hadron Engine boosts the Pokemon's Special Attack on Electric Terrain even if not grounded: [32mPASS[0m
[25] Ability Shield protects against Skill Swap: [32mPASS[0m
[27] Dynamax: Pokemon with Gigantamax forms revert upon switching: [32mPASS[0m
[28] AI sees popped Air Balloon after Air Balloon mon switches out and back in: [32mPASS[0m
[26] Celebrate does not need to be explicitly set in an AI test: [32mPASS[0m
[17] Sleep Clause: Psycho Shift'ing sleep will fail if sleep clause is active: [32mPASS[0m
[13] Neutralizing Gas exiting the field does not activate abilities that were not suppressed by it again: [32mPASS[0m
[13] Opportunist copies stat changes from the opponent's X Attack and other stat-boosting items.: [33mTO_DO[0m
[18] Illusion breaks if user loses Illusion due to Worry Seed: [32mPASS[0m
[06] Player Pokemon can be further poisoned with Toxic spikes after a status healing hold effect was previously used: [32mPASS[0m
[27] Mega Evolution affects turn order (Gen7+): [32mPASS[0m
[19] (Z-MOVE) Z_EFFECT_BOOST_CRITS raises a battler's critical hit ratio by 2 stages: [32mPASS[0m
[07] Dynamax stat lowering moves don't make stat-changing abilities apply to partner: [32mPASS[0m
[10] Immunity prevents Poison Sting poison: [32mPASS[0m
[15] Switch AI: AI will switch out if Palafin-Zero isn't transformed yet: [32mPASS[0m
[21] Battler 2 has AI flags set correctly (multi): [32mPASS[0m
[25] Air Balloon pops when the holder faints from a damaging move: [32mPASS[0m
[26] TESTING: forced illegal bench abilities are honored during AI switch evaluation: [32mPASS[0m
[28] AI calculates guaranteed criticals and detects critical immunity: [32mPASS[0m
[24] Infiltrator bypasses the opponent's Light Screen/Reflect/Aurora Veil: [32mPASS[0m
[13] Opportunist doesn't copy foe stat increases gained via Opportunist: [32mPASS[0m
[17] Sleep Clause: Rest does not activate sleep clause: [32mPASS[0m
[27] Primal Reversion happens after the entry hazards damage: [32mPASS[0m
[18] Infiltrator doesn't bypass an ally's Safeguard - Thunder Wave: [32mPASS[0m
[26] AI thinking time doesn't explode (singles, smart): [32mPASS[0m
[13] Own Tempo doesn't prevent Intimidate (Gen3-7): [32mPASS[0m
[17] Spread Moves: Spread move vs one protecting mon: [32mPASS[0m
[10] Inner Focus prevents intimidate (Gen8+): [32mPASS[0m
[25] Liechi Berry raises the holder's Attack by one stage when HP drops to 1/4 or below: [32mPASS[0m
[25] TODO: Write Black Sludge (Hold Effect) test titles: [33mTO_DO[0m
[15] Switch AI: AI will switch out if mon has Truant and opponent has Protect: [32mPASS[0m
[16] Sleep Clause: Waking up after Effect Spore doesn't deactivate sleep clause (Doubles): [32mPASS[0m
[22] Primal Reversion triggers for all battlers if multiple fainted the previous turn: [32mPASS[0m
[24] Liquid voice turns a sound move into a Water-type move: [32mPASS[0m
[27] Necrozma returns its proper Form upon battle end after Ultra Bursting: [32mPASS[0m
[13] Parental Bond converts Scratch into a two-strike move: [32mPASS[0m
[06] Rawst and Lum Berries cure burn: [32mPASS[0m
[10] Intimidate and Eject Button don't force the opponent to Attack: [32mPASS[0m
[03] Covert Cloak blocks secondary effects: [32mPASS[0m
[07] (Z-MOVE) Z-Mirror Move raises the user's attack by two stages and copies the last used non-status move as a Z-Move: [32mPASS[0m
[18] Insomnia prevents yawn: [32mPASS[0m
[07] Ability Shield protects against Wandering Spirit: [33mTO_DO[0m
[16] Sleep Clause: Sleep clause is deactivated when a sleeping mon wakes up: [32mPASS[0m
[13] Pickpocket activates after Focus Sash is consumed: [32mPASS[0m
[25] Blunder Policy will never trigger if an OHKO move fails: [32mPASS[0m
[03] TODO: Write Bright Powder (Hold Effect) test titles: [33mTO_DO[0m
[24] Magic Guard ignores immobilization that can be caused by paralysis: [32mPASS[0m
[19] Red Card activates and is consumed but fails if the attacker is Dynamaxed: [32mPASS[0m
[27] Dynamax: Moxie clones can be triggered by Max Moves fainting opponents: [32mPASS[0m
[06] Eject Button is activated before Emergency Exit: [32mPASS[0m
[28] AI won't use Solar Beam if there is no Sun up or the user is not holding Power Herb: [32mPASS[0m
[26] AI avoids hypnosis when it can not put target to sleep: [32mPASS[0m
[22] Primal Reversion happens for Groudon only when holding Red Orb: [32mPASS[0m
[24] Mirror Armor raises the stat of an attacking Pokemon with Contrary: [32mPASS[0m
[08] Burmy changes form based on the environment it appeared in-battle: [32mPASS[0m
[03] Gem is not consumed when using Struggle: [32mPASS[0m
[13] Pickup doesn't grant an used item if holder is replaced: [32mPASS[0m
[06] Eject Pack will miss timing to switch out user if Eject Button was activated on target: [32mPASS[0m
[24] Motor Drive absorbs status moves: [32mPASS[0m
[28] Clangorous Soul - unusable under 33 pct HP: [32mPASS[0m
[17] Switch-in abilities trigger in Speed Order at the battle's start - Double Battle: [32mPASS[0m
[19] Red Card activates for only the fastest target: [32mPASS[0m
[03] Life Orb does not activate on a charge turn: [32mPASS[0m
[15] AI_FLAG_SMART_SWITCHING: AI will switch out if it has been Yawn'd with more than 1/3 HP remaining and it has a good switchin: [32mPASS[0m
[03] TODO: Write Luminous Moss (Hold Effect) test titles: [33mTO_DO[0m
[08] (Z-MOVE) Z-Sleep Talk turns Weather Ball into Breakneck Blitz even under rain: [32mPASS[0m
[26] Relic Song transformation activates after target faints: [32mPASS[0m
[27] Dynamax: G-Max Finale heals allies by 1/6 of their health: [32mPASS[0m
[22] Dynamax: G-Max Centiferno traps both opponents in Fire Spin: [32mPASS[0m
[10] Keen Eye, Gen9+ Illuminate & Minds Eye don't prevent receiving negative Attack stage changes from Baton Pass: [32mPASS[0m
[07] Ability Shield protects against Sunsteel Strike (no message): [32mPASS[0m
[03] Mental Herb cures Disable volatile status (Gen 5+): [32mPASS[0m
[13] Pixilate doesn't affect Natural Gift's type: [32mPASS[0m
[17] Trainer Slide: Doubles: Player Lands First STAB Hit: [32mPASS[0m
[28] AI sees Shield Dust immunity to additional effects: [32mPASS[0m
[17] Compression test: tilemap small LZ: [32mPASS[0m
[13] Prankster increases the priority of Extreme Evoboost by 1: [33mTO_DO[0m
[17] Compression test: table generation 56 8: [32mPASS[0m
[21] AI will not switch out if the opposite battler is absent and its moves can still affect the other opponent: [32mPASS[0m
[17] Compression test: large mode 2 lz: [32mPASS[0m
[17] Compression test: Ledian fastSmol: [32mPASS[0m
[17] (DYNAMAX) Aerilate turns Max Strike into Max Airstream: [33mTO_DO[0m
[18] Intimidate (opponent) lowers player's attack after switch out: [32mPASS[0m
[22] Dynamax: G-Max Terror traps both opponents: [32mPASS[0m
[27] Dynamax: G-Max Smite confuses both opponents: [32mPASS[0m
[03] Micle Berry increases the accuracy of the next used move across turns: [32mPASS[0m
[03] TODO: Write Power Herb (Hold Effect) test titles: [33mTO_DO[0m
[08] (Z-MOVE) Z_EFFECT_CURSE activates Z_EFFECT_RECOVER_HP or Z_EFFECT_ATK_UP_1 depending on the type of the battler: [32mPASS[0m
[13] Pressure's effect applies to Spikes, Stealth Rock and Toxic Spikes: [32mPASS[0m
[06] Eviolite uses original species after Transform: [32mPASS[0m
[19] Red Card switches the attacker with a random non-fainted replacement: [32mPASS[0m
[03] Starf Berry randomly raises the holder's Attack, Defense, Sp. Atk, Sp. Def, or Speed by four stages when the holder's HP drop to 1/4 or below if it has Ripen: [32mPASS[0m
[10] Liquid Ooze causes leech seed victim to faint before seeder: [32mPASS[0m
[05] Dynamax: Dynamax expires after three turns and correctly converts HP according to Dynamax Level: [32mPASS[0m
[27] Dynamax: Max Starfall sets up Misty Terrain: [32mPASS[0m
[07] Air Balloon no longer prevents the holder from taking damage from ground type moves once it has been popped: [32mPASS[0m
[18] Levitate does not activate if protected: [32mPASS[0m
[26] Zacian changes into its Crowned Form when holding the Rusted Sword upon battle start: [32mPASS[0m
[06] Kee Berry doesn't trigger if the move was boosted by Sheer Force: [32mPASS[0m
[13] Protosynthesis accounts for Sticky Web when determining the boosted stat: [32mPASS[0m
[08] Ability Shield protects against Mycelium Might (no message): [32mPASS[0m
[18] Limber prevents paralysis from Thunder Wave: [32mPASS[0m
[05] (Z-MOVE) Z-Copycat raises the user's accuracy by one stage and copies the last used non-status move as a Z-Move: [32mPASS[0m
[10] Magician gets self-damage recoil after stealing Life Orb: [32mPASS[0m
[27] Dynamax: Max Geyser sets up heavy rain: [32mPASS[0m
[22] Dynamax: G-Max Hydrosnipe has fixed power and ignores abilities: [32mPASS[0m
[17] Analytic activates correctly with empty slot after fainting: [32mPASS[0m
[25] Clear Amulet prevents secondary effects that reduce stats: [32mPASS[0m
[03] Red Card does not activate if attacker's Sheer Force applied: [32mPASS[0m
[06] Life Orb activates if move connected but no damage was dealt: [32mPASS[0m
[06] TODO: Write Lustrous Orb (Hold Effect) test titles: [33mTO_DO[0m
[08] Air Balloon pops when the holder is hit by a move that is not ground type: [32mPASS[0m
[05] (Z-MOVE) Z-Moves do not retain priority: [32mPASS[0m
[15] AI partner will not switch mid-turn into a player Pokémon (multi): [32mPASS[0m
[07] Berserk Gene does not confuse when Safeguard is active: [32mPASS[0m
[10] Mega Sol multiplies the power of Fire-type moves by 1.5x: [32mPASS[0m
[26] Zamazenta returns its Hero Form upon battle end: [32mPASS[0m
[25] Destiny Knot infatuates back when holder is attacking: [32mPASS[0m
[24] Neuroforce increases the strength of super-effective moves by 25%: [32mPASS[0m
[03] Healing berry animates on the correct battler at battle start: [32mPASS[0m
[03] TODO: Write Rocky Helmet (Hold Effect) test titles: [33mTO_DO[0m
[27] Dynamax: Dynamaxed Pokemon cannot use Max Guard while holding Assault Vest: [32mPASS[0m
[18] Liquid Ooze causes Leech Seed users to lose HP instead of heal: [32mPASS[0m
[08] Berserk Gene does not confuse on Misty Terrain but still raises attack sharply: [32mPASS[0m
[05] Ability Shield doesn't reactivate an ability when receiving if user already had an Ability Shield: [32mPASS[0m
[05] TODO: Write Absorb Bulb (Hold Effect) test titles: [33mTO_DO[0m
[13] Purifying Salt halves damage from dynamic Ghost-type moves: [32mPASS[0m
[15] AI uses Dynamax -- AI does not dynamax before using a utility move: [33mKNOWN_FAILING[0m
test/battle/ai/gimmick_dynamax.c:36: Expected gimmick N/A, got Dynamax
[15] TODO: AI uses Z-Moves -- Z-Mirror Move: [33mTO_DO[0m
[10] Mirror Armor reflects Obstruct defense drop: [32mPASS[0m
[25] Eject Button will not activate under Substitute: [32mPASS[0m
[06] Mental Herb clears the Torment timer set by G-Max Meltdown (Gen 5+): [32mPASS[0m
[22] Dynamax: Pain Split uses a Pokemon's non-Dynamax HP: [32mPASS[0m
[18] Magic Guard prevents Rough Skin damage: [32mPASS[0m
[00] Weakness berries decrease the base power of moves by half: [32mPASS[0m
[17] Aroma Veil prevents Psychic Noise's effect: [32mPASS[0m
[24] Opportunist activates before Mirror Herb during the end turn: [32mPASS[0m
[05] Air Balloon prevents the user from being healed by Grassy Terrain: [32mPASS[0m
[27] Dynamax: Dynamaxed Pokemon lose their substitutes: [32mPASS[0m
[25] Eject Pack does not cause the new Pokémon to lose HP due to it's held Life Orb: [32mPASS[0m
[25] Float Stone doesn't affect Heavy Ball's multiplier: [33mTO_DO[0m
[08] Binding Band increases the damage taken from binding effects: [32mPASS[0m
[25] TODO: Write Heat Rock (Hold Effect) test titles: [33mTO_DO[0m
[26] Dynamax: Venusaur returns its base Form upon battle end after Gigantamaxing: [32mPASS[0m
[24] Orichalcum Pulse triggers Protosynthesis before announcing its attack boost: [32mPASS[0m
[07] Binding Band increases the damage taken from binding effects even if holder's item gets nullified after: [32mPASS[0m
[18] Mega Sol: Growth increases Attack and Sp. Atk by 2 stages under Mega Sol (Gen 5+): [32mPASS[0m
[27] Dynamax: Dynamaxed Pokemon are affected by Grudge: [32mPASS[0m
[05] Berserk Gene causes infinite confusion: [32mPASS[0m
[06] Micle Berry raises the holder's accuracy by 1.2: [32mPASS[0m
[22] Dynamax: Dynamaxed Pokemon can be switched out by Eject Button: [32mPASS[0m
[24] Parental Bond does not trigger on Uproar: [32mPASS[0m
[10] Mold Breaker will deactivate if user faints: [32mPASS[0m
[17] Beads of Ruin will not reactivate after Sunsteel Strike faints Neutralizing Gas target: [32mPASS[0m
[07] Booster Energy will not activate on terrain if user has Protosynthesis instead of Quark Drive: [32mPASS[0m
[21] AI_FLAG_RANDOMIZE_SWITCHIN: AI will randomly choose between eligible switchin candidates of the same category: [32mPASS[0m
[08] Booster Energy activates on air locked sun: [32mPASS[0m
[25] Kee Berry raises the holder's Defense by one stage when hit by a physical move: [32mPASS[0m
[26] Abilities replaced by Mega Evolution do not affect turn order: [32mPASS[0m
[25] TODO: Write Memories (Hold Effect) test titles: [33mTO_DO[0m
[13] Refrigerate doesn't affect Judgment / Techno Blast / Multi-Attack's type: [32mPASS[0m
[24] Pastel Veil does not cure Mold Breaker poison on partner: [32mPASS[0m
[13] TODO: Write Screen Cleaner (Ability) test titles: [33mTO_DO[0m
[05] Big Root increases healing from absorbing moves: [32mPASS[0m
[18] Mind's Eye doesn't bypass a Ghost-type's Wonder Guard: [32mPASS[0m
[25] Metronome Item's boost is reset if the move fails: [32mPASS[0m
[06] Red Card activates and overrides U-turn: [32mPASS[0m
[08] Booster Energy's Quark Drive boost is preserved when terrain changes: [32mPASS[0m
[08] TODO: Write Cell Battery (Hold Effect) test titles: [33mTO_DO[0m
[08] TODO: Write Mago Berry (Hold Effect) test titles: [33mTO_DO[0m
[28] AI chooses moves that cure self or partner: [32mPASS[0m
[19] Shell Bell restores 1/8 HP at move end, one strike: [32mPASS[0m
[25] Mirror Herb copies all of Stuff Cheeks' stat boosts: [32mPASS[0m
[06] Red Card does not activate if target is behind a Substitute: [32mPASS[0m
[25] TODO: Write Punching Glove (Hold Effect) test titles: [33mTO_DO[0m
[24] Pickpocket steals the attacker's item unless it already has one: [32mPASS[0m
[26] Primal Reversion happens immediately if it was brought in by U-turn: [32mPASS[0m
[10] Neutralizing Gas exiting the field does not activate Air Lock/Cloud Nine but their effects are kept: [32mPASS[0m
[21] AI_FLAG_SMART_SWITCHING: AI will switch out if it has an absorber but current mon has SE move 33% of the time: [32mPASS[0m
[07] Booster Energy increases special attack by 30% if it is the highest stat: [32mPASS[0m
[19] Ice Heal heals a battler from being frozen: [32mPASS[0m
[27] (TERA) Every battler can use Terastalization - Doubles: [32mPASS[0m
[08] Lansat Berry raises the holder's critical-hit-ratio by two stages when HP drops to 1/4 or below: [32mPASS[0m
[25] Red Card does not activate if holder is switched in mid-turn: [32mPASS[0m
[10] Normalize-affected moves become Electric-type under Ion Deluge's effect: [32mPASS[0m
[19] Antidote heals a battler from being badly poisoned: [32mPASS[0m
[06] Sitrus Berry restores HP immediately after Leech Seed damage: [32mPASS[0m
[24] Poison Heal heals from Toxic Poison damage are constant: [32mPASS[0m
[05] Blunder Policy raises the users speed by 2 stages if the user misses: [32mPASS[0m
[05] TODO: Write Iapapa Berry (Hold Effect) test titles: [33mTO_DO[0m
[22] (TERA) Every battler can use Terastalization - 1v2: [32mPASS[0m
[27] (TERA) Revelation Dance uses a Terastallized Pokemon's Tera Type: [32mPASS[0m
[25] Red Card does not activate if replacements fainted: [32mPASS[0m
[08] Chesto Berry cures sleep when Yawn takes effect: [32mPASS[0m
[10] Oblivious prevents Captivate: [32mPASS[0m
[06] Rocky Helmet does not trigger contact damage again after a later strike misses: [32mPASS[0m
[21] AI_FLAG_SMART_SWITCHING: AI switches out after sufficient stat drops: [32mPASS[0m
[17] Beast Boost prioritizes stats in the case of a tie in the following order: Atk, Def, Sp.Atk, Sp.Def, Speed: [32mPASS[0m
[25] Weakness berries do not activate if Disguise blocks the damage: [32mPASS[0m
[24] Poison Touch is checked after the move's additional effect: [32mPASS[0m
[10] Opportunist doesn't copy ally stat increases: [32mPASS[0m
[06] Shed Shell does not allow Teleport when trapped: [32mPASS[0m
[22] (TERA) Reflect Type copies a Stellar-type Pokemon's base type: [32mPASS[0m
[08] Pecha and Lum Berries cure poison: [32mPASS[0m
[25] Ring Target does not make Flying-type holders grounded: [32mPASS[0m
[21] AI_FLAG_SMART_MON_CHOICES: Mid-battle switches prioritize offensive options after slow U-Turn: [32mPASS[0m
[27] (TERA) Terastallization changes type effectiveness: [32mPASS[0m
[27] (Z-MOVE) Stat changes from Clangorous Soulblaze are inverted by Contrary: [33mTO_DO[0m
[10] Own Tempo prevents confusion from moves by the opponent: [32mPASS[0m
[07] Opponent Pokemon can be further poisoned with Toxic spikes after a status healing hold effect was previously used: [32mPASS[0m
[25] Safety Goggles blocks Effect Spore's effect: [32mPASS[0m
[08] Eject Button has no chance to activate after Dragon Tail: [32mPASS[0m
[06] Shell Bell does not activate on Future Sight if the original user is on the field: [32mPASS[0m
[26] Necrozma returns its proper Form upon fainting after Ultra Bursting: [32mPASS[0m
[17] Comatose isn't affected by Mold Breaker, Turboblaze or Teravolt: [32mPASS[0m
[27] (Z-MOVE) Searing Sunraze Smash ignores the target's abilities: [32mPASS[0m
[08] Eject Pack will not activate if Parting Shot user can switch out: [32mPASS[0m
[07] Pecha and Lum Berries cure bad poison: [32mPASS[0m
[10] Parental Bond converts multi-target moves into a two-strike move in Single Battles: [32mPASS[0m
[06] Apicot Berry raises Sp. Def by one stage when HP drops to 1/2 or below if holder has Gluttony: [32mPASS[0m
[24] Prankster-affected moves which are reflected by Magic Coat can affect Dark-type Pokémon, unless the Pokémon that bounced the move also has Prankster: [32mPASS[0m
[26] Dynamax: Max Attacks prints a message when hitting into Max Guard: [32mPASS[0m
[22] (TERA) Terastallization persists across switches: [32mPASS[0m
[27] (Z-MOVE) Genesis Supernova sets up psychic terrain when the target is behind a Substitute: [32mPASS[0m
[17] Competitive doesn't activate after Sticky Web lowers Speed if Court Changed (gen8): [32mPASS[0m
[07] Eject Button prevents Volt Switch / U-Turn from activating: [32mPASS[0m
[10] Pickup doesn't grant an item if it destroyed the item with Incinerate: [32mPASS[0m
[11] AI won't be confused by player's previous priority moves when evaluating KOs: [32mPASS[0m
[03] Scope Lens increases the critical hit ratio by 1 stage: [32mPASS[0m
[26] Dynamax: G-Max Sweetness cures allies' status conditions: [32mPASS[0m
[24] Protosynthesis activates on switch-in: [32mPASS[0m
[17] Corrosion can poison Poison/Steel types if the Pokémon uses Psycho Shift while poisoned: [32mPASS[0m
[27] (Z-MOVE) Instruct fails if the target last used a Z-Move: [32mPASS[0m
[07] Eject Pack will not trigger if the conditions are not met: [32mPASS[0m
[03] Assist can call a Mimicked move but not the original Mimic (Gen5+): [33mTO_DO[0m
[03] Assurance doubles in power if the target has been damaged in the same turn - Recoil: [33mTO_DO[0m
[10] Pixilate doesn't affect Judgment / Techno Blast / Multi-Attack's type: [32mPASS[0m
[08] Eviolite boosts Defense and Sp. Def for unevolved Pokemon: [32mPASS[0m
[24] Quark Drive activates on Electric Terrain even if not grounded: [32mPASS[0m
[17] Cud Chew will activate Lum Berry effect again on the next turn: [32mPASS[0m
[21] AI_FLAG_SMART_MON_CHOICES: Switch effect moves will send out Ace Mon if it's the only one remaining: [32mPASS[0m
[03] Attract ignores type immunity: [32mPASS[0m
[03] Aurora Veil reduces damage done to the user by roughly a third in doubles: [33mTO_DO[0m
[03] Baton Pass doesn't pass escape prevention secondary effect if it's used by the user: [33mTO_DO[0m
[22] (TERA) Terastallizing boosts moves of the same type to 60 BP: [32mPASS[0m
[03] Baton Pass doesn't pass Imprison's effect: [33mTO_DO[0m
[03] Beak Blast's charging message is shown regardless if it would've missed: [33mTO_DO[0m
[26] Dynamax: G-Max Cuddle infatuates both opponents, if possible: [32mPASS[0m
[08] Maranga Berry doesn't trigger if the move was boosted by Sheer Force: [32mPASS[0m
[11] AI thinking time doesn't explode (doubles, smart): [32mPASS[0m
[10] Prankster-affected moves don't affect Dark-type Pokémon (Gen7+): [32mPASS[0m
[09] Sleep Clause: Sleep from Effect Spore will not activate sleep clause (Doubles): [32mPASS[0m
[08] Mental Herb cures infatuation: [32mPASS[0m
[21] AI thinking time doesn't explode (doubles, no flags): [32mPASS[0m
[11] AI prefers priority moves if it's slower and can kill target: [32mPASS[0m
[00] Beat Up's damage is typeless (up to Gen4): [32mPASS[0m
[06] Electric Seed raises the holder's Defense on Electric Terrain: [32mPASS[0m
[07] Eviolite does not boost Defense or Sp. Def for evolved Pokemon: [32mPASS[0m
[24] Receiver copies ally's ability when they faint and can activate it on future moves: [32mPASS[0m
[20] Sheer Force only boosts the damage of moves it's supposed to boost (Gen4): [32mPASS[0m
[26] Dynamax: G-Max Stonesurge sets up Stealth Rocks: [32mPASS[0m
[07] TODO: Write Macho Brace (Hold Effect) test titles: [33mTO_DO[0m
[03] Beat Up's damage considers stat stage changes (Gen5+): [32mPASS[0m
[11] AI uses the best Max Move: [32mPASS[0m
[08] Micle Berry raises the holder's accuracy by 1.2 when HP drops to 1/4 or below: [32mPASS[0m
[07] Mental Herb cures Torment volatile status (Gen 5+): [32mPASS[0m
[09] Spread Moves: Doesn't affect any target: [32mPASS[0m
[03] Bestow fails if the user's held item is a Z-Crystal: [32mPASS[0m
[27] (Z-MOVE) Z-Weather Ball transforms into different Z-Moves based on current weather: [32mPASS[0m
[03] Body Press's damage is influenced by all other Attack modifiers that are not stat stages: [33mTO_DO[0m
[00] Dream Eater fails if Heal Block applies: [32mPASS[0m
[18] Moody randomly raises the user's Attack, Defense, Sp. Atk, Sp. Def, or Speed by two stages: [32mPASS[0m
[25] Psychic Seed raises the holder's Sp. Defense on Psychic Terrain: [32mPASS[0m
[08] Starf Berry randomly raises the holder's Attack, Defense, Sp. Atk, Sp. Def, or Speed by two stages when the holder's HP drop to 1/4 or below: [32mPASS[0m
[07] Micle Berry raises the holder's accuracy by 1.2 when HP drops to 1/2 or below: [32mPASS[0m
[07] TODO: Write Power Items (Hold Effect) test titles: [33mTO_DO[0m
[25] TODO: Write Wise Glasses (Hold Effect) test titles: [33mTO_DO[0m
[26] Dynamax: Max Hailstorm sets up hail: [32mPASS[0m
[03] Captivate fails if both the user and the opponent are genderless: [32mPASS[0m
[11] AI uses Z-Moves -- Z-Splash: [32mPASS[0m
[03] Multi Attack changes type depending on the memory the user holds: [33mTO_DO[0m
[00] Echoed Voice's power increases even if used by another battler: [32mPASS[0m
[07] Starf Berry randomly raises the holder's Attack, Defense, Sp. Atk, Sp. Def, or Speed by two stages when the holder's HP drop to 1/2 or below if it has Gluttony: [32mPASS[0m
[08] Red Card activates but fails if the attacker has Guard Dog: [32mPASS[0m
[27] Air Balloon pops when Disguise is broken: [32mPASS[0m
[10] Purifying Salt grants immunity to status effects: [32mPASS[0m
[03] Chloroblast does not cause the user to lose HP if there is no target: [32mPASS[0m
[17] Damp prevents Explosion-like moves from enemies in a double battle: [32mPASS[0m
[18] Orichalcum Pulse does not boost physical moves if holder has Utility Umbrella: [32mPASS[0m
[08] Red Card does not activate if attacker faints from recoil: [32mPASS[0m
[26] Dynamax: Endeavor uses a Pokemon's non-Dynamax HP: [32mPASS[0m
[11] AI uses Z-Moves to ensure a low-accuracy KO.: [32mPASS[0m
[00] Embargo doesn't prevent Mega Evolution: [32mPASS[0m
[27] Big Root increases damage from absorbing Liquid Ooze: [32mPASS[0m
[07] Red Card does not activate if switched by Dragon Tail: [32mPASS[0m
[03] Coaching raises Attack and Defense of ally by 1 stage each: [32mPASS[0m
[28] AI sets up weather for its ally: [32mPASS[0m
[03] Conversion can change the user's types to Conversion's type: [33mTO_DO[0m
[03] Copycat can copy moves regardless if they failed or not: [33mTO_DO[0m
[11] Relic Song transforms Meloetta if used successfully: [32mPASS[0m
[18] Pastel Veil prevents Toxic Spikes poison: [32mPASS[0m
[10] Scrappy doesn't prevent Intimidate (Gen4-7): [32mPASS[0m
[27] Blunder Policy will never trigger if the move fails due to Protect: [32mPASS[0m
[21] 12v12: AI can use all 6 party slots in a 12v12 (battler 1): [32mPASS[0m
[21] TODO: AI uses Z-Moves -- Z-Trick Room: [33mTO_DO[0m
[19] Dire Hit increases a battler's critical hit chance by 2 stages: [32mPASS[0m
[06] Big Malasada heals a battler from any primary status: [32mPASS[0m
[07] Restore HP Item effects do not miss timing after a recoil move (Held Items): [32mPASS[0m
[21] AI uses Z-Moves -- Z-Destiny Bond is not used in singles: [32mPASS[0m
[23] Sheer Force only boosts the damage of moves it's supposed to boost (Gen1): [32mPASS[0m
[22] (Z-MOVE) Every battler can use Z-Moves - Doubles: [32mPASS[0m
[17] Defiant is activated by Cotton Down for non-ally Pokémon: [32mPASS[0m
[18] Pickpocket activates after the final hit of a multi-strike move: [32mPASS[0m
[26] Dynamax: Dynamaxed Pokemon are not affected by phazing moves, but still take damage: [32mPASS[0m
[08] Restore HP Item effects do not miss timing after a recoil move (Berries): [32mPASS[0m
[07] Rocky Helmet damages attacker even if damage is blocked by Disguise: [32mPASS[0m
[00] Encore allows choosing an opponent target (Gen 5+): [32mPASS[0m
[18] Pickup doesn't grant the user their item outside wild battles: [32mPASS[0m
[22] (Z-MOVE) Z_EFFECT_RESET_STATS clears a battler's negative stat stages: [32mPASS[0m
[20] TIE_BREAK_SCORE correctly controls AI move selection when scores are tied for all values in enum ScoreTieResolution (Singles): [32mPASS[0m
[08] Shed Shell allows switching out even when trapped by Shadow Tag: [32mPASS[0m
[05] Lansat Berry raises the holder's critical-hit-ratio by 2 stages: [32mPASS[0m
[19] Captivate fails if the user is genderless: [32mPASS[0m
[07] Shed Shell allows switching out even when trapped by Arena Trap: [32mPASS[0m
[10] AI sees Sheer Force skips additional effects: [32mPASS[0m
[28] AI_FLAG_PREDICT_SWITCH: Considers ShouldSwitch and GetMostSuitableMonToSwitchInto from player's perspective: [32mPASS[0m
[08] Shell Bell activates after Absorb: [32mPASS[0m
[07] Shell Bell activates after Rough Skin: [32mPASS[0m
[03] Court Change swaps entry hazards used by the player: [32mPASS[0m
[22] Ability Shield protects against Skill Swap even if user has Klutz: [32mPASS[0m
[10] Shield Dust does not prevent ability stat changes: [32mPASS[0m
[18] Bad poison counter still increases each turn even if the Pokemon has Magic Guard: [32mPASS[0m
[11] Ogerpon reverts to the correct form upon battle end after terastallizing: [32mPASS[0m
[08] Salac Berry does not miss timing miss timing: [32mPASS[0m
[08] TODO: Write Thick Club (Hold Effect) test titles: [33mTO_DO[0m
[19] Charge's effect is kept until the user uses an Electric move (Gen 9+): [32mPASS[0m
[25] Heal Powder heals a battler from any primary status: [32mPASS[0m
[10] Trainers' Minior appear in Core form: [32mPASS[0m
[28] AI opponents do not steal their partner pokemon in multi battle when forced out 2: [32mPASS[0m
[18] Poison Touch does not trigger if attack is blocked by Substitute: [32mPASS[0m
[24] Regenerator heals 1/3 of max HP upon switching out but doesn't surpass max HP: [32mPASS[0m
[22] Adrenaline Orb drops speed by one stage if user has Contrary: [32mPASS[0m
[07] Apicot Berry raises the holder's Sp. Def by one stage when HP drops to 1/4 or below: [32mPASS[0m
[27] Clear Amulet prevents stat reducing effects: [32mPASS[0m
[19] Chloroblast makes the user lose 1/2 of its Max HP: [32mPASS[0m
[20] AI uses Z-Moves -- Z-Destiny Bond is used when about to die: [32mPASS[0m
[08] Throat Spray does not activate if both foes take no damage from a move that targets both: [32mPASS[0m
[00] Encore forces consecutive move uses for 4 turns: Encore used after move (Gen5+): [32mPASS[0m
[08] TODO: Write Weakness Policy (Hold Effect) test titles: [33mTO_DO[0m
[10] Slush Rush doesn't prevent non-Ice types from taking damage in Hail: [32mPASS[0m
[18] Prankster-affected moves that are bounced back by Magic Bounce can affect Dark-type Pokémon: [32mPASS[0m
[26] (TERA) Every battler can use Terastalization - Multi: [32mPASS[0m
[03] Defense Curl raises Defense by 1 stage: [32mPASS[0m
[27] Eject Button is not triggered when there is nothing to switch in: [32mPASS[0m
[22] Liechi Berry raises Attack by one stage when HP drops to 1/4 or below if holder has Ripen: [32mPASS[0m
[28] AI will try to do damage on target instead of setting up hazards if target has a way to remove them: [32mPASS[0m
[19] Conversion 2 fails if used by a Terastallized Pokemon: [32mPASS[0m
[07] Throat Spray increases Sp. Atk by one stage: [32mPASS[0m
[19] Conversion changes the user's types to the target's current types (Gen 1): [33mTO_DO[0m
[18] Pressure causes opponent's moves to use up 1 additional PP: [32mPASS[0m
[25] B_X_ITEMS_BUFF only boost battler by one stage prior to gen 7: [32mPASS[0m
[00] Burn Up fails if the user has Protean/Libero and is not a Fire-type: [32mPASS[0m
[08] White Herb restores stats after Attack was lowered by Intimidate while switching in: [32mPASS[0m
[27] Enigma Berry does nothing if Heal Block applies: [32mPASS[0m
[27] TODO: Write Focus Band (Hold Effect) test titles: [33mTO_DO[0m
[23] (TERA) Terastallizing into a different type preserves other STAB boosts: [32mPASS[0m
[27] TODO: Write Heavy Duty Boots (Hold Effect) test titles: [33mTO_DO[0m
[20] Relic Song transforms Meloetta after Magician was activated: [32mPASS[0m
[19] Core Enforcer doesn't suppresses the ability of targets that haven't acted: [32mPASS[0m
[24] Sheer Force doesn't boost Shell Trap: [32mPASS[0m
[10] Snow Warning sets up snow for 8 turns with Icy Rock (Gen9+): [32mPASS[0m
[19] Dark Void can be used by a Pokémon transformed into Darkrai: [33mTO_DO[0m
[18] Protosynthesis activates in Sun before Booster Energy: [32mPASS[0m
[25] Items can restore a partner battler's HP (opponentRight to opponentLeft): [32mPASS[0m
[00] Fillet Away sharply raises Attack, Sp. Atk, and Speed: [32mPASS[0m
[03] Defog does not lower evasiveness if target behind Substitute (Gen5+): [32mPASS[0m
[09] Switch-in abilities trigger in Speed Order after post-KO switch - 1v2: [32mPASS[0m
[23] (Z-MOVE) Splintered Stormshards removes terrain: [32mPASS[0m
[03] Disable lasts 4-7 turns (Gen 4): [33mTO_DO[0m
[26] (TERA) Double Shock does not remove the user's Electric type while Terastallized, and changes STAB modifier depending on when it is used: [32mPASS[0m
[05] Jubilife Muffin heals a battler from any primary status: [32mPASS[0m
[28] AI can switch out both mons on the same turn in double battles (reversed): [32mPASS[0m
[17] Desolate Land prevents other weather abilities: [32mPASS[0m
[11] Primal Reversion is NOT reverted upon fainting: [32mPASS[0m
[11] Dynamax: Contrary inverts stat-increasing Max Moves, without showing a message: [33mTO_DO[0m
[22] Berserk Gene sharply raises attack at the start of a double battle: [32mPASS[0m
[20] Zamazenta's Iron Head becomes Behemoth Bash upon form change: [32mPASS[0m
[10] Soul Heart boosts Sp. Atk after opponent uses Memento: [32mPASS[0m
[10] TODO: Write Stakeout (Ability) test titles: [33mTO_DO[0m
[26] (TERA) Terastallization changes type effectiveness: [32mPASS[0m
[28] AI_FLAG_SMART_SWITCHING: AI won't switch out due to bad odds if it can OHKO with a priority move: [32mPASS[0m
[18] Quark Drive uses Wonder Room swapped defenses when choosing boosted stat: [32mPASS[0m
[00] First Impression fails if it's called via Instruct: [32mPASS[0m
[00] Flail's damage varies by a random factor (Gen3+): [33mTO_DO[0m
[00] Flail has 20 power when HP is greater or equal than 68.8% (Gen2-3): [33mTO_DO[0m
[09] Trainer Slide: Doubles: Last Half Hp: [32mPASS[0m
[09] Compression test: tilemap small LZ VRAM: [32mPASS[0m
[09] Compression test: table generation 50 14: [32mPASS[0m
[09] Compression test: large mode 3 lz: [32mPASS[0m
[10] Stance Change doesn't change Aegislash to Shield if King's Shield is called by a different move - Sleep Talk: [32mPASS[0m
[23] (Z-MOVE) Light That Burns the Sky uses the battler's highest attacking stat: [32mPASS[0m
[09] Compression test: bubbles LZ: [32mPASS[0m
[09] Compression test: tileset smol VRAM: [32mPASS[0m
[06] Full Restore restores a battler's HP and cures any primary status: [32mPASS[0m
[20] Eiscue Noice reverts to Ice Form upon battle end after being hit by a physical move in battle: [32mPASS[0m
[26] (TERA) Terastallizing into a different type gives that type 1.5x STAB: [32mPASS[0m
[18] Receiver copies ally's Soul Heart and immediately activates it: [32mPASS[0m
[11] Dynamax: Dynamax is reverted before switch out: [32mPASS[0m
[06] Acupressure doesn't try to increase a stat that has been maximized: [33mTO_DO[0m
[17] Emergency Exit will trigger even if Shell Bell heals user back above half HP: [32mPASS[0m
[28] AI_FLAG_SMART_SWITCHING: AI will stay in if Encore'd into super effective move: [32mPASS[0m
[07] Utility Umbrella blocks Sun damage modifiers: [32mPASS[0m
[24] Shield Dust does or does not block Sparkling Aria depending on number of targets hit: [32mPASS[0m
[22] Blunder Policy state is cleared between actions if it could not activate: [32mPASS[0m
[03] Venoshock's power doubles if the target is poisoned/badly poisoned: [32mPASS[0m
[18] Refrigerate turns a Normal-type move into a Ice-type move: [32mPASS[0m
[22] TODO: Write Choice Scarf (Hold Effect) test titles: [33mTO_DO[0m
[28] AI_FLAG_SMART_SWITCHING: AI will not cycle Intimidate when target is a special attacker: [32mPASS[0m
[23] (Z-MOVE) Z-Moves deal 1/4 damage through protect: [32mPASS[0m
[08] Shalour Sable heals a battler from any primary status: [32mPASS[0m
[20] Meloetta returns to Aria form upon battle end after using Relic Song: [32mPASS[0m
[17] Emergency Exit activates when taking residual damage and falling under 50% max-hp - Burn: [32mPASS[0m
[07] Ice Heal heals a battler from frostbite: [32mPASS[0m
[06] Acupressure works on the ally if it targeted itself but switched positions via Ally Switch: [32mPASS[0m
[11] Dynamax: G-Max Depletion takes away 2 PP from the target's last move: [32mPASS[0m
[18] Sand Force prevents damage from sandstorm: [32mPASS[0m
[23] Ability Shield prevents Intimidate from reactivating after Neutralizing Gas ends: [32mPASS[0m
[07] Antidote resets Toxic Counter: [32mPASS[0m
[24] Slush Rush doubles speed from snow: [32mPASS[0m
[08] Using X items in battle raises Friendship: [32mPASS[0m
[18] Sand Veil prevents damage from sandstorm: [32mPASS[0m
[07] Paralyze Heal heals a battler from being paralyzed: [32mPASS[0m
[17] Flower Gift transforms Cherrim back to normal when weather changes: [32mPASS[0m
[23] Adrenaline Orb raises Speed by one stage if Intimidated: [32mPASS[0m
[19] Defog removes Aurora Veil from target's side: [32mPASS[0m
[19] Destiny Bond can be used multiple times in a row (Gen 2-6): [33mTO_DO[0m
[07] Poke Toy lets the player escape from a wild battle even if a move forbid them to: [32mPASS[0m
[03] Electric Terrain increases power of Electric-type moves by 30/50 percent: [32mPASS[0m
[18] Seed Sower sets up Grassy Terrain even when the user faints from an attack: [32mPASS[0m
[06] Ally Switch does not update Future Sight target position when attacker side switches: [32mPASS[0m
[23] Liechi Berry raises Attack by one stage when HP drops to 1/2 or below if holder has Gluttony: [32mPASS[0m
[08] X Defense sharply raises battler's Defense stat: [32mPASS[0m
[20] Aegislash reverts to Shield Form upon fainting (start as Blade): [32mPASS[0m
[28] AI_FLAG_SMART_SWITCHING: AI will switch out if it has been Yawn'd with more than 1/3 HP remaining (Doubles): [32mPASS[0m
[24] Snow Warning sets up hail for 8 turns with Icy Rock (Gen6-8): [32mPASS[0m
[19] Destiny Bond does not fail if used after failing (Gen7+): [32mPASS[0m
[07] Full Restore restores a battler's HP and cures confusion: [32mPASS[0m
[19] Disable fails if the target haven't used a move yet (Gen 2+): [33mTO_DO[0m
[11] Dynamax: G-Max Wildfire sets a field effect that damages non-Fire types: [32mPASS[0m
[17] Forecast reverts Castform back after Teraform Zero clears weather: [32mPASS[0m
[08] Elixir restores the PP of all of a battler's moves by 10: [32mPASS[0m
[09] Analytic does not activate when not moving last with empty slot: [32mPASS[0m
[20] Mega Evolved Pokemon do not change abilities after fainting: [32mPASS[0m
[19] Dragon Dance increases the user's Attack and Speed by 1 stage each: [32mPASS[0m
[05] Full Restore restores a party members HP and cures any primary status: [32mPASS[0m
[26] (Z-MOVE) Z-Revelation Dance always transforms into Breakneck Blitz: [32mPASS[0m
[22] Covert Cloak does block Sparkling Aria when only one mon is hit: [32mPASS[0m
[23] Berserk Gene sharply raises attack at the start of a single battle: [32mPASS[0m
[24] Spicy Spray does not activate if Future Sight attacker is not on the field: [32mPASS[0m
[05] Acupressure increases one of its stats by 2 stages at random: [33mTO_DO[0m
[09] Arena Trap prevents switch outs from Ghost-type Pokémon (Gen3-5): [32mPASS[0m
[07] Using X items in battle where Pokemon was met raises Friendship with a bonus: [32mPASS[0m
[23] Blunder Policy will never trigger if the move misses due to semi-invulnerability: [32mPASS[0m
[26] (Z-MOVE) Z-Moves are not affected by -ate abilities: [32mPASS[0m
[11] Dynamax: G-Max Stun Shock chooses statuses before considering immunities: [32mPASS[0m
[10] Steelworker increases Steel-type move damage: [32mPASS[0m
[05] Acupressure will not try to raise partners stat if it already increased its own: [32mPASS[0m
[24] Stall and Lagging Tail action order depends on Speed: [32mPASS[0m
[23] Booster Energy can't be tricked if a Paradox species is involved: [32mPASS[0m
[26] Ability Shield doesn't protect the user's ability from being suppressed by Gastro Acid: [32mPASS[0m
[07] X Sp. Atk sharply raises battler's Sp. Attack stat: [32mPASS[0m
[09] Bad Dreams does not activate if only the partner Pokemon is sleeping: [32mPASS[0m
[24] Stench is blocked by Covert Cloak: [32mPASS[0m
[08] Revive works for a partner in a double battle: [32mPASS[0m
[11] Dynamax: Max Mindstorm sets up Psychic Terrain: [32mPASS[0m
[22] Perism and Lum Berries cure confusion: [32mPASS[0m
[07] Max Elixir restores the PP of all of a battler's moves fully: [32mPASS[0m
[05] Ally Switch does not update Wish recovery position: [32mPASS[0m
[28] AI partner will not switch into a player Pokémon (multi): [32mPASS[0m
[10] Tablets of Ruin's message displays correctly after all battlers fainted - Player: [32mPASS[0m
[23] Booster Energy's Protosynthesis boost is preserved when weather changes: [32mPASS[0m
[26] Ability Shield protects against Neutralizing Gas: [32mPASS[0m
[22] Custap Berry activates even if the opposing mon switches out: [32mPASS[0m
[11] Dynamax: Max Strike lowers single opponent's speed: [32mPASS[0m
[24] Storm Drain absorbs Water-type moves and increases the Sp. Attack (Gen5+): [32mPASS[0m
[10] Teraform Zero cannot be copied: [32mPASS[0m
[07] Revive can trigger switch-in abilities: [32mPASS[0m
[07] Poke Balls can't be thrown when there's 2 opposing wild battlers: [33mTO_DO[0m
[25] Items can restore a battler's HP by a fixed amount (singles, opponent): [32mPASS[0m
[19] Dragon Darts strikes an opponent twice if the other one is Fairy-type: [32mPASS[0m
[17] Forecast transforms Castform in weather from a partner's move: [32mPASS[0m
[22] Destiny Knot procs but fails if the target is oblivious: [32mPASS[0m
[10] Thermal Exchange makes Will-O-Wisp fail: [32mPASS[0m
[07] Absorb does not drain any HP if user flinched: [32mPASS[0m
[07] Acupressure fails on the ally if all of its stats are maximized: [33mTO_DO[0m
[20] Primal Reversion and other switch-in effects trigger for all battlers if multiple fainted the previous turn: [32mPASS[0m
[24] Sweet Veil prevents Sleep on partner - right target: [32mPASS[0m
[09] Beads of Ruin does not apply any damage reduction on an opposing Beads of Ruin user even if it is deactivated: [32mPASS[0m
[22] Eject Button is not triggered after the mon loses Eject Button: [32mPASS[0m
[19] Encore works even if the target's last move failed: [32mPASS[0m
[11] Dynamax: Dynamaxed Pokemon that changes forms does not gain HP: [32mPASS[0m
[19] Endure triggers effects that require damage to be done to the Pokémon (Gen 5+): [33mTO_DO[0m
[17] Gulp Missile: If Cramorant loses Gulp Missile, it cannot spit out its prey: [32mPASS[0m
[19] Sweet Scent lowers evasion by 1 stage (Gen 2-5): [33mTO_DO[0m
[10] Toxic Debris activates if user faints after physical hit: [32mPASS[0m
[19] Fairy Lock prevents all Pokémon from switching out on their next turn: [33mTO_DO[0m
[19] Final Gambit doesn't trigger the user's Focus Sash: [33mTO_DO[0m
[26] Berserker Gene confusion can be healed with used held items: [32mPASS[0m
[25] Howl does not work on partner if it has Soundproof but doesn't fail on user with Soundproof: [32mPASS[0m
[07] Acupressure fails on the user if it targeted its ally but switched positions via Ally Switch: [32mPASS[0m
[10] Trace copies opponents ability: [32mPASS[0m
[11] Dynamax: Dynamaxed Pokemon's Max Moves cannot be disabled: [32mPASS[0m
[19] Fake Out can only be used on the user's first turn: [32mPASS[0m
[28] AI avoids Thunder Wave when it can not paralyse target: [32mPASS[0m
[19] Flail has 200 power when HP is less than 4.2% (Gen2-3): [33mTO_DO[0m
[17] Harvest can restore a Berry that was transferred from another Pokémon: [32mPASS[0m
[22] Eject Pack is triggered by self-inflicting stat decreases: [32mPASS[0m
[24] Sword of Ruin's message displays correctly after all battlers fainted - Player: [32mPASS[0m
[09] Beast Boost considers Wonder Room: [32mPASS[0m
[10] Unburden doubles speed once user gets their item knocked off: [32mPASS[0m
[25] Aura Wheel raises Speed; fails if the user is not Morpeko: [32mPASS[0m
[25] Baton Pass passes Perish Song's effect: [33mTO_DO[0m
[05] Ally Switch - move fails if the target was ally which changed position: [32mPASS[0m
[25] AI doesn't choose Baton Pass if the Ace Pokémon is the last one available to switch in: [33mTO_DO[0m
[19] Flatter on a foe with Own Tempo prevents confusion, changes stats, and does not cause a crash if the opponent uses a stat changing move immediately after: [32mPASS[0m
[06] Ally Switch has no effect on partner's chosen move: [32mPASS[0m
[09] Big Pecks is ignored by Mold Breaker: [32mPASS[0m
[28] Relic Song transforms Meloetta twice if used successfully: [32mPASS[0m
[07] Ally Switch does not update Future Sight target position: [32mPASS[0m
[05] Assurance doubles in power if the target has been damaged in the same turn - Life Orb: [32mPASS[0m
[24] Symbiosis triggers after partner flings its item: [32mPASS[0m
[24] TODO: Write Tangled Feet (Ability) test titles: [33mTO_DO[0m
[28] Xerneas changes into Active Form upon battle start: [32mPASS[0m
[19] Fling's thrown item can be regained with Recycle: [32mPASS[0m
[26] Blunder Policy activates for Dragon Darts if one target misses for accuracy but the other target is hit twice: [32mPASS[0m
[11] Dynamax: Dynamax expires when fainted: [32mPASS[0m
[22] Kings Rock does not increase flinch chance of a move that has the flinch effect: [32mPASS[0m
[17] Hospitality does not trigger if there is no ally on the field: [32mPASS[0m
[23] Clear Amulet protects from Protect's secondary effects: [32mPASS[0m
[25] Beat Up ignores Huge Power: [32mPASS[0m
[05] Attract causes the target to become infatuated with the user if they have opposite genders: [32mPASS[0m
[05] Aurora Veil reduces damage done to the user by half in singles: [33mTO_DO[0m
[05] Baton Pass passes escape prevention secondary effect: [33mTO_DO[0m
[05] Baton Pass passes Heal Block's effect: [33mTO_DO[0m
[10] Vessel of Ruin's message displays correctly after all battlers fainted - Player: [32mPASS[0m
[24] Teraform Zero can be replaced: [32mPASS[0m
[28] Minior Meteor reverts to Core form upon battle end after changing form at the beginning of the battle: [32mPASS[0m
[20] Primal Reversion happens for Kyogre only when holding Blue Orb: [32mPASS[0m
[23] Destiny Knot procs but fails if the target is already infatuated: [32mPASS[0m
[19] AI won't use status moves if the player's best attacking move is Focus Punch: [32mPASS[0m
[19] Follow Me can only redirect charging moves on the turn that they would hit: [33mTO_DO[0m
[05] Beak Blast doesn't burn if the target is protected by Quick Guard: [32mPASS[0m
[28] Zamazenta returns its Hero Form upon battle end: [32mPASS[0m
[22] Life Orb does not activate if using status move on a Substitute: [32mPASS[0m
[06] Aura Wheel can be turned into a Normal-type move after Morpeko gains Normalize: [32mPASS[0m
[11] (TERA) Illusion breaks if the Pokémon Terastallizes when illusioned as a mon that changes forms by Terastallizing: [32mPASS[0m
[17] Hyper Cutter doesn't prevent Attack reduction from burn: [32mPASS[0m
[06] Baton Pass passes Core Enforcer's effect: [33mTO_DO[0m
[06] Baton Pass passes Focus Energy's effect: [33mTO_DO[0m
[10] Volt Absorb heals 25% when hit by electric type moves: [32mPASS[0m
[23] Eject Button is not blocked by trapping abilities or moves: [32mPASS[0m
[24] Torrent boosts Water-type moves in a pinch: [32mPASS[0m
[09] Clear Body, Full Metal Body, and White Smoke don't prevent Topsy-Turvy: [32mPASS[0m
[24] TODO: Write Truant (Ability) test titles: [33mTO_DO[0m
[05] Beat Up's base power is determined by each striking Pokémon (Gen5+): [32mPASS[0m
[11] (TERA) Roost does not remove Flying-type ground immunity when Terastallized into the Stellar type: [32mPASS[0m
[26] Booster Energy increases special defense by 30% if it is the highest stat: [32mPASS[0m
[19] Foresight doesn't fail if the target is already under its effect (Gen 3-4): [32mPASS[0m
[06] Beak Blast doesn't burn if the target is protected by Mat Block: [32mPASS[0m
[17] Illusion breaks when hit through a substitute: [32mPASS[0m
[23] Eject Pack does not activate if there are no Pokémon left to battle: [32mPASS[0m
[28] Dynamax: Pokemon with Gigantamax forms change upon Dynamaxing: [32mPASS[0m
[25] Belly Drum maximizes the user's Attack stat: [32mPASS[0m
[07] Ally Switch does not redirect moves done by Pokémon with Stalwart and Propeller Tail: [32mPASS[0m
[25] Camouflage changes the type of the user to Psychic if Psychic Terrain is active: [33mTO_DO[0m
[05] Belly Drum deducts HP if the user has Contrary and is at -6: [32mPASS[0m
[19] Future Sight does not trigger Protean: [32mPASS[0m
[10] Weak Armor does not trigger when brought in by Dragon Tail and taking Stealth Rock damage: [32mPASS[0m
[09] Commander cancels Tatsugiri's pending Terastallization: [32mPASS[0m
[17] Infiltrator doesn't bypass an ally's Safeguard - Confuse: [32mPASS[0m
[22] Maranga Berry raises the holder's Sp. Def by one stage when hit by a special move: [32mPASS[0m
[05] Bestow fails if the user is holding Mail: [32mPASS[0m
[28] Primal Reversion happens after a switch-in caused by Red Card: [32mPASS[0m
[24] Unnerve activates before other switch in abilities regardless of Speed: [32mPASS[0m
[19] Gear Up raises Attack and Sp. Attack of the user with Plus/Minus in singles: [32mPASS[0m
[06] Beat Up's damage is Dark-typed (Gen5+): [32mPASS[0m
[17] Insomnia prevents Rest: [32mPASS[0m
[07] Assurance doubles in power if False Swipe connected but didn't do any damage: [32mPASS[0m
[23] Kings Rock holder will flinch the target 10% of the time: [32mPASS[0m
[20] Dynamax: G-Max Chi Strike boosts allies' crit chance by 1 stage: [32mPASS[0m
[22] Mirror Herb copies the boost gained by an ability: [32mPASS[0m
[28] Ultra Burst and Mega Evolution can happen on the same turn: [32mPASS[0m
[11] (TERA) Type-changing moves fail against a Terastallized Pokemon: [32mPASS[0m
[06] Bestow fails if the target already has a held item: [32mPASS[0m
[10] Wind Rider activates when it's no longer effected by Neutralizing Gas: [32mPASS[0m
[19] Grassy Terrain recovers 1/16th HP at end of turn: [32mPASS[0m
[26] Lum Berry correctly cures all battlers if multiple fainted the previous turn: [32mPASS[0m
[00] Fling - thrown berry's effect activates for the target even if the trigger conditions are not met: [32mPASS[0m
[25] Ceaseless Edge will set up rocks if the target is behind a Substitute: [32mPASS[0m
[23] Life Orb activates if it hits a Substitute: [32mPASS[0m
[23] TODO: Write Mega Stone (Hold Effect) test titles: [33mTO_DO[0m
[07] Aura Wheel can be used by Pokémon transformed into Morpeko: [32mPASS[0m
[05] Body Press uses Defense Stat even in Wonder Room: [32mPASS[0m
[05] Judgement changes type depending on the plate the user holds: [33mTO_DO[0m
[22] Protective Pads doesn't reduce tough claws damage: [32mPASS[0m
[19] Grudge's effect disappears if the user takes a new turn - Sleep: [32mPASS[0m
[19] Haze doesn't reset Focus Energy (Gen 2-3 and 5+): [33mTO_DO[0m
[05] Chloroblast does not cause the user to lose HP even if the opposing mon protected: [32mPASS[0m
[28] Dynamax: G-Max Volt Crash paralyzes other opponent even if its target faints: [32mPASS[0m
[23] Metronome Item counts called moves instead of the calling move: [32mPASS[0m
[24] Water Absorb prevents Absorb Bulb and Luminous Moss from activating: [32mPASS[0m
[07] Aurora Veil wont prevent Protean activation when it fails due to being set up already: [32mPASS[0m
[07] Baton Pass doesn't pass Yawn's effect: [33mTO_DO[0m
[25] Chilly Reception changes the weather, even if the user cannot switch out: [32mPASS[0m
[07] Baton Pass passes Fairy lock's escape prevention effect: [33mTO_DO[0m
[20] Dynamax: Baton Pass passes G-Max Terror's escape prevention effect: [32mPASS[0m
[10] Zero to Hero's message displays correctly after all battlers fainted - Opponent: [32mPASS[0m
[19] Heal Pulse is blocked by Substitute: [32mPASS[0m
[00] Instruct-called status move fails if taunted: [32mPASS[0m
[26] Cheri and Lum Berries cure paralysis: [32mPASS[0m
[28] Dynamax: Max Moves don't execute effects on fainted battlers: [32mPASS[0m
[23] Mirror Herb does not trigger for Ally's Soul Heart's stat raise: [32mPASS[0m
[06] Body Press's damage depends on the user's Defense and not Attack stat stages: [32mPASS[0m
[07] Beak Blast doesn't burn after being used: [32mPASS[0m
[22] Red Card does not activate if stolen by a move: [32mPASS[0m
[05] Collision Course does normal damage if not super effective: [32mPASS[0m
[24] Wind Rider doesn't raise Attack if opponent sets up Tailwind: [32mPASS[0m
[05] Copycat fails if no move has been made: [33mTO_DO[0m
[00] Instruct causes the target to use its last used move again: [32mPASS[0m
[19] Helping Hand fails if ally already acted: [32mPASS[0m
[10] AI_FLAG_ASSUME_STATUS_MOVES changes behavior: [32mPASS[0m
[07] Beat Up doesn't list party member's name (Gen5+): [32mPASS[0m
[06] Chloroblast does not cause recoil damage if the user has Rock Head: [32mPASS[0m
[05] Court Change swaps entry hazard counts together with the hazard queues: [32mPASS[0m
[17] Intimidate (opponent) lowers player's attack after KO: [32mPASS[0m
[20] Dynamax: G-Max Volt Crash paralyzes both opponents: [32mPASS[0m
[22] Forced Leppa Berry consumption restores a move at 0 PP before other missing PP: [32mPASS[0m
[15] AI values moves above Splash, 801-900: [32mPASS[0m
[26] Custap Berry allows the holder to move first in its priority bracket when HP is below 1/2. If the holder has Gluttony: [32mPASS[0m
[00] Knock Off does knock off begin-battle form-change hold items from Pokemon that don't actually use them: [32mPASS[0m
[10] AI will see 2HKOs through resist berries: [32mPASS[0m
[19] Hit Escape: Electric Seed boost is received by the right Pokémon after U-turn and Intimidate: [32mPASS[0m
[23] Protective Pads protected moves still make direct contact: [32mPASS[0m
[07] Belly Drum fails if the user's Attack is already at +6, even with Contrary: [32mPASS[0m
[00] Knock Off does not remove items if target is immune: [32mPASS[0m
[17] Levitate does not activate on status moves: [32mPASS[0m
[25] AI uses Coaching: [32mPASS[0m
[26] Destiny Knot infatuates back when holder is targeted: [32mPASS[0m
[22] Rowap Berry is not triggered by a physical move: [32mPASS[0m
[11] (Z-MOVE) Every battler can use Z-Moves - 1v2: [32mPASS[0m
[24] Transform doesn't apply the heroic transformation message when copying Palafin: [32mPASS[0m
[25] Copycat ignores the recharging turn of recharging moves (Gen 5+): [33mTO_DO[0m
[19] Dragon Tail effect fails against target with Guard Dog: [32mPASS[0m
[20] Dynamax: Max Overgrowth sets up Grassy Terrain: [32mPASS[0m
[19] Red Card and forced switch moves (Roar/Whirlwind) cannot force out a rooted Pokémon: [33mTO_DO[0m
[15] TODO: Write Choice Band (Hold Effect) test titles: [33mTO_DO[0m
[05] Tail Whip lowers Defense by 1 stage: [32mPASS[0m
[07] Bestow fails if the user has no held item: [32mPASS[0m
[06] Collision Course damage is increased by 33 Percent if super effective: [32mPASS[0m
[06] Copycat can call the user's last move used if it was the last move used in battle: [33mTO_DO[0m
[26] Eject Button is not activated by a Sheer Force boosted move: [32mPASS[0m
[10] AI will see Magnitude damage: [32mPASS[0m
[28] Dynamax: G-Max Snooze makes only the target drowsy: [32mPASS[0m
[05] Defog lowers evasiveness of target behind Substitute (Gen4): [33mKNOWN_FAILING[0m
test/battle/move_effect/defog.c:74: Matched MESSAGE
[05] Destiny Bond's effect doesn't trigger on indirect damage - Leech Seed: [33mTO_DO[0m
[22] Shell Bell does not activate on Future Sight if the original user is on the field: [32mPASS[0m
[22] TODO: Write Soul Dew (Hold Effect) test titles: [33mTO_DO[0m
[05] Disable lasts 2-8 turns (Gen 2): [33mTO_DO[0m
[15] Covert Cloak does not prevent ability stat changes: [32mPASS[0m
[00] AI uses Last Resort - 3 moves: [32mPASS[0m
[23] Red Card does not activate if knocked off: [32mPASS[0m
[25] Corrosive Gas doesn't destroy the item of a Pokemon with the Sticky Hold ability: [32mPASS[0m
[23] TODO: Write Cleanse Tag (Hold Effect) test titles: [33mTO_DO[0m
[25] Baton Pass doesn't pass Defense Curl's effect: [33mTO_DO[0m
[24] AI does not target itself with selected moves in doubles (TARGET_BOTH): [32mPASS[0m
[11] (Z-MOVE) Z_EFFECT_RESTORE_REPLACEMENT_HP fully heals the replacement battler's HP: [32mPASS[0m
[06] Baton Pass passes Cursed status: [32mPASS[0m
[11] Ability Shield prevents the user's Trace from changing its ability: [33mTO_DO[0m
[26] Enigma Berry doesn't trigger if partner was hit: [32mPASS[0m
[10] AI will not choose Burn Up if the user lost the Fire typing: [32mPASS[0m
[22] Electric Seed is consumed on Electric Terrain before other abilities change the terrain: [32mPASS[0m
[28] Dynamax: Max Flare sets up sunlight: [32mPASS[0m
[17] Lightning Rod absorbs Electric-type moves and increases the Sp. Attack: [32mPASS[0m
[10] First Impression is preferred on the first turn of the species if it's the best dmg move: [32mPASS[0m
[19] Instructed move will be redirected by Rage Powder after instructed target loses Grass typing: [32mPASS[0m
[23] Restore PP berry activates immediately on switch in: [32mPASS[0m
[04] AI values moves above Splash, 201-300: [32mPASS[0m
[22] Throat Spray does not activate if move fails: [32mPASS[0m
[11] Ability Shield protects against Mold Breaker (no message): [32mPASS[0m
[06] Iron Defense raises Defense by 2 stages: [32mPASS[0m
[07] Body Press's damage depends on the user's base Defense instead of its base Attack: [32mPASS[0m
[24] AI will use recovery move if is in no immediate danger beneath an HP threshold: [32mPASS[0m
[20] Dynamax: Sitrus Berries heal based on a Pokemon's non-Dynamax HP: [32mPASS[0m
[19] Knock Off used by a Paradox mon doesn't knock off a non-Paradox mon's Booster Energy: [32mPASS[0m
[26] Float Stone halves the holder's weight: [32mPASS[0m
[17] Magic Bounce bounces back status moves: [32mPASS[0m
[23] Rowap Berry causes the attacker to lose 1/8 of its max HP if a special move was used: [32mPASS[0m
[11] Air Balloon only displays entry message when user switches in: [32mPASS[0m
[19] Knock Off doesn't knock off Z-Crystals: [32mPASS[0m
[06] Defog fails if target has minimum evasion stat change: [32mPASS[0m
[06] Destiny Bond's effect doesn't trigger on indirect damage - Sandstorm: [33mTO_DO[0m
[06] Disable lasts 0-7 turns (Gen 1): [33mTO_DO[0m
[20] Dynamax: Dynamaxed Pokemon cannot have their ability swapped to another Pokemon's: [32mPASS[0m
[28] Dynamax: Dynamaxed Pokemon are not affected by Choice items: [32mPASS[0m
[26] Lagging Tail priority bracket will not change if the item is removed is changed mid-turn: [32mPASS[0m
[10] AI prefers a weaker move over one with a downside effect if both require the same number of hits to ko: [32mPASS[0m
[09] Commander prevents pivot moves from switching out Dondozo: [32mPASS[0m
[17] Mega Sol doesn't prevent other weather based activations (Electro Shot): [32mPASS[0m
[23] Petaya Berry raises Sp. Atk by one stage when HP drops to 1/4 or below if holder has Ripen: [32mPASS[0m
[26] Life Orb activates when users attack is succesful: [32mPASS[0m
[28] Dynamax: Dynamaxed Pokemon cannot be hit by OHKO moves: [32mPASS[0m
[19] Knock Off activates after Rocky Helmet and Weakness Policy: [32mPASS[0m
[05] Hex deals double damage to foes with a status: [32mPASS[0m
[20] Dynamax: Dynamax increases HP and max HP by 1.5x: [32mPASS[0m
[22] Utility Umbrella blocks Rain damage modifiers: [32mPASS[0m
[06] AI uses Dragon Cheer: [32mPASS[0m
[04] White Herb restores stats after all hits of a multi hit move happened: [32mPASS[0m
[19] Leech Seed recovery is prevented by Heal Block: [32mPASS[0m
[28] (TERA) Every battler can use Terastalization - Singles: [32mPASS[0m
[05] Entrainment fails if the target's ability has cantBeOverwritten flag: [32mPASS[0m
[17] AI doesn't use accuracy-lowering moves if it knows that the foe has Mind's Eye: [32mPASS[0m
[05] Fairy Lock prevents a Pokémon from switching out on the following turn after replacing a fainted mon: [33mTO_DO[0m
[05] Final Gambit triggers the target's Endure: [33mTO_DO[0m
[26] Mental Herb cures volatile statuses in the following order - Infatuation, Torment, Disable, Heal Block, Encore, Taunt (Gen 5+): [32mPASS[0m
[15] Lum Berry properly cures a battler affected by a non-volatiles status and confusion: [32mPASS[0m
[00] Last Respects does not count a partner Trainer's fainted Pokemon in a multi battle: [32mPASS[0m
[10] AI will not waste a turn setting up if it knows target can faint it: [32mPASS[0m
[23] Seeds get consumed in Terrain even if holder is not affected by Terrain: [32mPASS[0m
[24] AI uses a guaranteed KO move instead of the move with the highest expected damage: [32mPASS[0m
[23] TODO: Write Wide Lens (Hold Effect) test titles: [33mTO_DO[0m
[09] Dancer correctly restores move targets: [32mPASS[0m
[20] (TERA) Terapagos retains the Stellar type boost at all times: [32mPASS[0m
[25] Defog removes terrain (Gen 8+): [32mPASS[0m
[06] Dynamax Cannon causes double damage to Dynamaxed Pokemon: [32mPASS[0m
[26] Metronome Item's boost is reset if the attacker uses a different move: [32mPASS[0m
[25] Electro Ball inflicts more damage the faster the user is compared to the target: [33mTO_DO[0m
[10] AI uses Quick Guard against Quick Attack when opponent would die of poison: [32mPASS[0m
[19] Light Screen reduces special damage: [32mPASS[0m
[15] Eject Pack switches the user out even if rooted by Ingrain: [32mPASS[0m
[28] (TERA) Stellar type's one-time boost factors in dynamically-typed moves: [32mPASS[0m
[15] TODO: Write Flame Orb (Hold Effect) test titles: [33mTO_DO[0m
[15] TODO: Write Griseous Orb (Hold Effect) test titles: [33mTO_DO[0m
[00] Lock-On: When locked on attacker faints, the volatile will be removed: [32mPASS[0m
[05] AI may prioritize Fake Out over fast KO when its ally is fast KO'd by both opponents but has a slow KO on target's partner: [32mPASS[0m
[09] Dancer doesn't trigger if the original user flinches: [32mPASS[0m
[20] (TERA) Revelation Dance uses a Stellar-type Pokemon's base type: [32mPASS[0m
[11] Berserk Gene does not confuse a Pokemon with Own Tempo but still raises attack sharply in a double battle: [32mPASS[0m
[25] Embargo negates a held item's Speed reduction: [32mPASS[0m
[10] AI sees increased base power of Body Press after Special Defense is boosted (Wonder Room): [32mPASS[0m
[07] Techno Blast changes type depending on the drive the user holds: [32mPASS[0m
[24] AI without any flags chooses moves at random - doubles: [32mPASS[0m
[15] Kee Berry raises the holder's Defense by two stages with Ripen when hit by a physical move: [32mPASS[0m
[07] Copycat causes the user to use the last move used in battle: [33mTO_DO[0m
[28] (TERA) Terastallizing into the Stellar type boosts all moves up to 60 BP once per type: [32mPASS[0m
[06] Embargo disables the effect of the Plate items on the move Judgment: [32mPASS[0m
[20] (TERA) Terastallization changes the effect of Curse: [32mPASS[0m
[26] Mirror Herb copies all of foe's positive stat changes in a turn: [32mPASS[0m
[25] Encore forces the last move used while asleep: [32mPASS[0m
[28] (TERA) Synchronoise uses a Terastallized Pokemon's Tera Type: [32mPASS[0m
[10] AI sees increased base power of Smelling Salt: [32mPASS[0m
[15] Life Orb doesn't cause any HP loss if user is unable to attack: [32mPASS[0m
[06] Endeavor causes the target's HP to equal the user's current HP: [32mPASS[0m
[00] Magic Coat reflects hazards regardless of the user's position: [32mPASS[0m
[11] Booster Energy activates on any terrain: [32mPASS[0m
[07] Curse lowering stats is not prevented by Mist: [32mPASS[0m
[25] Endure takes precedence over False Swipe (Gen 5+): [32mPASS[0m
[27] Leek increases critical hit ratio by 2 stages for the Farfetch'd Family: [32mPASS[0m
[22] Full Heal heals a battler from any primary status: [32mPASS[0m
[19] Magic Room prevents item hold effects: [32mPASS[0m
[26] Red Card does not cause the dragged out mon to lose hp due to it's held Life Orb: [32mPASS[0m
[06] Entrainment fails if the user's ability has cantBeCopied flag: [32mPASS[0m
[09] Dazzling, Queenly Majesty and Armor Tail do not block Haze: [32mPASS[0m
[06] Fairy Lock does not prevent switch out via Red Card: [33mTO_DO[0m
[28] (TERA) Terastallization's 60 BP floor does not apply to dynamic base power moves: [32mPASS[0m
[10] AI_FLAG_DOUBLE_ACE_POKEMON: Ace mons won't be switched in even if they are the best candidates: [32mPASS[0m
[06] Final Gambit triggers the target's Sturdy: [33mTO_DO[0m
[28] (Z-MOVE) Stat changes from Extreme Evoboost are inverted by Contrary: [33mTO_DO[0m
[20] (TERA) Terastallization's 60 BP floor occurs after Technician: [32mPASS[0m
[15] Mirror Herb does not activate or get consumed if no copied stat can be raised: [32mPASS[0m
[25] Double Shock user loses its Electric-type if enemy faints: [32mPASS[0m
[26] Red Card does not activate if no replacements: [32mPASS[0m
[00] Mean Look: trapped target Baton Pass keeps trapping: [32mPASS[0m
[28] (Z-MOVE) Guardian of Alola deals 75% of the target's current HP: [32mPASS[0m
[15] Protective Pads protects from Rocly Helmet Damage: [32mPASS[0m
[22] X Sp. Def sharply raises battler's Sp. Defense stat: [32mPASS[0m
[19] Steel Beam does not cause the user to lose HP if there is no target: [32mPASS[0m
[05] Fling applies special effects when throwing specific Items: [32mPASS[0m
[17] Moody randomly lowers the user's Attack, Defense, Sp. Atk, Sp. Def, or Speed by one stage: [32mPASS[0m
[28] (Z-MOVE) Genesis Supernova sets up psychic terrain: [32mPASS[0m
[22] Items can restore a battler's HP (doubles, playerLeft): [32mPASS[0m
[26] Weakness berries do not decrease the power of Struggle: [32mPASS[0m
[05] Fury Cutter's power is reset if the trainer uses an item: [33mTO_DO[0m
[07] Cotton Guard raises Defense by 3 stages: [32mPASS[0m
[19] Metronome's called multi-hit move hits multiple times: [32mPASS[0m
[15] Red Card activates before Eject Pack: [32mPASS[0m
[28] (Z-MOVE) Powder blocks Fire type Z-Moves but not boosts granted: [32mPASS[0m
[29] AI values moves above Splash, 301-400: [32mPASS[0m
[00] Miracle Eye always hits unless the target is semi-invulnerable: [32mPASS[0m
[09] Disguised Mimikyu will lose 1/8 of its max HP upon changing to its busted form (Gen8+): [32mPASS[0m
[26] Safety Goggles blocks damage from Sandstorm: [32mPASS[0m
[05] Future Sight does not trigger Rowap Berry: [32mPASS[0m
[06] AI will Fake Out a target if its ally has slow KO on the target's partner and the user cannot fast KO the target: [32mPASS[0m
[06] Flatter raises the target's Sp. Atk even when protected by Safeguard: [33mTO_DO[0m
[19] Mist's protection considers Contrary: [32mPASS[0m
[19] TODO: Morning Sun recovers 2/8 of the user's max HP in Rain, Sandstorm, Hail, and Snow while it is morning (Gen2): [33mTO_DO[0m
[27] Future Sight is not affected by type effectiveness (Gen 2-4): [33mTO_DO[0m
[22] Revive does not grant a mon its pre-death stat change: [32mPASS[0m
[07] Defog lowers evasiveness by 1 stage: [32mPASS[0m
[07] Destiny Bond's effect disappears if the user takes a new turn - Flinching: [33mTO_DO[0m
[07] Disabled moves can still be used via Mirror Move: [33mTO_DO[0m
[00] Morning Sun recovers 2/3 of the user's max HP in Sunlight (Gen3+): [32mPASS[0m
[15] Red Card activates but fails if the attacker is rooted: [32mPASS[0m
[25] Fell Stinger raises user's Attack by 2 stages (Gen6) or 3 stages (Gen7+) if it faints target: [32mPASS[0m
[05] Gastro Acid immediately ends Neutralizing Gas and reactivates suppressed abilities: [32mPASS[0m
[07] Baton Pass passes Dragon Cheer's effect: [33mTO_DO[0m
[25] Super Fang is unaffected by type immunities (Gen 1): [33mTO_DO[0m
[25] Flail has 80 power when HP is greater or equal than 20.3% (Gen4+): [33mTO_DO[0m
[26] Shell Bell does not activate on Future Sight if the original user is not on the field: [32mPASS[0m
[19] Scale Shot decreases defense and increases speed after final hit: [32mPASS[0m
[27] If Glaive Rush is successful, moves targeted at the user deal double damage until the user moves again: [32mPASS[0m
[27] Gravity increases accuracy of all moves by 5/3 (~1.67): [33mTO_DO[0m
[27] Assault Vest uses Guard Split's altered stats: [33mTO_DO[0m
[22] Guard Spec. sets Mist effect on the battlers side: [32mPASS[0m
[10] AI uses Tailwind to trigger Wind Power (Doubles): [32mPASS[0m
[17] Opportunist only copies foe's positive stat changes in a turn: [32mPASS[0m
[00] Natural Gift does not remove berry if user is unable to use a move: [32mPASS[0m
[25] Fling reveals the user's item before dealing damage: [32mPASS[0m
[09] Dry Skin doesn't heal in Rain if Cloud Nine/Air Lock is on the field: [32mPASS[0m
[05] Grassy Terrain heals the Pokémon on the field for the duration of the terrain, including last turn: [32mPASS[0m
[20] (Z-MOVE) Every battler can use Z-Moves - Multi: [32mPASS[0m
[19] Nightmare affects Pokémon with Comatose: [32mPASS[0m
[26] Petaya Berry raises Sp. Atk by one stage when HP drops to 1/2 or below if holder has Gluttony: [32mPASS[0m
[11] Booster Energy activates Quark Drive and increases highest stat: [32mPASS[0m
[19] Octolock stat drops are not reflected by Mirror Armor: [32mPASS[0m
[20] (Z-MOVE) Z_EFFECT_ALL_STATS_UP raises all of a battler's stat stages by one: [32mPASS[0m
[09] Emergency Exit activates when taking residual damage and falling under 50% max-hp - Salt Cure: [32mPASS[0m
[22] Absorb does not play the draining message at full HP in Gen5+: [32mPASS[0m
[00] No Retreat won't activate Protean if it fails due to already being used by the user: [32mPASS[0m
[28] (Z-MOVE) Z-Hidden Power always transforms into Breakneck Blitz: [32mPASS[0m
[25] AI uses Flower Shield: [32mPASS[0m
[29] Poke Toy lets the player escape from a wild battle: [32mPASS[0m
[07] Dragon Darts strikes an opponent twice if the other one is in a semi-invulnerable turn: [32mPASS[0m
[15] Red Card switches the target with a random non-battler, non-fainted replacement: [32mPASS[0m
[17] Pastel Veil prevents Toxic Spikes poison on partner: [32mPASS[0m
[19] Sheer Cold doesn't affect Ice-type Pokémon (Gen7+): [32mPASS[0m
[00] Octolock reduction is prevented by Clear Amulet: [32mPASS[0m
[22] Acupressure works on the user if it's behind a Substitute (Gen5+): [32mPASS[0m
[09] Flower Gift transforms Cherrim back when it uses a move that forces it to switch out: [32mPASS[0m
[17] Pickpocket activates after Magician steals an item: [32mPASS[0m
[19] Worry Seed replaces target's ability with Insomnia: [32mPASS[0m
[07] Electrify changes the type of foreseen moves when hitting its target: [32mPASS[0m
[15] Shell Bell recovers only 1 damage if the move only did 1 damage: [32mPASS[0m
[15] TODO: Write Smooth Rock (Hold Effect) test titles: [33mTO_DO[0m
[27] Heal Bell cures inactive Soundproof Pokemon (Gen5+): [32mPASS[0m
[10] AI will choose Earthquake if it kills one opposing mon and does not kill the partner needlessly: [32mPASS[0m
[28] Air Balloon pops if a damaging move hits the holder's Substitute: [32mPASS[0m
[25] Focus Punch will lose focus if damaged when encored into a different move and selected Focus Punch (Gen 5-6): [32mPASS[0m
[00] OHKO moves always fails if the target has a higher level than the user: [32mPASS[0m
[20] Ability Shield prevents Receiver/Power of Alchemy holder from copying ally's ability: [32mPASS[0m
[17] Pickup doesn't grant another Pokémon's popped Air Balloon: [32mPASS[0m
[17] TODO: Write Plus (Ability) test titles: [33mTO_DO[0m
[05] Grudge's effect disappears if the user takes a new turn - Flinching: [32mPASS[0m
[15] Sticky Barb hurts its holder at the end of the turn: [32mPASS[0m
[07] Embargo doesn't block the effects of berries obtained through Bug Bite or Pluck: [32mPASS[0m
[22] After You calculates correct turn order if only one Pokémon is left on the opposing side: [32mPASS[0m
[11] Chesto and Lum Berries cure sleep: [32mPASS[0m
[03] Encore lasts for 3-7 turns (Gen 4): [32mPASS[0m
[19] Parting Shot: Does not switch if Contrary is at maximum stats (Gen7+): [32mPASS[0m
[09] Fluffy doubles damage taken from fire type moves: [32mPASS[0m
[17] Poison Touch is blocked by Shield Dust: [32mPASS[0m
[20] Adrenaline Orb activates after Defiant: [32mPASS[0m
[17] Prankster-affected moves called via Nature Power don't affect Dark-type Pokémon: [33mTO_DO[0m
[20] TODO: Write Assault Vest (Hold Effect) test titles: [33mTO_DO[0m
[27] Hit Escape: U-turn switches the user out after Ice Face activates: [32mPASS[0m
[06] Fling doesn't consume the item if the user is asleep/frozen/paralyzed: [32mPASS[0m
[00] Parting Shot: Mist prevents stat drops and switches (Gen6): [32mPASS[0m
[06] Fury Cutter's power is reset if the user is switched out: [33mTO_DO[0m
[15] Throat Spray is not blocked by Sheer Force: [32mPASS[0m
[15] TODO: Write Toxic Orb (Hold Effect) test titles: [33mTO_DO[0m
[25] Focus Punch uses PP when losing focus (Gen 3-4): [32mPASS[0m
[25] Foresight causes moves used against the target to always hit (Gen 4+): [33mTO_DO[0m
[25] Foul Play uses the user's attack modifiers - Burn: [33mTO_DO[0m
[26] Misty Seed raises the holder's Sp. Defense on Misty Terrain: [32mPASS[0m
[17] Pressure's effect stacks with multiple Pokémon: [32mPASS[0m
[06] Future Sight does not trigger Eject Button: [32mPASS[0m
[00] Parting Shot: Hyper Cutter blocks Attack drop but still switches: [32mPASS[0m
[22] Ally switch swaps opposing sky drop targets if partner is being held in the air: [32mPASS[0m
[09] Fur Coat doubles Defense: [32mPASS[0m
[09] TODO: Write Gooey (Ability) test titles: [33mTO_DO[0m
[25] Fury Cutter's power doubles with each use, up to 160 power: [32mPASS[0m
[15] White Herb wont have time to activate if it is knocked off or stolen by Thief: [32mPASS[0m
[25] Future Sight ignores Wonder Guard (Gen 2-4): [33mTO_DO[0m
[19] Perish Song can be absorbed and will not affect those that absorbed it: [32mPASS[0m
[17] Protosynthesis doesn't activate for a transformed battler: [32mPASS[0m
[20] Berserk Gene activates on switch in: [32mPASS[0m
[11] Ganlon Berry raises the holder's Defense by one stage when HP drops to 1/4 or below: [32mPASS[0m
[18] Sheer Force only boosts the damage of moves it's supposed to boost (Gen6): [32mPASS[0m
[22] Ally Switch fails in a single battle: [32mPASS[0m
[00] Pledge move combo doesn't trigger on opponent's Pledge move - Motor Drive: [32mPASS[0m
[09] Guard Dog does not activate if Intimidate is blocked by Substitute: [32mPASS[0m
[09] TODO: Write Guts (Ability) test titles: [33mTO_DO[0m
[27] Dragon Tail switches the target with a random non-fainted replacement: [32mPASS[0m
[26] Zoom Lens does not boost accuracy against a target that switched in this turn: [32mPASS[0m
[29] Full Restore heals a party member from any primary status: [32mPASS[0m
[17] Quark Drive activates in Electric Terrain before Booster Energy: [32mPASS[0m
[17] TODO: Write Receiver (Ability) test titles: [33mTO_DO[0m
[29] Poke Balls can't be thrown when WE_FLAG_NO_CATCHING is set: [33mTO_DO[0m
[05] Helping Hand boosts the power of attacking moves by 125% if Instructed into using it again: [32mPASS[0m
[19] Pledge move combo doesn't trigger on opponent's Pledge move - Storm Drain: [32mPASS[0m
[25] Glaive Rush doesn't affect the user if the effect is blocked: [32mPASS[0m
[26] Burn Heal heals a battler from being burned: [32mPASS[0m
[00] Pledge move combo fails if ally fails to act - Frozen Both Right Faster: [32mPASS[0m
[20] Blunder Policy activates if the first strike of Triple Kick misses: [32mPASS[0m
[29] Spread Move: Heals the correct amount from all Pokemon: [32mPASS[0m
[22] Assisted move triggers correct weakness berry: [32mPASS[0m
[20] TODO: Write Choice Scarf (Hold Effect) test titles: [33mTO_DO[0m
[25] Grudge depletes all PP of the move that fainted the target: [32mPASS[0m
[11] Eject Pack activates once intimidate mon switches in: [32mPASS[0m
[11] TODO: Write Expert Belt (Hold Effect) test titles: [33mTO_DO[0m
[29] Absorb recovers 50% of the damage dealt: [32mPASS[0m
[20] Covert Cloak blocks Sparkling Aria in singles: [32mPASS[0m
[05] Dragon Tail switches target out and incoming mon has Levitate negated by Mold Breaker: [32mPASS[0m
[22] Swords Dance raises Attack by 2 stages: [32mPASS[0m
[03] Future Sight flying type attacker in party receives no boost from Psychic Terrain: [32mPASS[0m
[22] Autotomize's weight reduction is reset upon fainting: [33mTO_DO[0m
[22] Baton Pass doesn't pass Rollout's multiplier: [33mTO_DO[0m
[17] Refrigerate boosts power of affected moves by 20% (Gen7+) or 30% (Gen1-6): [32mPASS[0m
[22] Baton Pass doesn't pass infatuation: [33mTO_DO[0m
[18] AI has a chance to prioritize last chance priority damage over slow KO: [32mPASS[0m
[03] TODO: Write Gyro Ball (Move Effect) test titles: [33mTO_DO[0m
[11] Gem is consumed when it corresponds to the type of a move: [32mPASS[0m
[27] Instruct fails if target is preparing Focus Punch, Beak Blast or Shell Trap: [32mPASS[0m
[29] Acupressure works on the user if its side is protected by Crafty Shield: [32mPASS[0m
[05] Ice Spinner fails to remove terrain if user faints during attack execution: [32mPASS[0m
[20] Lum Berry properly cures a battler affected by only confusion: [32mPASS[0m
[22] Beak Blast's charging message is shown before other moves are used: [32mPASS[0m
[15] Lava Cookies heals a battler from any primary status: [32mPASS[0m
[11] Kee Berry doesn't trigger if partner was hit: [32mPASS[0m
[19] Pledge move combo doesn't fail if any mon thaws out: [32mPASS[0m
[29] After You makes the target move after user: [32mPASS[0m
[03] Healing Wish causes the user to faint and heals the replacement's HP and status (doubles): [32mPASS[0m
[03] TODO: Write Heat Crash (Move Effect) test titles: [33mTO_DO[0m
[22] Belch can still be used after restoring the consumed berry: [32mPASS[0m
[05] Ingrain fails if already rooted: [32mPASS[0m
[11] Life Orb does not activate if move was absorbed by target: [32mPASS[0m
[22] Belly Drum's HP cost doesn't trigger effects that trigger on damage taken: [32mPASS[0m
[25] Aromatherapy cure Soundproof battlers regardless of config: [32mPASS[0m
[26] Antidote heals a battler from being poisoned (doubles): [32mPASS[0m
[03] Hit Escape: U-turn will fail to switch if the user faints: [32mPASS[0m
[15] Max Mushrooms raises battler's Attack stat: [32mPASS[0m
[11] Maranga Berry doesn't trigger if partner was hit: [32mPASS[0m
[25] Dragon Tail fails if no replacements: [32mPASS[0m
[11] TODO: Write Metal Powder (Hold Effect) test titles: [33mTO_DO[0m
[22] Bide doesn't deal damage through protect: [32mPASS[0m
[24] AI prefers moves with better accuracy, but only if they both require the same number of hits to ko: [32mPASS[0m
[29] Ally Switch works if ally used two-turn move like Dig: [32mPASS[0m
[28] Berserker Gene confusion can be healed with bag items: [32mPASS[0m
[15] Items can restore a partner battler's HP (opponentLeft to opponentRight): [32mPASS[0m
[03] Hit Escape: U-turn does not switch the user out if the battle ends: [32mPASS[0m
[27] Lash Out damage is boosted on turn 1 by switch in abilities: [32mPASS[0m
[05] Instruct fails if the instructed move's PP is depleted: [32mPASS[0m
[11] Mirror Herb activates with Contrary if stat is at +6: [32mPASS[0m
[25] Ingrain does not prevent switching out with Flip Turn: [32mPASS[0m
[11] TODO: Write Red/Blue Orb (Hold Effect) test titles: [33mTO_DO[0m
[03] Ice Spinner doesn't fail if there is no terrain on the field: [32mPASS[0m
[22] Bulk Up increases the user's Attack and Defense by 1 stage each: [32mPASS[0m
[20] Berry hold effect cures status if a Pokémon enters a battle: [32mPASS[0m
[15] Items can restore a battler's HP (doubles, opponentLeft): [32mPASS[0m
[26] X Speed sharply raises battler's Speed stat: [32mPASS[0m
[29] Aqua Ring can be used under Heal Block but will not heal the user: [32mPASS[0m
[29] Assist called move does not get boosted by Normalize: [33mTO_DO[0m
[19] Powder damages a target using Shell Trap even if it wasn't hit by a Physical move: [32mPASS[0m
[29] Assist counts all instances of the same move as separate: [33mTO_DO[0m
[04] Full Heal heals a battler from any primary status (doubles): [32mPASS[0m
[22] Captivate fails if the target is genderless: [32mPASS[0m
[27] Lunar Dance causes the user to faint and heals the replacement's HP, PP and status (singles): [32mPASS[0m
[18] AI stays choice locked into moves in spite of the player's ability disabling them: [32mPASS[0m
[25] Instruct-called moves keep their priority: [32mPASS[0m
[11] Red Card will activate before Eject Button if holder is faster: [32mPASS[0m
[00] Pledge status timer does not reset if combined move is used again: [32mPASS[0m
[24] AI will trigger its ally's Weakness Policy: [32mPASS[0m
[28] Custap Berry allows the holder to move first in its priority bracket when HP is below 1/4: [32mPASS[0m
[28] TODO: Write Amulet Coin (Hold Effect) test titles: [33mTO_DO[0m
[03] Ingrain restores 30% more HP when holding Big Root: [32mPASS[0m
[27] Magnet Rise fails if the user is Rooted: [32mPASS[0m
[06] Gastro Acid fails if target has a banned ability: [32mPASS[0m
[26] Items can restore a partner battler's HP (playerLeft to playerRight): [32mPASS[0m
[22] Chilly Reception doesn't announce its move if it's called by a different move: [32mPASS[0m
[04] Bestow fails if the user's held item is a Mega Stone: [32mPASS[0m
[03] Ion Deluge works the same way as always when used by a mon with Volt Absorb: [32mPASS[0m
[25] Instruct-called move targets the target of the move picked on its last use: [32mPASS[0m
[11] Red Card activates but fails if the attacker has Suction Cups: [32mPASS[0m
[29] Howl raises user's Attack by 1 stage: [32mPASS[0m
[29] Autotomize's weight reduction cannot be removed by Haze: [33mTO_DO[0m
[29] Baton Pass passes No Retreat's escape prevention effect: [33mTO_DO[0m
[05] Ivy Cudgel changes the move type depending on the form of Ogerpon: [32mPASS[0m
[29] Baton Pass fails if there's no valid party Pokémon left: [33mTO_DO[0m
[05] Leech Seed's effect is paused until a new battler replaces the original user's position: [33mTO_DO[0m
[20] Kings Rock flinch chance boosted by Serene Grace does not stack with rainbow: [32mPASS[0m
[00] Powder still blocks the target's Fire type moves even if it was given Grass type: [32mPASS[0m
[03] Knock Off does knock off other form-change hold items from Pokemon that don't actually use them: [32mPASS[0m
[27] Steel Beam makes the user lose 1/2 of its Max HP in a double battle: [32mPASS[0m
[25] Knock Off does knock off Ogerpon masks from Pokemon that aren't Ogerpon: [32mPASS[0m
[11] Red Card does not activate if holder faints: [32mPASS[0m
[15] Revive force revived pokemon to replace absent battler immediately: [32mPASS[0m
[29] Beat Up's damage is determined by each striking Pokémon's base attack and level and the target's defense: [32mPASS[0m
[05] Life Dew works in singles on user: [32mPASS[0m
[20] Life Orb does not activate if using a status move: [32mPASS[0m
[22] Clangorous Soul raises the user's Atk, Def, Sp. Atk. Sp. Def and Speed by 1 stage: [32mPASS[0m
[03] Knock Off does not remove items through Substitute: [32mPASS[0m
[06] Last Resort fails if mon was paralyzed last turn: [32mPASS[0m
[06] Leech Seed doesn't affect already seeded targets: [33mTO_DO[0m
[00] Powder only blocks the target's Fire type moves on the same turn: [32mPASS[0m
[25] Knock Off does knock off Mega Stones from Pokemon that don't actually use them: [32mPASS[0m
[19] Protect: Quick Guard, Wide Guard and Crafty Shield don't reduce Max Move demage: [32mPASS[0m
[05] Lock-On skips the accuracy check for 2 turns (Player uses Lock-On): [32mPASS[0m
[20] Maranga Berry raises the holder's Sp. Def by two stages with Ripen when hit by a special move: [32mPASS[0m
[18] AI will not further increase Attack / Sp. Atk stat if it knows it faints to target: AI faster: [32mPASS[0m
[08] Tera Blast animations work: [32mPASS[0m
[03] Last Resort does not fail if previous move was blocked by Dazzling: [32mPASS[0m
[03] Baton Pass passes Leech Seed's effect: [33mTO_DO[0m
[28] Eject Pack will trigger on the fastest mon at the end of the turn: [32mPASS[0m
[27] Minimize increases the user's Evasion by 2 stages (Gen5+) or 1 stage (Gen1-4): [32mPASS[0m
[27] TODO: Morning Sun recovers 1/2 of the user's max HP in Sunlight while it is not morning (Gen2): [33mTO_DO[0m
[05] Me First fails if target moves first: [32mPASS[0m
[04] Body Press uses Special Defense stat Stages in Wonder Room: [32mPASS[0m
[22] Conversion 2's type change fails targeting Struggle (Gen 5+): [32mPASS[0m
[23] Heal Powder heals a battler from any primary status (doubles): [32mPASS[0m
[06] Life Dew recovers 25% of hp for both user and partner: [32mPASS[0m
[19] Protect: Spiky Shield doesn't hurt attacker when charging a two turn move: [32mPASS[0m
[11] Restore HP Item effects do not miss timing (Berries): [32mPASS[0m
[03] Life Dew only works on partner if user is at full hp: [32mPASS[0m
[11] If a Pokémon steals a Shell Bell with Magician, it will recover HP for the use of that move that stole the Shell Bell: [33mTO_DO[0m
[05] Mirror Move works even if the target was immune to it: [32mPASS[0m
[05] TODO: Moonlight recovers 1/4 of the user's max HP while it is not night or evening (Gen2): [33mTO_DO[0m
[27] Multi hit Moves hit the maximum amount with Skill Link: [32mPASS[0m
[22] Copycat deducts power points from itself, not the copied move: [32mPASS[0m
[22] Corrosive Gas doesn't destroy the item of a Pokemon behind a Substitute: [33mTO_DO[0m
[04] Chloroblast does not cause the user to lose HP even if it is absorbed by Sap Sipper: [32mPASS[0m
[28] Enigma Berry does nothing if not hit by super effective move: [32mPASS[0m
[28] TODO: Write Focus Sash (Hold Effect) test titles: [33mTO_DO[0m
[29] Belch can still be used after fainting: [32mPASS[0m
[20] Metronome Item counts charging turn of moves for its attacking turn: [32mPASS[0m
[28] TODO: Write Icy Rock (Hold Effect) test titles: [33mTO_DO[0m
[06] Lock-On volatile allows to hit through semi-invulnerability: [32mPASS[0m
[06] TODO: Write Magic Room (Move Effect) test titles: [33mTO_DO[0m
[11] Shell Bell recovers no HP if the move did no damage: [32mPASS[0m
[08] Charge will expire if user flinches while using an electric move: [32mPASS[0m
[03] Lock-On: Baton Pass does not transfer Lock-On volatile: [32mPASS[0m
[24] AI will choose Beat Up on an ally with Justified if it will benefit the ally: [32mPASS[0m
[27] Sheer Cold can be endured by Focus Sash: [32mPASS[0m
[04] Coil increases the user's Attack, Defense and Accuracy by 1 stage each: [32mPASS[0m
[09] Healer cures adjacent ally's status condition 30% of the time: [32mPASS[0m
[04] Conversion can read the user's first move slot even if that move cannot be selected (Gen 6+): [33mTO_DO[0m
[04] Copycat chooses a target at random if the copied move wasn't the user's: [33mTO_DO[0m
[29] Bestow fails if the user's held item changes its form: [32mPASS[0m
[08] Chloroblast hp loss is prevented by Magic Guard: [32mPASS[0m
[23] Belly Drum fails if the user's Attack is already at +6: [32mPASS[0m
[19] Psychic Terrain doesn't block priority moves that target allies: [32mPASS[0m
[13] Sheer Force only boosts the damage of moves it's supposed to boost (Gen9): [32mPASS[0m
[27] Simple Beam replaces target's ability with Simple: [32mPASS[0m
[06] Steel Beam inflicts recoil if it hits a Substitute: [32mPASS[0m
[18] AI chooses moves that cure inactive party members: [32mPASS[0m
[28] Leftovers does nothing if Heal Block applies: [32mPASS[0m
[20] Protective Pads doesn't invalid unseen fist: [32mPASS[0m
[03] Magic Coat prints the correct message when bouncing back a move: [32mPASS[0m
[29] Bide is blocked by Dazzling when it unleashes the attack: [32mPASS[0m
[03] TODO: Write Mat Block (Move Effect) test titles: [33mTO_DO[0m
[29] Camouflage changes the type of the user to Grass if Grassy Terrain is active: [33mTO_DO[0m
[19] Psych Up copies the target's critical hit ratio (Gen6+): [32mPASS[0m
[06] Me First fails if target uses a status move: [32mPASS[0m
[11] Salac Berry raises the holder's Speed by one stage when HP drops to 1/4 or below: [32mPASS[0m
[05] Scale Shot decreases defense and increases speed after killing opposing with less then 4 hits: [32mPASS[0m
[08] Teeter Dance can confuse foes and allies: [32mPASS[0m
[08] Conversion changes the user's types to the one in the user's first slot (Gen 6+): [33mTO_DO[0m
[23] Bide doesn't deal back damage taken by user's Substitute: [32mPASS[0m
[27] Parting Shot: Mirror Armor switches even if reflected stats are at minimum: [32mPASS[0m
[03] Me First can be selected if users holds Assault Vest: [32mPASS[0m
[06] Mirror Move fails if no move was used before: [32mPASS[0m
[04] Court Change swaps entry hazards used by the opponent: [32mPASS[0m
[29] Ceaseless Edge fails to set up hazards if user faints: [32mPASS[0m
[23] Calm Mind increases the user's Sp. Attack and Sp. Defense by 1 stage each: [32mPASS[0m
[05] Octolock stat drop is prevented by Flower Veil: [32mPASS[0m
[05] OHKO moves ignore non-stage accuracy modifiers: [33mTO_DO[0m
[08] Core Enforcer hits both opposing targets: [32mPASS[0m
[20] Red Card doesn't prevent Emergency Exit activation when triggered: [32mPASS[0m
[27] Pledge move combo doesn't trigger on opponent's Pledge move - Well Baked Body: [32mPASS[0m
[24] AI_FLAG_ATTACKS_PARTNER steps on its ally's weather: [32mPASS[0m
[13] AI_FLAG_PREDICT_SWITCH: AI would normally choose prediction-informed move against mon in predicted-incoming-mon scenario: [32mPASS[0m
[23] Captivate fails if the target and user share gender: [32mPASS[0m
[11] Throat Spray activates after both hits of a spread move: [32mPASS[0m
[29] Chilly Reception does not switch the user out if no replacements: [32mPASS[0m
[08] Curse applies to the opponent if user is afflicted by Trick-or-Treat in the same turn: [32mPASS[0m
[19] AI does not use Purify to heal an ally with Guts: [32mPASS[0m
[03] Mirror Move's called multi-hit move hits multiple times: [32mPASS[0m
[03] TODO: Moonlight recovers 1/8 of the user's max HP in Rain, Sandstorm, Hail, and Snow while it is not night or evening (Gen2): [33mTO_DO[0m
[03] TODO: Write Mud Sport (Move Effect) test titles: [33mTO_DO[0m
[04] Screech lowers Defense by 2 stages: [32mPASS[0m
[05] OHKO moves can hit semi-invulnerable mons when the user has No-Guard: [32mPASS[0m
[27] Pledge move combo fails if ally fails to act - Flinch Both Left Faster: [32mPASS[0m
[29] Coaching fails in single battles: [32mPASS[0m
[23] Chilly Reception fails if it can't switch the user out or change the weather: [32mPASS[0m
[18] AI_FLAG_DOUBLE_ACE_POKEMON: U-Turn won't send out any of the Ace Mons if other options exist: [32mPASS[0m
[14] AI values moves above Splash, 1-100: [32mPASS[0m
[05] Parting Shot: Flower Veil prevents stat drops and does not switch (Gen7+): [32mPASS[0m
[23] Clangorous Soul cuts the user's HP by 1/3: [32mPASS[0m
[03] Natural Gift removes berry if move fails due to an immunity: [32mPASS[0m
[10] AI only rewards spread moves when an ally's absorbing ability provides a useful benefit: [32mPASS[0m
[08] Harden raises Defense by 1 stage: [32mPASS[0m
[29] Conversion 2 randomly changes the type of the user to a type that resists the last used target's move (Gen 5+): [32mPASS[0m
[08] Destiny Bond cannot be used in Raids: [33mTO_DO[0m
[24] AI_FLAG_PREDICT_SWITCH: AI would switch out in trapper-from-player's-perspective case: [32mPASS[0m
[29] Copycat copies other calling moves instead of the move they called (Gen 4): [33mTO_DO[0m
[08] Destiny Bond's effect disappears if the user takes a new turn - Paralysis: [33mTO_DO[0m
[08] Disabled moves can still be used via Metronome: [33mTO_DO[0m
[13] AI_FLAG_PREDICT_SWITCH: AI would switch out in Focus Punch scenario: [32mPASS[0m
[19] Pursuit only attacks a switching foe if user is alive: [32mPASS[0m
[06] Moonlight recovers 1/4 of the user's max HP in Rain, Sandstorm, Hail, and Snow (Gen3+): [32mPASS[0m
[06] OHKO moves's ignores non-stage accuracy modifiers: [33mTO_DO[0m
[20] Red Card does not activate if stolen by Magician: [32mPASS[0m
[06] TODO: Write Order Up (Move Effect) test titles: [33mTO_DO[0m
[03] No Retreat raises user's Atk/Def/Sp.Atk/Sp.Def/Speed unless No Retreat was already used by user: [32mPASS[0m
[04] Defog fails if target has minimum evasion stat change behind Substitute (Gen4): [33mKNOWN_FAILING[0m
test/battle/move_effect/defog.c:97: Did you mean: ANIMATION(ANIM_TYPE_MOVE, MOVE_SUBSTITUTE, opponent)
test/battle/move_effect/defog.c:97: Unmatched ANIMATION
[11] White Herb has correct interactions with Intimidate triggered Defiant and Competitive: [32mPASS[0m
[04] Destiny Bond's effect doesn't trigger on indirect damage - Future Sight: [33mTO_DO[0m
[23] Conversion 2's type change considers move types changed by Normalize and Electrify: [32mPASS[0m
[04] Disable lasts 2-5 turns (Gen 3): [33mTO_DO[0m
[23] Copycat copies moves called by other calling moves instead of the calling move (Gen 5+): [33mTO_DO[0m
[04] Hex deals double damage to Pokémon with Comatose: [33mTO_DO[0m
[08] Dragon Cheer fails if critical hit stage was already increased by Focus Energy: [32mPASS[0m
[09] Normalize doesn't affect Weather Ball's type: [32mPASS[0m
[26] Items can restore a battler's HP by a fixed amount (singles, player): [32mPASS[0m
[06] Parting Shot: Mist prevents stat drops and does not switch (Gen7+): [32mPASS[0m
[19] Quash-affected target will move last in the priority bracket: [32mPASS[0m
[20] Forced Leppa Berry consumption restores the first move found missing PP when none are at 0: [32mPASS[0m
[03] Octolock decreases Defense and Sp. Def by at the end of the turn: [32mPASS[0m
[04] Dragon Darts is not effected by Wide Guard: [32mPASS[0m
[20] Rowap Berry is triggered even if berry user faints: [32mPASS[0m
[09] Parental Bond does not convert multi-target moves into a two-strike move in Double Battles, even if it only damages one: [32mPASS[0m
[03] OHKO moves can can be endured by Focus Sash: [32mPASS[0m
[14] Assist can only call the original moves of a Transformed partner (Gen4 only): [33mTO_DO[0m
[24] AI_FLAG_RISKY | AI_FLAG_PREFER_HIGHEST_DAMAGE_MOVE: AI prefers high damage moves at the expense of accuracy regardless of KO thresholds: [32mPASS[0m
[04] Dream Eater recovers 50% of the damage dealt: [32mPASS[0m
[19] Rage Fist base power is increased by 50 if user was hit and forces out: [32mPASS[0m
[13] AI_FLAG_PREDICT_SWITCH: AI will use hit escape moves on predicted switches: [32mPASS[0m
[10] AI_FLAG_SMART_SWITCHING: AI will consider player's endure effects when evaluating switchin candidates: [32mPASS[0m
[20] Shell Bell heals accumulated damage for spread moves: [32mPASS[0m
[20] TODO: Write Snowball (Hold Effect) test titles: [33mTO_DO[0m
[20] TODO: Write Terrain Extender (Hold Effect) test titles: [33mTO_DO[0m
[07] Encore lasts for 2-6 turns (Gen 2-3): [32mPASS[0m
[09] Pickpocket steals Life Orb after it activates: [32mPASS[0m
[14] Charm lowers Attack by 2 stages: [32mPASS[0m
[20] Throat Spray does not activate if user flinches with status move: [32mPASS[0m
[06] Perish Song ignores protect: [32mPASS[0m
[10] Switch AI: Palafin-Hero does not switch to activate Zero to Hero again (Doubles): [32mPASS[0m
[03] Parting Shot: Switches if Contrary is at maximum stats (Gen6): [32mPASS[0m
[09] Pickup doesn't grant an item if it knocked off that item: [32mPASS[0m
[04] Electric Terrain protects grounded battlers from falling asleep: [32mPASS[0m
[25] Lash Out damage is not boosted by Treasure of Ruin ability activation in doubles: [32mPASS[0m
[26] Howl raises user's and partner's Attack by 1 stage: [32mPASS[0m
[26] Autotomize's weight reduction is reset upon form change (Gen6+): [33mTO_DO[0m
[26] Baton Pass passes Octolock's escape prevention effect: [33mTO_DO[0m
[26] Baton Pass passes both positive and negative stat changes: [33mTO_DO[0m
[22] Dark Void inflicts 1-3 turns of sleep: [32mPASS[0m
[09] Pixilate doesn't affect Hidden Power's type: [32mPASS[0m
[08] Dragon Darts strikes an opponent twice if electrified and the other one has Motor Drive: [32mPASS[0m
[13] AI partner makes sensible move selections in battle (2v1): [32mPASS[0m
[06] Pledge move combo doesn't trigger on opponent's Pledge move - Sap Sipper: [32mPASS[0m
[18] AI uses Trick Room intelligently: [32mPASS[0m
[20] Type-enhancing items do not increase the power of Struggle: [32mPASS[0m
[19] Rapid Spin and Mortal Spin will remove hazards if the target is behind a Substitute: [32mPASS[0m
[07] Future Sight does not trigger Red Card: [32mPASS[0m
[25] Steel Beam causes the user to faint when below 1/2 of its Max HP in a double battle: [32mPASS[0m
[03] Parting Shot: Passes Substitute and switches the user out: [32mPASS[0m
[14] Aurora Veil can only be used in Hail and Snow: [32mPASS[0m
[20] White Herb restores stats when they're lowered: [32mPASS[0m
[08] Encore's effect ends if the encored move runs out of PP: [32mPASS[0m
[08] Endure protects against Future Sight (Gen 5+): [33mTO_DO[0m
[19] Reflect Damage: Mirror Coat will do twice as much damage received from the opponent: [32mPASS[0m
[09] Poison Puppeteer confuses target if it was (badly) poisoned by a status move: [32mPASS[0m
[11] Old Gateau heals a battler from any primary status: [32mPASS[0m
[27] Pledge move combo interactions with Powder are correct: [32mPASS[0m
[26] Beat Up ignores stat stage changes: [32mPASS[0m
[13] AI_FLAG_SMART_TERA: AI will not tera if it gets outsped and ko'd: [32mPASS[0m
[05] Perish Song will be blocked by users Soundproof in gen3: [32mPASS[0m
[25] Mimic copies the last move used even while asleep: [32mPASS[0m
[08] Entrainment changes the target's Ability to match the user's: [32mPASS[0m
[22] Electrify makes the target's move Electric-type for the remainder of the turn (single move): [32mPASS[0m
[08] Fairy Lock does not prevent switch out via Eject Button: [33mTO_DO[0m
[06] Pledge move combo fails if ally fails to act - Sleep Both Left Wake Up: [32mPASS[0m
[08] Final Gambit triggers the target's Focus Sash: [33mTO_DO[0m
[07] Gear Up used by both battlers raises Attack and Sp. Attack of a single opponent with plus/minus twice: [32mPASS[0m
[26] Belly Drum cuts the user's HP in half: [32mPASS[0m
[09] Prankster-affected moves don't affect Dark-type Pokémon after they switch-in: [32mPASS[0m
[14] Beak Blast doesn't burn when charging a two turn move: [32mPASS[0m
[04] Embargo disables the effect of the Drive items on the move Techno Blast: [32mPASS[0m
[03] Pledge move combo doesn't trigger on opponent's Pledge move - Flash Fire: [32mPASS[0m
[10] AI_FLAG_SMART_SWITCHING: AI will switch out if main attacking stat lowered by 2 stages with good switchin candidate 50% of the time: [32mPASS[0m
[11] Max Mushrooms raises battler's Sp. Attack stat: [32mPASS[0m
[25] Misty Terrain decreases power of Dragon-type moves by 50 percent: [32mPASS[0m
[07] Grassy Terrain lasts for 5 turns: [32mPASS[0m
[23] Corrosive Gas destroys foes and ally's items if they have one: [32mPASS[0m
[05] Pledge move combo fails if ally fails to act - Sleep Both Right Wake Up: [32mPASS[0m
[08] AI will Fake Out either opponent if one has a slower Fake Out (reversed): [32mPASS[0m
[09] Protosynthesis recalculates the boosted stat after Neutralizing Gas leaves the field: [32mPASS[0m
[11] Poke Flute heals all battlers from being asleep: [32mPASS[0m
[14] Belly Drum minimizes the user's Attack stat with Contrary: [32mPASS[0m
[26] Bide is blocked by partner Dazzling: [32mPASS[0m
[22] Embargo makes Fling and Natural Gift fail: [32mPASS[0m
[26] Camouflage changes the type of the user to Electric if Electric Terrain is active: [33mTO_DO[0m
[06] Rainbow doubles the chance of secondary move effects: [32mPASS[0m
[22] Endure's success rate decreases for every consecutively used turn: [33mTO_DO[0m
[22] Facade ignores burn's attack-halving effect, making it double in power (Gen3-5): [33mTO_DO[0m
[22] False Swipe still hits the target if it has 1 HP: [33mTO_DO[0m
[22] Final Gambit doesn't faint the user if it misses: [33mTO_DO[0m
[08] Fling - Item does not get blocked by Unnerve if it isn't a berry: [32mPASS[0m
[23] Dragon Darts strikes twice: [32mPASS[0m
[08] Focus Energy fails if critical hit stage was already increased by Dragon Cheer: [33mTO_DO[0m
[08] Focus Punch activates when the user is hit by a status move: [33mTO_DO[0m
[08] Follow Me does not draw attack when the user is being Sky-Dropped: [33mTO_DO[0m
[11] Items can restore a battler's HP (doubles, opponentRight): [32mPASS[0m
[10] AI_FLAG_SMART_MON_CHOICES: Mid-battle switches prioritize defensive options after Eject Pack if mon outspeeds: [32mPASS[0m
[08] Follow Me can only redirect Future Sight/Doom Desire on the turn they were selected (Gen3-5): [33mTO_DO[0m
[09] Purifying Salt user can't be poisoned by Toxic Spikes: [32mPASS[0m
[11] Revive won't restore a battler's HP if it hasn't fainted: [33mTO_DO[0m
[08] Foresight causes accuracy/evasion stat changes only between the user/target when the user's accuracy stage is less than the target's evasion stage (Gen 2): [33mTO_DO[0m
[04] Endeavor fails on Ghost-type Pokémon: [32mPASS[0m
[08] Fury Cutter's power is reset if the user misses: [33mTO_DO[0m
[13] AI can switch out both mons on the same turn in double battles: [32mPASS[0m
[19] Reflect Damage: Counter is not affected by Protect effects if it doesn't damage: [32mPASS[0m
[06] Power Split averages user and targets Atk and Sp. Atk stats: [32mPASS[0m
[26] Ceaseless Edge does not set up hazards if target was not hit: [32mPASS[0m
[20] Pewter Crunchies heals a battler from any primary status: [32mPASS[0m
[07] Grudge's effect disappears if the user takes a new turn - Paralysis: [32mPASS[0m
[08] Future Sight set up is not blocked by Protect: [32mPASS[0m
[09] Rattled triggers correctly when hit by U-Turn: [32mPASS[0m
[10] AI_FLAG_SMART_MON_CHOICES: Number of hits to KO calculation checks whether incoming damage is less than recurring healing to avoid an infinite loop: [32mPASS[0m
[05] Rainbow flinch chance does not stack with Serene Grace: [32mPASS[0m
[11] Max Revive restores a fainted battler's HP fully: [32mPASS[0m
[03] Pledge move combo fails if ally fails to act - Sleep Both Right Faster: [32mPASS[0m
[22] Sonic Boom deals fixed damage: [32mPASS[0m
[19] Rototiller fails if there are no valid targets (Double Battle): [32mPASS[0m
[06] Wide Guard is still activate even if user is switched out due to Eject Button: [32mPASS[0m
[26] Chilly Reception does not switch the user out if replacements fainted: [32mPASS[0m
[08] Gear Up raises Attack and Sp. Attack of all Plus/Minus allies in doubles: [32mPASS[0m
[09] Refrigerate doesn't override Electrify: [32mPASS[0m
[20] X Accuracy sharply raises battler's Accuracy stat: [32mPASS[0m
[04] Entrainment causes primal weather to revert: [32mPASS[0m
[24] AI will only explode and kill everything on the field with Risky or Will Suicide (1v2): [32mPASS[0m
[14] Bolt Beak's base power is doubled the target switches out: [32mPASS[0m
[07] Helping Hand still boosts moves used due to Instruct: [32mPASS[0m
[26] Coaching fails if there's no ally: [32mPASS[0m
[03] Population Bomb with Skill Link ignores Loaded Dice roll and still hits ten times: [32mPASS[0m
[29] AI uses Court Change: [32mPASS[0m
[20] Items can restore a battler's HP (doubles, playerRight): [32mPASS[0m
[22] Fling - Mental Herb effect should not remove the target's held item: [32mPASS[0m
[04] Burn Up user loses its Fire-type: [32mPASS[0m
[27] Protect: Multi-hit moves don't hit a protected target and fail only once: [32mPASS[0m
[04] Final Gambit fails in Max Raids: [33mTO_DO[0m
[13] AI_FLAG_SMART_SWITCHING: AI won't send out defensive mon that can lose 1v1, or switch out a mon that can win 1v1 even with bad type matchup: [32mPASS[0m
[08] Grassy Terrain increases power of Grass-type moves by 30/50 percent: [32mPASS[0m
[08] TODO: Write Happy Hour (Move Effect) test titles: [33mTO_DO[0m
[24] AI_FLAG_SMART_SWITCHING: AI will switch out if all moves deal zero damage (absorbing ability): [32mPASS[0m
[09] Sand Force don't increase move power if Cloud Nine/Air Lock is on the field: [32mPASS[0m
[03] Powder fails if the target is Grass type (Gen6+): [32mPASS[0m
[23] Earthquake's and Bulldoze's damage is halved when Grassy Terrain is in effect: [32mPASS[0m
[07] Dragon Tail switches target out and incoming mon has Immunity negated by Mold Breaker: [32mPASS[0m
[26] Conversion 2's type change considers the type of moves called by other moves: [32mPASS[0m
[05] Eruption's damage is affected by the user's current HP: [32mPASS[0m
[26] Copycat can copy charging moves in both the charging and the executing turn (Gen 5+): [33mTO_DO[0m
[08] Floral Healing heals the target by 2/3rd of it's maxHP if Grassy Terrain is on the field: [32mPASS[0m
[20] Revive does not grant a mon its pre-death types: [32mPASS[0m
[19] Barb Barrage's power doubles if the target is poisoned/badly poisoned: [32mPASS[0m
[27] Pursuit ignores accuracy checks when attacking a switching target: [32mPASS[0m
[09] Scrappy prevents Intimidate (Gen8+): [32mPASS[0m
[04] AI will Fake Out a target that its ally has slow KO on when seeing no fast KOs: [32mPASS[0m
[23] Endure takes precedence over Focus Sash/Focus Band: [32mPASS[0m
[04] Flail cannot get a Critical Hit (Gen2): [33mTO_DO[0m
[04] Flatter raises the target's Sp. Atk even when protected Own Tempo: [33mTO_DO[0m
[23] Facade does not ignore burn's attack-halving effect, cancelling out its power (Gen3-5): [33mTO_DO[0m
[24] AI_FLAG_SMART_SWITCHING: AI will switch out on turn 1 if it predicts a semi-invulnerable move and it has a good switchin: [32mPASS[0m
[23] False Swipe always leaves the target with at least 1 HP: [33mTO_DO[0m
[19] Relic Song will become a Water-type move when used by a Pokémon with the Ability Liquid Voice: [32mPASS[0m
[13] AI_FLAG_SMART_SWITCHING: AI will not cycle Intimidate in doubles when both targets block Attack drops: [32mPASS[0m
[14] Charge's effect does not stack with Electromorphosis or Wind Power: [32mPASS[0m
[29] Embargo doesn't block held item effects that affect experience gain: [32mPASS[0m
[26] Corrosive Gas destroys the target's item or fails if the target has no item: [32mPASS[0m
[20] Revive restores a fainted battler's HP to half: [32mPASS[0m
[10] AI will not try to switch for the same pokemon for 2 spots in a 2v1 battle (all bad moves, reversed): [32mPASS[0m
[27] Rapid Spin blows away Wrap, hazards and raises Speed (Gen 8+): [32mPASS[0m
[23] Final Gambit does not faint user if target is immune: [32mPASS[0m
[23] Guardian of Alola does 75% damage to the target's current HP: [33mTO_DO[0m
[23] Flail has 100 power when HP is greater or equal than 9.4% (Gen4+): [33mTO_DO[0m
[22] Fling fails for Pokémon with Klutz ability (Gen5+): [32mPASS[0m
[08] Helping Hand boosts the power of attacking moves by 50%: [32mPASS[0m
[05] Protect: Baneful Bunker poisons Pokémon for moves making contact: [32mPASS[0m
[24] AI_FLAG_SMART_MON_CHOICES: Post-KO switches factor in Trick Room for revenge killing: [32mPASS[0m
[22] Follow Me can be used in Single Battles (Gen3-SwSh): [33mTO_DO[0m
[23] Fling doesn't reveal the user's item if it missed: [32mPASS[0m
[14] Teeter Dance confuses target: [32mPASS[0m
[27] Reflect Damage: Metal Burst respects Follow Me: [32mPASS[0m
[05] Psycho Shift triggers Synchronize before curing the user (Gen5+): [32mPASS[0m
[27] Reflect Damage: Counter can hit ghost-type Pokémon (Gen 1): [33mTO_DO[0m
[14] Conversion ignores moves that share types with the user (Gen 2-5): [33mTO_DO[0m
[08] Dragon Tail effect fails against target with Suction Cups: [32mPASS[0m
[08] TODO: Write Imprison (Move Effect) test titles: [33mTO_DO[0m
[24] AI_FLAG_SMART_MON_CHOICES: Mid-battle switches prioritize defensive options: [32mPASS[0m
[03] Crush Grip's damage is affected by the target's current HP: [32mPASS[0m
[05] Purify cures the target's status and heals the user: [32mPASS[0m
[10] AI does not switch for Wish if it predicts Heal Block: [32mPASS[0m
[13] AI_FLAG_SMART_SWITCHING: AI will switch out if player's mon is charging and it has a good switchin immunity (type): [32mPASS[0m
[08] Instruct message references the correct battlers: [32mPASS[0m
[03] Protect: Baneful Bunker can't poison Pokémon if they are already statused: [32mPASS[0m
[22] Follow Me redirects single target moves used by opponents to user: [32mPASS[0m
[29] Endure is not transferred to a mon that is switched in due to Eject Button: [32mPASS[0m
[14] Core Enforcer does not suppress the ability of a target that switched in this turn: [32mPASS[0m
[19] Triple Arrows makes the foe flinch 30% of the time: [32mPASS[0m
[08] Instruct fails if target doesn't know the last move it used: [32mPASS[0m
[08] TODO: Write Jungle Healing (Move Effect) test titles: [33mTO_DO[0m
[25] Multi hit Moves hit thrice 37.5/35% of the time: [32mPASS[0m
[24] AI will not try to switch for the same Pokémon for 2 spots in a double battle (Wonder Guard, reversed): [32mPASS[0m
[23] Fling fails if Pokémon is under the effects of Embargo or Magic Room: [32mPASS[0m
[22] Fury Cutter's base power resets if the it is used again but a different user switched in: [32mPASS[0m
[23] Follow Me prioritizes the first Pokémon that used it: [33mTO_DO[0m
[23] Baton Pass doesn't pass Foresight's effect (Gen 3+): [33mTO_DO[0m
[13] AI_FLAG_SMART_MON_CHOICES: AI will switch in trapping mon after KO: [32mPASS[0m
[08] Knock Off doesn't knock off Ultranecrozium Z from Pokemon that actually use it: [32mPASS[0m
[29] Double Shock user loses its Electric-type: [32mPASS[0m
[19] Eerie Spell reduces the PP of a Max Move's base move by 3: [32mPASS[0m
[29] Fillet Away fails if the user's Attack, Sp. Atk and Speed are all maxed out: [33mTO_DO[0m
[04] Fling's secondary effects are blocked by Shield Dust: [32mPASS[0m
[26] Defog removes Spikes from user's side (Gen 6+): [32mPASS[0m
[24] AI does not switch for Wish if ally would faint to hazards: [32mPASS[0m
[10] AI thinking time doesn't explode (Steven multi): [32mPASS[0m
[13] AI_FLAG_SMART_MON_CHOICES: Switchin move data is reset before recalculation: [32mPASS[0m
[05] Pursuit attacks a switching foe and switchin is correctly stored: [32mPASS[0m
[14] Curse cuts the user's HP in half when used by Ghost-types: [32mPASS[0m
[19] Protect always works when used after flinching: [32mPASS[0m
[25] Photon Geyser can be mirror coated if it is a special move: [32mPASS[0m
[08] Knock Off deals additional damage to opponents holding an item in Gen 6+: [32mPASS[0m
[29] Final Gambit does not faint user if target protects: [32mPASS[0m
[29] Super Fang always deals at least 1 HP of damage: [33mTO_DO[0m
[26] Destiny Bond faints the opposing mon if it fainted from the attack: [32mPASS[0m
[26] Splash does nothing: [33mTO_DO[0m
[29] Flail has 40 power when HP is greater or equal than 34.4% (Gen4+): [33mTO_DO[0m
[22] Future Sight will miss timing if target faints by residual damage: [32mPASS[0m
[04] Fury Cutter counter is the same for both hits of Parental Bond: [32mPASS[0m
[23] Foresight always hits unless the target is semi-invulnerable: [32mPASS[0m
[20] Move Animation Test: Smack Down works when used 15 times in a row: [32mPASS[0m
[07] Ice Spinner and Steel Roller remove a terrain from field: [32mPASS[0m
[05] Rage Fist base power is not increased by a confusion hit: [32mPASS[0m
[19] Plasma Fists turns normal moves into electric moves even if it hits a substitute: [32mPASS[0m
[10] AI will choose a random move if it's faster and can kill target: [32mPASS[0m
[10] TODO: AI uses Dynamax -- AI uses Copycat against a Dynamaxed Pokemon intelligently: [33mTO_DO[0m
[10] TODO: AI uses Z-Moves -- Z-Tailwind: [33mTO_DO[0m
[25] Pledge move combo doesn't trigger on opponent's Pledge move - Sleep: [32mPASS[0m
[05] Recoil if miss: Jump Kick has 50% recoil on protect: [32mPASS[0m
[08] Leech Seeded recovers health through Substitute: [32mPASS[0m
[14] Defog is used on the correct side if opposing mon is behind a Substitute with Screen up: [32mPASS[0m
[29] Fling fails when a Paradox mon holds a Booster Energy: [32mPASS[0m
[26] Dragon Darts fails to strike any target if under a Fairy-type follow me user: [32mPASS[0m
[04] Future Sight does not trigger Cursed Body: [32mPASS[0m
[20] Matcha Gatcha recovers 50% of the damage dealt from both targets: [32mPASS[0m
[22] Geomancy takes 2 turns to increase Sp. Atk, Sp. Def and Speed by 2 stages: [32mPASS[0m
[21] AI values moves above Splash, 501-600: [32mPASS[0m
[19] Glitzy Glow sets up Light Screen when it was succesful: [32mPASS[0m
[05] Reflect Damage: Mirror Coat deals 1 damage when the attack received is blocked by Disguise: [32mPASS[0m
[10] AI uses Z-Moves -- Extreme Evoboost: [32mPASS[0m
[08] Light Screen fails if already active: [32mPASS[0m
[29] Flower Shield fails if there's no Grass-type Pokémon on the field: [32mPASS[0m
[24] AI gets baited by Protect Switch tactics: [32mPASS[0m
[13] AI will not try to switch for the same pokemon for 2 spots in a 2v1 battle (all bad moves): [32mPASS[0m
[23] Future Sight will miss timing if target faints before it is about to get hit: [32mPASS[0m
[26] Dream Eater fails if the target is behind a Substitute (Gen 1-4): [32mPASS[0m
[20] Acupressure fails on its ally if it's behind a Substitute: [32mPASS[0m
[08] Lucky Chant prevents critical hits on the user's side: [32mPASS[0m
[05] Reflect Damage: Counter respects Follow me: [32mPASS[0m
[23] Geomancy does not boost stats on first turn: [32mPASS[0m
[29] Focus Punch's initial message is not shown if the user selected a different move and was Encored into using Focus Punch: [32mPASS[0m
[07] Life Dew fails if user and partner are both at full hp: [32mPASS[0m
[19] If Salt Cure faints the target, messages will be applied in the correct order: [32mPASS[0m
[20] After You fails if the turn order remains the same after After You (Gen5-7): [32mPASS[0m
[26] Echoed Voice's power is increased even if it misses: [32mPASS[0m
[26] Embargo doesn't block held item effects that affect prize money: [33mTO_DO[0m
[05] Rest fails if the user is protected by ally's Sweet Veil: [32mPASS[0m
[04] Grudge's effect doesn't trigger on indirect damage - Sandstorm: [32mPASS[0m
[04] TODO: Write Hail (Move Effect) test titles: [33mTO_DO[0m
[19] Secret Power inflicts paralysis in Electric Terrain: [32mPASS[0m
[26] Embargo doesn't block held item effects that affect effort values: [32mPASS[0m
[08] Magic Room: An item that can activate will activate once Magic Room is over: [32mPASS[0m
[05] Return does 1 damage at min Friendship (Gen3+): [32mPASS[0m
[29] Focus Punch activates when Disguise block a OHKO move (Gen8+): [32mPASS[0m
[23] Gravity cancels Fly and Sky Drop if they are in the air: [32mPASS[0m
[29] Foresight causes all moves against the target to ignore only positive evasion stat changes (Gen 4+): [33mTO_DO[0m
[20] Ally Switch swaps Illusion data: [32mPASS[0m
[09] Shed Skin triggers 33% of the time (Gen 3): [32mPASS[0m
[14] Defog doesn't remove Mist or Safeguard from the user's side: [32mPASS[0m
[08] Steel Beam is not blocked by Damp: [32mPASS[0m
[14] Destiny Bond's effect disappears if the user takes a new turn - Move: [33mTO_DO[0m
[05] Revival Blessing fails if no party members are fainted: [32mPASS[0m
[14] Disable fails if the last move used was a Max Move: [33mTO_DO[0m
[26] Encore forces the last move used before the target flinched: [32mPASS[0m
[20] Ally Switch fails if there is no partner: [32mPASS[0m
[24] TIE_BREAK_SCORE with SCORE_TIE_CHOSEN can control AI move selection when scores are tied (Singles): [32mPASS[0m
[04] Healing Wish causes the user to faint and heals the replacement's HP and status (singles): [32mPASS[0m
[19] Syrup Bomb covers the foe in sticky syrup for 3 turns: [32mPASS[0m
[23] Grudge depletes all PP from a Max Move's base move: [32mPASS[0m
[04] TODO: Write Helping Hand (Move Effect) test titles: [33mTO_DO[0m
[26] Endure only lasts for one turn: [32mPASS[0m
[29] Foul Play uses the target's Attack stat and stat stages of target: [32mPASS[0m
[29] Future Sight does not receive STAB from party mon (Gen 2-4): [33mTO_DO[0m
[09] Thermal Exchange prevents the user from getting burned when hitting Flame Body: [32mPASS[0m
[08] Me First copies the move from the target and increases it's power by 1.5: [32mPASS[0m
[24] AI uses Z-Moves -- 10,000,000 Volt Thunderbolt: [32mPASS[0m
[26] Double Shock fails if the user isn't an Electric-type: [32mPASS[0m
[23] Aromatherapy will be blocked on ally by Sap Sipper but not user: [32mPASS[0m
[20] Assist can only call the current moves of a Transformed partner (Gen5+): [32mPASS[0m
[20] Assist can call moves from a fainted party member: [33mTO_DO[0m
[13] 12v12: AI can use all 6 party slots in a 12v12 (battler 3): [32mPASS[0m
[00] Protect may fail if used consecutively - 4th time has 1/8 or 1/27 odds: [32mPASS[0m
[12] Inverse battle reverses type matchups: [32mPASS[0m
[27] Reflect Type does not affect any of Silvally's forms: [32mPASS[0m
[08] Moonlight recovers 2/3 of the user's max HP in Sunlight (Gen3+): [32mPASS[0m
[29] If Glaive Rush is successful OHKO moves targeted at the user do not check accuracy: [32mPASS[0m
[04] Hit Escape: U-turn triggers before Eject Pack: [32mPASS[0m
[09] Air Balloon is popped after Toxic Debris activates: [32mPASS[0m
[23] Heal Pulse is boosted by Mega Launcher: [32mPASS[0m
[23] Hidden Power's power is determined by IVs before Gen6: [33mTO_DO[0m
[26] Fickle Beam deals double damage 30% of the time: [32mPASS[0m
[13] AI only Dynamaxes once per trainer in 2v1 multi battles: [32mPASS[0m
[13] TODO: AI uses Z-Moves -- Z-Parting Shot: [33mTO_DO[0m
[26] Flail has 80 power when HP is greater or equal than 20.8% (Gen2-3): [33mTO_DO[0m
[21] Electric Seed doesn't activate on existing Electric Terrain before user's ability changes the terrain: [32mPASS[0m
[27] Powder Snow inflicts freeze: [32mPASS[0m
[00] Protect: Burning Bulwark can't burn Pokémon if they are already statused: [32mPASS[0m
[26] Fling doesn't fail when holding a Booster Energy and the target is a Paradox mon: [32mPASS[0m
[27] Plasma Fists does not set up Ion Deluge if it does not connect: [32mPASS[0m
[04] Hit Escape: U-turn switches the user out: [32mPASS[0m
[23] Hit Escape: Held items are consumed immediately after a mon switched in by U-turn: player side: [32mPASS[0m
[08] Scale Shot does not corrupt the next turn move used: [32mPASS[0m
[21] Throat Spray does not activate if user flinches: [32mPASS[0m
[20] Work Up raises Attack and Sp. Attack by 1 stage each: [32mPASS[0m
[20] Baton Pass doesn't pass type changes: [33mTO_DO[0m
[13] AI uses Z-Moves -- conserves Z-move if target will faint anyway.: [32mPASS[0m
[09] Trace copies opponents ability on switch-in: [32mPASS[0m
[23] Dragon Tail fails if replacements fainted: [32mPASS[0m
[07] Low Kick's damage varies based on the target's weight: [32mPASS[0m
[03] Protect: Protect, Detect, Spiky Shield, Baneful Bunker and Burning Bulwark protect from all moves: [32mPASS[0m
[04] Ice Spinner will not be remove Terrain if user is switched out due to Red Card: [32mPASS[0m
[08] Nature Power can target ally (Gen6+): [32mPASS[0m
[26] Flower Shield doesn't affect Grass-type Pokémon that are in a semi-invulnerable position: [32mPASS[0m
[20] Beak Blast burns all who make contact with the Pokémon: [32mPASS[0m
[08] Octolock stat drop is prevented by Mist: [32mPASS[0m
[23] Ingrain's effect is passed by Baton Pass: [32mPASS[0m
[08] OHKO moves faints the target, skipping regular damage calculations: [33mTO_DO[0m
[04] Ingrain restores 1/16th HP at the end of turn: [32mPASS[0m
[22] AI uses Gravity: [32mPASS[0m
[07] Scale Shot decreases defense and increases speed after the 4th hit of Loaded Dice: [32mPASS[0m
[08] Worry Seed fails if the target already has Insomnia: [32mPASS[0m
[07] OHKO moves's accuracy increases by 1% for every level the user has over the target: [33mTO_DO[0m
[09] Unburden doesn't activate when item is consumed in Neutralizing Gas: [32mPASS[0m
[20] Beat Up hits the target for each non-fainted, non-statused member in the party: [32mPASS[0m
[25] Pledge move combo fails if ally fails to act - Sleep Left: [32mPASS[0m
[20] Bide has +1 priority on following turns if called via a different move: [33mTO_DO[0m
[03] Roar switches the target with a random non-fainted replacement: [32mPASS[0m
[04] Instruct-called move fails if it can only be used on the first turn but consumes PP: [32mPASS[0m
[26] Focus Punch will NOT lose focus if damaged when used by selecting a different move and being Encored (Gen 5+): [32mPASS[0m
[27] Order Up increases a stat based on Tatsugiri's form: [32mPASS[0m
[13] Meloetta reverts to Aria Form upon switching out: [32mPASS[0m
[25] Psych Up displays the correct battlers when used by the opponent: [32mPASS[0m
[25] Baton Pass doesn't cause Pursuit to increase its power or priority: [33mTO_DO[0m
[26] Focus Punch activates when the user's Substitute is hit: [32mPASS[0m
[26] Follow Me draws Electric/Water moves even if there's a Pokémon with Lightning Rod/Storm Drain: [33mTO_DO[0m
[03] Round allows other battlers which also selected the moves to immediately use the move, ignoring turn order: [32mPASS[0m
[26] Foresight doesn't cause moves used against the target to always hit (Gen 2-3): [33mTO_DO[0m
[26] Foul Play uses the user's attack modifiers - Ability: [33mTO_DO[0m
[26] Fusion Flare and Fusion Bolt double in power if used by the same Pokémon in the same turn: [33mTO_DO[0m
[20] Brine's power doubles if the target is at 50% or below max HP: [32mPASS[0m
[23] Instructed move will be redirected and absorbed by Lightning Rod if it turns into an Electric Type move: [32mPASS[0m
[22] Instructed move will be redirected by Follow Me after instructed target loses Stalwart: [32mPASS[0m
[23] Knock Off doesn't knock off Ogerpon masks from Ogerpon: [32mPASS[0m
[22] Knock Off does knock off a Booster Energy from a non Paradox Pokemon: [32mPASS[0m
[25] Pursuited mon correctly switches out after it got hit and activated ability Tangling Hair - Doubles: [32mPASS[0m
[03] Hyperspace Fury breaks protection and lowers the user's Defense by 1 stage: [32mPASS[0m
[20] Charge doubles the damage of the next Electric move of the user: [32mPASS[0m
[20] Clangorous Soul fails if Attack, Defense, Sp. Attack, Sp. Defense and Speed are all maxed out: [33mTO_DO[0m
[27] Spin Out lowers speed by 2 stages: [32mPASS[0m
[08] Parting Shot: Stat drop prevention by abilities/items does not switch (Gen7+): [32mPASS[0m
[09] Vessel of Ruin's message displays correctly after all battlers fainted - Opponent: [32mPASS[0m
[00] Protect: King's Shield, Silk Trap and Obstruct protect from damaging moves and lower stats on contact: [32mPASS[0m
[26] Future Sight is affected by type effectiveness (Gen 5+): [32mPASS[0m
[22] Knock Off does knock off Orbs for Primal Reversion from Pokemon that don't actually use them: [32mPASS[0m
[23] Knock Off doesn't knock off Mega Stones from Pokemon that actually use them: [32mPASS[0m
[20] Conversion 2 fails if the targeted move is Stellar Type: [32mPASS[0m
[03] Make It Rain lowers special attack by one stage: [32mPASS[0m
[00] Recoil if miss: Supercell Slam causes recoil if it is absorbed: [32mPASS[0m
[27] Thrash confuses the user after it finishes: [32mPASS[0m
[22] Knock Off does not remove item when used by Wild Pokemon (Gen 5+): [32mPASS[0m
[23] Laser Focus causes the user's move used on the next turn to result in a Critical Hit: [32mPASS[0m
[09] Volt Absorb does not activate if protected: [32mPASS[0m
[08] Swamp reduces the speed of the effected side by 1/4th: [32mPASS[0m
[04] Ivy Cudgel does not change the move type if used by Pokémon other than Ogerpon: [32mPASS[0m
[26] If Glaive Rush isn't successful moves targeted at the user don't deal double damage: [32mPASS[0m
[26] Eviolite uses Guard Split's altered stats: [33mTO_DO[0m
[00] Reflect Damage: Metal Burst will do 150% of the damage received from the opponent: [32mPASS[0m
[04] Leech Seed's effect pause still prevents it from being seeded again: [33mTO_DO[0m
[27] Shed Tail fails if there are no usable Pokémon left: [32mPASS[0m
[19] Wrap can damage the wrapped mon for 5 turns 25% (Gen3-4) or 50% (Gen5+) of the time: [32mPASS[0m
[23] Last Resort always fails if it's the only known move: [32mPASS[0m
[22] Last Resort works only when all of the known moves have been used - 2 moves: [32mPASS[0m
[00] Reflect Damage: Counter works when surviving OHKO move: [32mPASS[0m
[25] Pursuit attacks a switching foe from fastest to slowest: [32mPASS[0m
[03] Mind Blown causes the user to faint when below 1/2 of its Max HP in a double battle: [32mPASS[0m
[20] (DYNAMAX) Dynamaxed Pokemon can have their base moves copied by Copycat: [32mPASS[0m
[04] Life Dew only works on user if partner is at full hp: [32mPASS[0m
[08] Water and Fire Pledge create a rainbow on the user's side of the field for four turns: [32mPASS[0m
[27] Shell Trap activates on both opposing Targets: [32mPASS[0m
[22] Leech Seed doesn't affect Grass-type Pokémon: [32mPASS[0m
[27] TODO: Write Shore Up (Move Effect) test titles: [33mTO_DO[0m
[23] Level Damage: Seismic Toss deals damage based on user's level: [32mPASS[0m
[25] Rage Fist base power is not increased if move had no affect: [32mPASS[0m
[04] Lock-On skips the accuracy check for 2 turns (Opponent uses Lock-On): [32mPASS[0m
[03] Toxic Thread still inflicts Poison if speed can't be lowered: [32mPASS[0m
[22] Magnetic Flux raises Defense and Sp. Defense of the user with Plus/Minus in singles: [32mPASS[0m
[19] Snatch steals from the correct target when multiple snatchable moves are used: [32mPASS[0m
[13] Ogerpon reverts to the correct form upon fainting after terastallizing: [32mPASS[0m
[13] Dynamax: Contrary inverts stat-lowering Max Moves, without showing a message: [33mTO_DO[0m
[26] Heal Bell cures a Soundproof user (Gen5, Gen8+): [32mPASS[0m
[27] Sky Drop will be canceled if it is electrified and holding a target with Volt Absorb before checking if it is a flying Type: [32mPASS[0m
[20] Core Enforcer suppresses the ability of targets that have already acted: [32mPASS[0m
[20] Dark Void can be used by Pokémon other than Darkrai (Gen4-6): [33mTO_DO[0m
[25] Rapid Spin blows away all hazards: [32mPASS[0m
[22] Steel Beam hp loss is prevented by Magic Guard: [32mPASS[0m
[08] Accuracy for Population Bomb is only checked for the first hit with Skill Link: [32mPASS[0m
[23] Lock-On fails if a target has been locked on: [32mPASS[0m
[05] Role Play and Doodle fail if target's ability can't be copied': [32mPASS[0m
[25] Reflect Damage: Metal Burst deals 1 damage when the attack received is blocked by Disguise: [32mPASS[0m
[25] Reflect Damage: Counter can counter Hidden Power regardless of type (Gen 2-3): [33mTO_DO[0m
[22] Metronome picks a random move: [32mPASS[0m
[00] Refresh cures the user of burn, frostbite, poison, and paralysis: [32mPASS[0m
[04] Me First: If a Consecutively Executed Move is copied, the boost only applies to the first hit: [32mPASS[0m
[09] Weak Armor still boosts Speed if Defense can't go any lower: [32mPASS[0m
[27] Sleep Talk calls move and that move correctly ignores ability if it should: [32mPASS[0m
[25] Reflect Type copies a target's dual types: [32mPASS[0m
[08] Protect is not transferred to a mon that is switched in due to Eject Button: [32mPASS[0m
[00] Roost recovers 50% of the user's Max HP: [33mKNOWN_FAILING[0m
test/battle/move_effect/roost.c:79: EXPECT failed
[19] Solar Beam does not need a charging turn if Sun is up: [32mPASS[0m
[04] Mirror Move's called powder move fails against Grass Types: [32mPASS[0m
[27] Snore works if user has Comatose: [32mPASS[0m
[04] TODO: Moonlight recovers 1/2 of the user's max HP in Sunlight while it is not night or evening (Gen2): [33mTO_DO[0m
[26] Dragon Tail switches the target with a random non-battler, non-fainted replacement: [32mPASS[0m
[27] TODO: Write Sp.Def -1 (Move Effect) test titles: [33mTO_DO[0m
[22] Misty Terrain lasts for 5 turns: [32mPASS[0m
[22] TODO: Morning Sun recovers 1/8 of the user's max HP in Rain, Sandstorm, Hail, and Snow while it is not morning (Gen2): [33mTO_DO[0m
[23] Lunar Dance causes the user to faint and heals the replacement's HP, PP and status (doubles): [32mPASS[0m
[23] TODO: Write Magnet Rise (Move Effect) test titles: [33mTO_DO[0m
[25] Retaliate works with self-inflicted fainting: [32mPASS[0m
[00] Round still preserves the turn order outside of the other Round users moving immediately: [32mPASS[0m
[27] Spicy Extract raises target's Attack by 2 stages and lowers target's Defense by 2 stages: [32mPASS[0m
[09] Zero to Hero cannot be copied by Trace: [32mPASS[0m
[05] Sticky syrup will not decrease speed further then minus six: [32mPASS[0m
[23] Steel Beam causes the user & the target to faint when below 1/2 of its Max HP: [32mPASS[0m
[00] Hurricane bypasses accuracy checks in Rain: [32mPASS[0m
[20] Defog doesn't remove Aurora Veil from the user's side: [32mPASS[0m
[20] Destiny Bond's effect can trigger on the next turn if the user hasn't moved yet: [33mTO_DO[0m
[19] Thief and Covet don't steal target's held item if target has no item: [32mPASS[0m
[23] Mimic fails if target has not used any move yet: [32mPASS[0m
[26] Instruct fails if target is picked up by Sky Drop even if one of the battlers has No Guard: [32mPASS[0m
[04] Multi Hit moves will not disrupt Destiny Bond flag: [32mPASS[0m
[07] Worry Seed fails if target has an ability that can't be overwritten: [32mPASS[0m
[04] TODO: Write No Retreat (Move Effect) test titles: [33mTO_DO[0m
[04] OHKO: Sheer Cold's accuracy decreasaes by 10% if the user is not Ice type: [33mTO_DO[0m
[28] Light Ball doubles Pikachu's Attack (Gen4+): [32mPASS[0m
[25] Revenge doesn't double in power if user was not hit by target in doubles: [32mPASS[0m
[00] Toxic Thread fails if speed can't be lowered and status can't be inflicted: [32mPASS[0m
[17] Sheer Force only boosts the damage of moves it's supposed to boost (Gen7): [32mPASS[0m
[26] Knock Off does not activate if the item was previously consumed: [32mPASS[0m
[19] Spit Up's Stockpile's are romoved if hit into Protect: [32mPASS[0m
[04] OHKO moves can not hit semi-invulnerable: [32mPASS[0m
[25] Roar fails against target with Guard Dog: [32mPASS[0m
[20] Destiny Bond does not fail if used repeatedly separated by other moves (Gen7+): [32mPASS[0m
[25] Roost's suppression does not prevent others who are Transforming into the user from copying its Flying-type: [33mTO_DO[0m
[23] Misty Terrain uses the defender's ability when checking if it is grounded: [32mPASS[0m
[20] Disable fails if one of the target's moves is already disabled: [33mTO_DO[0m
[26] Knock Off does not trigger the opposing ally's Symbiosis: [32mPASS[0m
[27] Stealth Rock damage terastalized mons with the correct amount of damage: [32mPASS[0m
[19] Stone Axe will set up rocks if the target is behind a Substitute: [32mPASS[0m
[12] Last Resort works only when all of the known moves have been used - 4 moves: [32mPASS[0m
[08] Protect: Quick Guard protects self and ally from priority moves: [32mPASS[0m
[09] AI_FLAG_ASSUME_STAB sees the player's STAB moves: [32mPASS[0m
[25] Roost suppresses the user's not-yet-aquired Flying-type this turn: [32mPASS[0m
[05] Tri Attack cannot paralyze/burn/freeze electric/fire/ice types respectively: [32mPASS[0m
[27] Stockpile's def and spDef stat increases aren't incremented by other stat stage changes: [32mPASS[0m
[00] Brick Break, Psychic Fangs, and Raging Bull can remove screens when the target is behind a Substitute: [32mPASS[0m
[19] Strength Sap fails if target is at -6 Atk: [32mPASS[0m
[20] Dragon Darts always prints effectiveness message after every hit: [32mPASS[0m
[09] AI will prioritize a regular OHKO over a berry-ignoring OHKO: [32mPASS[0m
[12] Leech Seed will drain HP based on speed of the drained mon: [32mPASS[0m
[08] Psychic Terrain doesn't block priority field moves: [32mPASS[0m
[27] Stone Axe sets up hazards after any ability activation: [32mPASS[0m
[25] Round causes opposing Pokémon to use Round immediately: [32mPASS[0m
[04] Parting Shot: Switches if both stats are at minimum (Gen6): [32mPASS[0m
[04] TODO: Write Payback (Move Effect) test titles: [33mTO_DO[0m
[00] Ember inflicts burn: [32mPASS[0m
[03] Brick Break, Psychic Fangs, and Raging Bull don't remove Light Screen, Reflect and Aurora Veil if the target Protected: [32mPASS[0m
[09] AI will prefer resisted move over failing move: [32mPASS[0m
[28] Conversion 2's type change considers status moves (Gen 5+): [32mPASS[0m
[05] Sky Drop: Flying types will still get confused if they rampaged before being dropped: [32mPASS[0m
[28] Copycat copies moves called by other calling moves instead of the calling move if they are executed in a second turn (Gen 5+): [33mTO_DO[0m
[27] Struggle does not receive normal-type STAB: [32mPASS[0m
[26] Lash Out damage is boosted by Cotton Down activation in doubles: [32mPASS[0m
[19] Stuff Cheeks cannot be used if the user doesn't hold a berry: [32mPASS[0m
[25] Hurricane can hit airborne targets (Sky Drop): [32mPASS[0m
[12] Light Screen applies for 5 turns: [32mPASS[0m
[04] Pledge move combo doesn't trigger on opponent's Pledge move - Dry Skin: [32mPASS[0m
[09] AI won't boost stats against opponent with Unaware: [32mPASS[0m
[03] Poison Sting inflicts poison: [32mPASS[0m
[03] Wake-Up Slap gets increased power against Pokémon with Comatose: [33mTO_DO[0m
[27] Substitute fails if the user doesn't have enough HP: [32mPASS[0m
[28] Cosmic Power increases the user's Defense and Sp. Defense by 1 stage each: [32mPASS[0m
[05] Sky Drop is cancelled if Gravity activated: [32mPASS[0m
[28] Defense Curl's effect is removed when switching out: [33mTO_DO[0m
[08] Psycho Shift burn is blocked by Safeguard unless the user has Infiltrator: [32mPASS[0m
[13] Dynamax: Max Moves don't bypass absorbing abilities: [32mPASS[0m
[03] Secret Power lowers Speed in Psychic Terrain: [32mPASS[0m
[25] Make It Rain lowers special attack by one stage if it hits both targets: [32mPASS[0m
[07] Psyblade's power increases by 50% on Electric Terrain even if the user is not grounded: [32mPASS[0m
[27] Synchronoise will hit if there is at least one target: [32mPASS[0m
[19] Tailwind doesn't affect the partner on the same turn it's used (Gen4-7): [32mPASS[0m
[05] Sleep Talk fails if not asleep: [32mPASS[0m
[05] Soak/Magic Powder's type change overritten if the target transforms: [33mTO_DO[0m
[20] Dragon Darts strikes the other opponent twice if one target protects: [32mPASS[0m
[05] TODO: Write Speed +1 (Move Effect) test titles: [33mTO_DO[0m
[26] AI uses Life Dew if it outheals your damage and outspeeds (doubles): [32mPASS[0m
[03] Sticky Syrup is removed when the user faints: [32mPASS[0m
[08] Pursuited mon correctly switches out after it got hit and activated ability Cotton Down: [32mPASS[0m
[19] Teatime causes other Pokemon to consume their Berry even if the user doesn't have a Berry as its held item: [32mPASS[0m
[27] Tar Shot does not affect Pokemon that are Terastallized: [32mPASS[0m
[27] Baton Pass removes Telekinesis' effect disappears if the switching-in mon is Mega Gengar: [33mTO_DO[0m
[17] AI will not choose Earthquake if it damages the partner without a positive effect: [32mPASS[0m
[13] (TERA) Terapagos retains its base defensive profile when Terastalizing: [32mPASS[0m
[00] Dire Claw cannot poison/paralyze/cause to fall asleep a mon which is already statused: [32mPASS[0m
[19] Teleport fails to switch out the user when there no alive Pokémon left (Gen 8+): [32mPASS[0m
[05] Spite reduces the PP the last move used even while asleep: [32mPASS[0m
[08] Pursuit attacks a switching foe and takes Life Orb damage: [32mPASS[0m
[20] Electrify can change status moves to Electric-type: [32mPASS[0m
[26] Magnet Rise fails if the user is Grounded by Smack Down: [32mPASS[0m
[04] Pledge move combo fails if ally fails to act - Sleep Both Left Faster: [32mPASS[0m
[07] Pursuit becomes a locked move after being used on switch-out while holding a Choice Item: [32mPASS[0m
[27] Stellar-type Tera Blast lowers both offensive stats: [32mPASS[0m
[00] Incinerate activates Occa Berry before destroying it: [32mPASS[0m
[05] Steel Roller removes Terrain if user is switched out due to Red Card: [32mPASS[0m
[08] Quash-affected mon that acted early via After You is not affected by dynamic speed: [32mPASS[0m
[00] Sappy Seed is not going to seed the target if it fails: [32mPASS[0m
[26] Steel Beam causes the user to faint when below 1/2 of its Max HP: [32mPASS[0m
[27] Tickle is blocked by Substitute (Gen4+): [32mPASS[0m
[12] Lunar Dance effect activates only if the switched Pokémon can be healed (Gen8+): [32mPASS[0m
[25] Mind Blown causes everyone to faint in a double battle: [32mPASS[0m
[28] Defog removes Spikes from target's side: [32mPASS[0m
[03] Tri Attack cannot paralyze/burn/freeze a mon which is already statused: [32mPASS[0m
[12] TODO: Write Memento (Move Effect) test titles: [33mTO_DO[0m
[28] Destiny Bond's effect bypasses Sturdy: [33mTO_DO[0m
[20] Baton Pass passes Embargo's effect: [32mPASS[0m
[08] Rage sets the Rage volatile status on the user: [32mPASS[0m
[04] Accuracy for Population Bomb is only checked for the first hit with Loaded Dice: [32mPASS[0m
[00] Pay Day Scatters coins around after it hits - doubles: [32mPASS[0m
[07] Pursuit attacks a switching foe but isn't affected by Follow Me: [32mPASS[0m
[12] Mirror Move copies the last used move by the target: [32mPASS[0m
[16] Sleep Clause: Effect Spore causes sleep 11% (Gen5+) of the time with sleep clause active: [32mPASS[0m
[22] Multi hit Moves hit five times 12.5/15% of the time: [32mPASS[0m
[26] Mimic doesn't error when the last move used by the target resolves to MOVE_UNAVAILABLE: [32mPASS[0m
[08] Rage Fist base power is increased by 50 if the user takes damage: [32mPASS[0m
[08] TODO: Write Recycle (Move Effect) test titles: [33mTO_DO[0m
[19] Terrain Boost: Misty Explosion increases in power by 50% when affected by Misty Terrain: [32mPASS[0m
[09] AI won't use thawing moves if target is frozen unless it is super effective or it has no other options: [32mPASS[0m
[19] TODO: Write Topsy Turvy (Move Effect) test titles: [33mTO_DO[0m
[13] (TERA) Protean/Libero cannot change the type of a Terastallized Pokemon: [32mPASS[0m
[17] AI will not use Helping Hand if partner does not have any damage moves: [32mPASS[0m
[25] Toxic Thread fails if speed can't be lowered and target is a poison type: [32mPASS[0m
[28] Disable works even if the target's last move failed: [32mPASS[0m
[07] Pursuit attacks a switching foe: [32mPASS[0m
[22] Photon Geyser ignores ignorable Abilities like Battle Armor: [32mPASS[0m
[00] Baddy Bad sets up Reflect when it was succesful: [32mPASS[0m
[16] Spread Moves: Super Effective Message on both opposing mons: [32mPASS[0m
[12] Moonlight recovers 1/2 of the user's max HP (Gen3+): [32mPASS[0m
[04] Protect is not ignored after a new mon switched in because of U-Turn: [32mPASS[0m
[08] Reflect Damage: Mirror Coat respects Follow Me: [32mPASS[0m
[13] (TERA) Roost does not remove the user's Flying type while Terastallized: [32mPASS[0m
[27] Toxic cannot miss if used by a Poison-type (Gen6+): [32mPASS[0m
[07] Rage's volatile causes Attack to rise by 1 when hit by a damaging move: [32mPASS[0m
[26] Misty Terrain does not increase the power of Fairy-type moves: [32mPASS[0m
[00] Sticky Syrup stat drop is prevented by Flower Veil: [32mPASS[0m
[09] AI will only use Dream Eater if target is asleep: [32mPASS[0m
[22] Pledge move combo doesn't trigger on opponent's Pledge move - Powder: [32mPASS[0m
[29] Heal Bell/Aromatherapy cures the entire party of the user from primary status effects: [32mPASS[0m
[17] AI_FLAG_PREDICT_SWITCH: AI will use Pursuit on predicted switches: [32mPASS[0m
[20] (DYNAMAX) Dynamaxed Pokemon can be encored immediately after reverting: [32mPASS[0m
[20] Endure doesn't trigger effects that require damage to be done to the Pokémon (Gen 2-4): [33mTO_DO[0m
[12] Scale Shot is immune to Fairy types and will end the move correctly: [32mPASS[0m
[13] (TERA) Terastallization's 60 BP floor occurs after Technician: [32mPASS[0m
[03] Sky Drop user and target can't activate Eject items while the move is being used: [32mPASS[0m
[23] Multi hit Moves hit four times 12.5/15% of the time: [32mPASS[0m
[07] Rage Fist base power is increased by each multi hit: [32mPASS[0m
[08] Reflect Damage: Counter ignores ally Pokémon's attack from Gen 5 onwards: [32mPASS[0m
[03] Sleep Talk works if user has Comatose: [32mPASS[0m
[27] Solar Beam's power is halved in a Sandstorm: [32mPASS[0m
[07] Recoil if miss: Jump Kick has 50% recoil on miss: [32mPASS[0m
[23] Photon Geyser can be countered if it is a physical move: [32mPASS[0m
[00] Throat Chop prevents sound base moves for 2 turns: [32mPASS[0m
[17] AI partner makes sensible move selections in battle (multi): [32mPASS[0m
[03] Snatch: If user is affected by Imprison the snatched move can still be used: [32mPASS[0m
[03] Soak/Magic Powder fails if the target is behind a Substitute: [33mTO_DO[0m
[27] Uproar doesn't wake up other pokemon on field after first turn (Gen 5+): [32mPASS[0m
[23] Pledge move combo doesn't trigger on opponent's Pledge move - Freeze: [32mPASS[0m
[27] TODO: Write Will-O-Wisp (Move Effect) test titles: [33mTO_DO[0m
[07] Reflect Damage: Mirror Coat fails if mon that damaged Mirror Coat user is no longer on the field (Gen 1-4): [32mPASS[0m
[29] Magic Coat reflection doesn't activate Protean/Libero: [32mPASS[0m
[17] AI_FLAG_SMART_TERA: AI will tera if it enables a ko: [32mPASS[0m
[03] Speed Swap swaps user and target's speed stats: [32mPASS[0m
[20] Double Team raises Evasion by 1 stage: [32mPASS[0m
[05] Sticky Web has correct interactions with Mirror Armor - the battler which set up Sticky Web has its Speed lowered instead (Gen8): [32mPASS[0m
[16] Switch-in abilities trigger in Speed Order after post-KO switch - Single Battle: [32mPASS[0m
[05] TODO: Write Sunny Day (Move Effect) test titles: [33mTO_DO[0m
[05] TODO: Synthesis recovers 1/2 of the user's max HP in Sunlight while it is not day (Gen2): [33mTO_DO[0m
[08] Return's power increases the higher friendship of the user is: [32mPASS[0m
[29] Mean Look: user Baton Pass keeps target trapped (Gen 2-4): [32mPASS[0m
[07] Reflect Damage: Counter hits the last opponent that hit the user: [32mPASS[0m
[17] Rage Fist stacks are seen properly for switch logic: [32mPASS[0m
[13] (Z-MOVE) Every battler can use Z-Moves - 2v1: [32mPASS[0m
[04] Crafty Shield protects self and ally from opposing status moves: [32mPASS[0m
[07] Rest fails if the user is protected by Sweet Veil: [32mPASS[0m
[20] Sonic Boom doesn't affect ghost types (Gen2+): [32mPASS[0m
[20] Flail has 150 power when HP is greater or equal than 3.1% (Gen4+): [33mTO_DO[0m
[07] Return does 0 damage at min Friendship (Gen2): [33mTO_DO[0m
[08] Roost fails when user is at full HP: [32mPASS[0m
[08] TODO: Write Sandstorm (Move Effect) test titles: [33mTO_DO[0m
[00] Shell Side Arm chooses its category for each battler on the field: [32mPASS[0m
[29] Miracle Eye fails if the target is already affected by Miracle Eye (Gen5+): [32mPASS[0m
[29] TODO: Moonlight recovers 2/8 of the user's max HP in Rain, Sandstorm, Hail, and Snow while it is night or evening (Gen2): [33mTO_DO[0m
[07] Revival Blessing revives a fainted party member for an opponent: [32mPASS[0m
[21] Type-enhancing items increase the base power of moves by 20%: [32mPASS[0m
[13] (Z-MOVE) Z_EFFECT_FOLLOW_ME redirects attacks to the user: [32mPASS[0m
[20] Flatter increases the target's Sp. Attack by 1 stage and confuses them: [32mPASS[0m
[27] Thunder and Bleakwind/Wildbolt/Sandsear Storm bypass accuracy checks in Rain: [32mPASS[0m
[08] Hyperspace Fury hits the target through Protect and breaks it: [32mPASS[0m
[22] Pledge move combo fails if ally fails to act - Flinch Left: [32mPASS[0m
[07] Role Play copies target's current ability even if it changed during that turn: [32mPASS[0m
[04] Psychic Terrain doesn't block priority moves against semi-invulnerable targets: [32mPASS[0m
[00] Shell Trap activates if user is hit with a physical move but does no damage: [32mPASS[0m
[20] Fling works if the item changes a Pokémon's form but not the one holding it: [32mPASS[0m
[03] Spikes damage on switch in: [32mPASS[0m
[08] Mind Blown makes the user lose HP even if it is absorbed by Flash Fire: [32mPASS[0m
[16] Trainer Slide: Multi: Z Move: [32mPASS[0m
[07] Roost does not suppress the ungrounded effect of Air Balloon: [32mPASS[0m
[04] Purify doesn't heal HP if the target has Comatose: [32mPASS[0m
[00] Skill Swap swaps user and target's abilities: [32mPASS[0m
[21] Clangorous Soul fails if the user's HP is less or equal than 1/3: [32mPASS[0m
[09] Choiced Pokémon won't use status move if they are the only party member: [32mPASS[0m
[13] Ability Shield on fainted ally does not block Receiver/Power of Alchemy: [32mPASS[0m
[08] Mind Blown makes the user lose 1/2 of its Max HP in a double battle: [32mPASS[0m
[07] Roost fails if the user is under the effects of Heal Block: [32mPASS[0m
[07] TODO: Write Safeguard (Move Effect) test titles: [33mTO_DO[0m
[16] Trainer Slide: Doubles: Player Lands First Super Effective Hit: [32mPASS[0m
[21] Conversion 2 fails if the move used is of typeless damage (Gen 5+): [32mPASS[0m
[04] Pursuit user gets forced out by Red Card and target still switches out: [32mPASS[0m
[05] Teatime triggers Volt Absorb if it has been affected by Electrify or Plasma Fists, even when not holding a Berry: [32mPASS[0m
[16] Compression test: tilemap small fastLZ: [32mPASS[0m
[22] Crafty Shield protects self and ally from Confide and Decorate: [32mPASS[0m
[09] AI_FLAG_PREDICT_MOVE: AI will predict player's move: [32mPASS[0m
[16] Compression test: table generation 55 9: [32mPASS[0m
[00] Sky Drop stops the confusion count until the target is dropped: [32mPASS[0m
[16] Compression test: small mode 3 smol: [32mPASS[0m
[03] Stomping Tantrum will deal double damage if user was immune to previous move: [32mPASS[0m
[08] Toxic Thread both reduces speed and inflicts Poison: [32mPASS[0m
[16] Compression test: Mr. Mime Smol: [32mPASS[0m
[07] Hyperspace Fury lowers the user's Defense by 1 stage after hitting the target: [32mPASS[0m
[20] AI will Incapacitate -> Substitute -> Focus Punch if able: [32mPASS[0m
[13] Adrenaline Orb doesn't activate if attack doesn't drop: [32mPASS[0m
[23] Pledge move combo fails if ally fails to act - Flinch Right: [32mPASS[0m
[00] Sleep Talk can use moves while choiced into Sleep Talk: [32mPASS[0m
[04] Pursuit user mega evolves before attacking a switching foe and hits twice if user has Parental Bond: [32mPASS[0m
[21] Copycat can copy a move that fainted its target: [32mPASS[0m
[29] Morning Sun recovers 1/4 of the user's max HP in Rain, Sandstorm, Hail, and Snow (Gen3+): [32mPASS[0m
[21] Corrosive Gas doesn't destroy items if they change the Pokémon's form: [33mTO_DO[0m
[22] Protect fails when the only slower battler is a fainted ally: [32mPASS[0m
[13] Air Balloon prevents the holder from taking damage from ground type moves: [32mPASS[0m
[21] Dark Void can only be used by Darkrai (Gen7+): [33mTO_DO[0m
[20] Focus Punch failing occurs before flinching (Gen 5+): [32mPASS[0m
[20] Follow Me cannot redirect Sky Drop: [33mTO_DO[0m
[20] Follow Me no longer redirects if the center of attention faints mid-turn: [33mTO_DO[0m
[26] Multi hit Moves hit twice 37.5/35% of the time: [32mPASS[0m
[26] TODO: Write Placeholder (Move Effect) test titles: [33mTO_DO[0m
[00] Smack Down doesn't affect pokemon behind Substitute: [32mPASS[0m
[00] TODO: Write Snowscape (Move Effect) test titles: [33mTO_DO[0m
[03] Strength Sap will drain users HP if target has Liquid Ooze: [32mPASS[0m
[07] Mind Blown does not cause the user to lose HP if there is no target: [32mPASS[0m
[09] AI_FLAG_SEQUENCE_SWITCHING: AI will not switch mid-battle: [32mPASS[0m
[05] Transform fails on target behind substitute in Gen5+: [32mPASS[0m
[16] Adaptability increases same-type attack bonus from x1.5 to x2: [32mPASS[0m
[00] Scary Face reduces the target's Speed by 2 stages: [32mPASS[0m
[26] Pledge move combo fails if ally fails to act - Flinch Both Right Faster: [32mPASS[0m
[23] Protect: Protect does not block Confide or Decorate: [32mPASS[0m
[03] Sucker Punch doesn't hit targets using status moves: [32mPASS[0m
[03] TODO: Synthesis recovers 2/4 of the user's max HP while it is day (Gen2): [33mTO_DO[0m
[29] OHKO moves fail if target protects: [32mPASS[0m
[29] TODO: Write Paralyze (Move Effect) test titles: [33mTO_DO[0m
[20] Foresight fails if the target is already under its effect (Gen 2 and Gen5+): [32mPASS[0m
[05] Triple Kick damage is increased by its base damage for each hit: [32mPASS[0m
[17] AI_FLAG_RANDOMIZE_SWITCHIN: AI will randomly choose between all valid switchin candidates if no good options are available: [32mPASS[0m
[14] Dragon Cheer increases critical hit ratio by 1 on non-Dragon types: [32mPASS[0m
[07] Mind Blown causes the user to faint when below 1/2 of its Max HP: [32mPASS[0m
[13] Berserk Gene does not confuse a Pokemon with Own Tempo but still raises attack sharply in a single battle: [32mPASS[0m
[29] Parting Shot: Magic Bounce bounces it and switches the target out and original user doesn't switch out: [32mPASS[0m
[16] Anticipation treats dynamic move types as their base type (Normal), Natural Gift: [32mPASS[0m
[23] Protect fails if user moves last: [32mPASS[0m
[00] Spikes fails after 3 layers: [32mPASS[0m
[05] Skull Bash needs a charging turn: [32mPASS[0m
[05] Sharp Beak doesn't boost Flying Press' power: [33mTO_DO[0m
[21] Defog removes Toxic Spikes from user's side (Gen 6+): [32mPASS[0m
[22] Protect: Spiky Shield does 1/8 dmg of max hp of attackers making contact and may faint them: [32mPASS[0m
[17] AI_FLAG_SMART_SWITCHING: AI will switch out if player's mon is charging and it has an absorber: [32mPASS[0m
[20] Future Sight breaks Focus Sash and doesn't make the holder endure another move: [32mPASS[0m
[29] Pledge move combo doesn't trigger on opponent's Pledge move - Water Absorb: [32mPASS[0m
[05] Victory Dance increases the user's Attack, Defense and Speed by 1 stage each: [32mPASS[0m
[05] TODO: Write Wonder Room (Move Effect) test titles: [33mTO_DO[0m
[16] Arena Trap prevents grounded adjacent opponents from switching out: [32mPASS[0m
[04] Pursuit attacks a foe using Volt Switch / U-Turn / Parting Shot to switch out: [32mPASS[0m
[13] Blunder Policy does not activate if Triple Kick misses after the first strike: [32mPASS[0m
[07] Toxic Thread still inflicts Poison if speed can't go lower: [32mPASS[0m
[29] Pledge move combo fails if ally fails to act - Paralyzed Both Right Faster: [32mPASS[0m
[19] Toxic Spikes do not poison airborne Pokemon: [32mPASS[0m
[21] Destiny Bond fails if used sequentially (Gen7+): [32mPASS[0m
[21] Disable prevents the target from using the last move used (Gen 2+): [33mTO_DO[0m
[25] Sparkly Swirl cures the entire party of the user from primary status effects: [32mPASS[0m
[03] Teatime triggers Motor Drive if it has been affected by Electrify or Plasma Fists, even when not holding a Berry: [32mPASS[0m
[20] Geomancy fails on the second turn if the user falls for Taunt while charging: [32mPASS[0m
[05] Being underground causes the target to take double damage from certain moves: [32mPASS[0m
[20] Grav Apple's power increases by 50% under Gravity's effect: [33mTO_DO[0m
[04] Recoil if miss: Jump Kick has no recoil if no target: [32mPASS[0m
[25] Powder Snow cannot freeze an Ice-type Pokémon: [32mPASS[0m
[22] AI uses Purify: [32mPASS[0m
[05] Recoil: Double Edge deals 33% of recoil damage to the user: [32mPASS[0m
[21] Dragon Darts can be absorbed by both opponents and hit neither: [32mPASS[0m
[04] Reflect Damage: Mirror Coat works when surviving OHKO move: [32mPASS[0m
[14] Poltergeist doesn't reveal the target's item if it missed: [32mPASS[0m
[19] Hail doesn't do damage when weather is negated: [32mPASS[0m
[17] AI_FLAG_SMART_SWITCHING: AI will not switch out if Pokemon would faint to hazards unless party member can clear them: [32mPASS[0m
[23] Protect: King's Shield, Silk Trap and Obstruct don't lower stats when charging a two turn move: [32mPASS[0m
[25] Plasma Fists type-changing effect does not override Pixilate: [32mPASS[0m
[28] Doodle fails if ally's ability can't be suppressed: [32mPASS[0m
[05] Starting Toxic Spikes badly poison the opposing switch-in: [32mPASS[0m
[20] Grudge's effect disappears if the user takes a new turn - Move: [32mPASS[0m
[20] Haze resets Focus Energy (Gen 1 and 4): [33mTO_DO[0m
[22] Pursuit only attacks the first switching foe: [32mPASS[0m
[04] Reflect Damage: Counter fails if mon that damaged Counter user is no longer on the field (Gen 1-4): [32mPASS[0m
[16] Ball Fetch only picks up the first failed ball, once per battle: [32mPASS[0m
[03] (TERA) Transform does not copy the target's Tera Type, and if the user is Terastallized it keeps its own Tera Type: [32mPASS[0m
[03] Accuracy for Triple Kick is only checked for the first hit with Skill Link: [33mTO_DO[0m
[14] Population Bomb can hit ten times: [32mPASS[0m
[21] Dragon Darts strikes each opponent once in a double battle: [32mPASS[0m
[23] Pursuit attacks a switching foe but not switching allies: [32mPASS[0m
[04] Rest doesn't fail if the user is protected by Safeguard: [32mPASS[0m
[20] Heal Pulse ignores accurace checks: [32mPASS[0m
[13] Booster Energy triggers correctly for all battlers if multiple fainted the previous turn: [32mPASS[0m
[19] Sandstorm damage does not hurt Ground, Rock, and Steel-type Pokémon: [32mPASS[0m
[03] Sky Attack needs a charging turn: [32mPASS[0m
[03] Coba Berry doesn't trigger when the user is attacked by Flying Press: [33mTO_DO[0m
[22] Rage volatile behavior on Protect depends on generation: [32mPASS[0m
[21] Electrify makes the target's move Electric-type for the remainder of the turn (double move): [32mPASS[0m
[22] Rapid Spin blows away Wrap, hazards, but doesn't raise Speed when Sheer Force boosted (Gen 8): [33mTO_DO[0m
[23] Rage does not build Attack when user's Attack is at max stage: [32mPASS[0m
[05] Freeze is thawed by opponent's Tri Attack 1/3 of the time (Gen 1-2): [32mPASS[0m
[28] Focus Punch will lose focus if damaged when used by selecting a different move and being Encored (Gen 3-4): [32mPASS[0m
[08] Brick Break, Psychic Fangs, and Raging Bull remove Light Screen, Reflect and Aurora Veil from the target's side of the field: [32mPASS[0m
[20] Helping Hand fails in a Single Battle: [32mPASS[0m
[14] Powder blocks the target's Fire type moves even if it doesn't target Powder user: [32mPASS[0m
[14] TODO: Write Power Trick (Move Effect) test titles: [33mTO_DO[0m
[17] AI_FLAG_SMART_MON_CHOICES: Eject Pack will send out Ace Mon if it's the only one remaining: [32mPASS[0m
[03] Venom Drench is blocked by Substitute: [32mPASS[0m
[04] Retaliate doubles in base power the turn after an ally faints: [32mPASS[0m
[09] Battler 3 has Battler 1 AI flags set correctly (2v1): [32mPASS[0m
[22] Reflect Damage: Metal Burst works when surviving OHKO move with Disguise: [32mPASS[0m
[21] Embargo doesn't stop an item flung at an affected target from activating: [32mPASS[0m
[22] Reflect Damage: Counter cannot hit ghost-type Pokémon (Gen 2+): [33mTO_DO[0m
[16] Clear Body, Full Metal Body, and White Smoke don't prevent Speed reduction from paralysis: [32mPASS[0m
[08] Psychic Noise is blocked by Soundproof: [32mPASS[0m
[03] Wish restores 50% of the user's HP when switching (Gen5+): [32mPASS[0m
[09] Switch AI: Palafin uses Flip Turn when faster to transform (Single): [32mPASS[0m
[23] Rage Fist base power is increased if Disguise breaks (Gen7): [32mPASS[0m
[05] Rain multiplies the power of Water-type moves by 1.5x: [32mPASS[0m
[21] (DYNAMAX) Dynamaxed Pokemon are immune to Encore: [32mPASS[0m
[21] Endure uses the same counter as Protect: [33mTO_DO[0m
[21] Extreme Evoboost increases the user's Attack, Defense, Special Attack, Special Defense, and Speed stats by 2 stages each: [33mTO_DO[0m
[22] Reflect Type defaults to Normal type for the user's 1st and 2nd types if the target only has a 3rd type: [32mPASS[0m
[21] False Swipe does not reduce its damage when hitting a substitute: [33mTO_DO[0m
[04] Revival Blessing doesn't prevent revived battlers from losing their turn: [32mPASS[0m
[25] Order Up increases a stat based on Tatsugiri's form even if Tatsugiri fainted inside Dondozo: [32mPASS[0m
[21] Final Gambit doesn't trigger the user's Focus Band: [33mTO_DO[0m
[21] Sonic Boom affects ghost types (Gen1): [33mTO_DO[0m
[00] Stealth Rock damage on switch in based on typing: [32mPASS[0m
[21] Flail has 150 power when HP is greater or equal than 4.2% (Gen2-3): [33mTO_DO[0m
[16] Commander will not activate if partner Dondozo is about to switch out: [32mPASS[0m
[23] Reflect Damage: Metal Burst works when surviving OHKO move: [32mPASS[0m
[23] Reflect Damage: Counter can only counter physical moves (Gen 2+): [33mTO_DO[0m
[20] Hit Escape: Held items are consumed immediately after a mon switched in by U-turn: opposing side: [32mPASS[0m
[28] Focus Punch does not activate when Focus Band/Focus Sash/Sturdy prevent getting one-shot by an attack: [32mPASS[0m
[08] Smelling Salts get incread power vs. paralyzed targets: [32mPASS[0m
[28] Foul Play uses the user's attack modifiers - Held Item: [33mTO_DO[0m
[22] Rest causes the user to fall asleep and restores HP to full: [32mPASS[0m
[28] Fusion Flare and Fusion Bolt do not double in power if there was a move used in-between the two of them: [33mTO_DO[0m
[03] Being airborne causes the target to take double damage from certain moves: [32mPASS[0m
[21] Fling - White Herb effect should not remove the target's held item: [32mPASS[0m
[25] Overheat drops Sp. Atk by 2 stages - doubles: [32mPASS[0m
[23] Reflect Type copies a target's pure type: [32mPASS[0m
[13] Booster Energy activates Protosynthesis and increases highest stat: [32mPASS[0m
[23] TODO: Write Recover/Slack Off/Heal Order (Move Effect) test titles: [33mTO_DO[0m
[16] Commander prevents Emergency Exit from switching out Dondozo: [32mPASS[0m
[03] Recoil: Head Smash deals 50% of recoil damage to the user: [32mPASS[0m
[22] Revelation Dance changes its type depending on the user's 2nd Type if it has no 1st type: [32mPASS[0m
[07] Brick Break, Psychic Fangs, and Raging Bull don't remove Light Screen, Reflect and Aurora Veil if the target is immune: [32mPASS[0m
[21] Fling fails if the item changes the Pokémon's form: [32mPASS[0m
[25] Thrash does not confuse the user if it is canceled on turn 2 of 3: [32mPASS[0m
[26] Pledge move combo fails if ally fails to act - Sleep Right: [32mPASS[0m
[22] Roar fails to switch out target with Suction Cups: [32mPASS[0m
[17] AI will not try to switch for the same Pokémon for 2 spots in a double battle (all bad moves, reversed): [32mPASS[0m
[22] TODO: Write Rollout (Move Effect) test titles: [33mTO_DO[0m
[09] AI_FLAG_SMART_SWITCHING: AI will switch out if main attacking stat lowered by 3+ stages: [32mPASS[0m
[28] Future Sight receives STAB from party mon (Gen 5+): [32mPASS[0m
[16] Competitive correctly activates after Sticky Web lowers Speed if Court Changed (Gen8): [32mPASS[0m
[20] Dragon Tail switches the target after Rocky Helmet and Iron Barbs: [32mPASS[0m
[14] Protect: Quick Guard, Wide Guard and Crafty Shield don't reduce Z-Move demage: [32mPASS[0m
[03] Starting Stealth Rock damages the opposing switch-in: [32mPASS[0m
[00] Sucker Punch fails if the target has attempted to act even if previously successful: [32mPASS[0m
[13] Aspear and Lum Berries cure freeze or frostbite: [32mPASS[0m
[21] AI won't use Focus Punch if it predicts a damaging move: [32mPASS[0m
[07] Psychic Noise heal block effect is blocked by Aroma Veil: [32mPASS[0m
[26] Psych Up displays the correct battlers when used by the player: [32mPASS[0m
[03] Freeze isn't thawed by opponent's attack that can thaw the user if Sheer Force affected (Gen 6+): [32mPASS[0m
[22] Roost prevents a Flying-type user from being protected by Delta Stream: [32mPASS[0m
[09] AI_FLAG_SMART_MON_CHOICES: Mid-battle switches prioritize offensive options after Eject Pack if mon outspeeds but was Intimidate'd: [32mPASS[0m
[28] If Glaive Rush is successful, moves targeted at the user deal double damage: [32mPASS[0m
[20] Instruct doesn't bypass sleep: [32mPASS[0m
[21] Focus Punch failing occurs after flinching (Gen 3-4): [32mPASS[0m
[28] Gravity causes certain moves to fail: [33mTO_DO[0m
[21] Follow Me fails in Single Battles (BDSP+): [33mTO_DO[0m
[21] Follow Me doesn't redirect opponent moves that can't affect opponents: [33mTO_DO[0m
[08] Sticky Syrup speed reduction is prevented by Clear Body, White Smoke or Full Metal Body: [32mPASS[0m
[13] Destiny Knot procs but fails if the target is already infatuated (cute charm): [32mPASS[0m
[23] Revelation Dance changes its type depending on the user's 1st Type: [32mPASS[0m
[28] Stat stages use Guard Split's altered stats: [33mTO_DO[0m
[14] Psycho Shift burn is blocked by Substitute unless the user has Infiltrator: [32mPASS[0m
[16] Corrosion can poison Poison/Steel types if the Pokémon uses Fling while holding a Toxic Orb: [32mPASS[0m
[17] AI uses Dynamax: [32mPASS[0m
[00] Synchronoise hits all Pokemon that share a type with the attacker: [32mPASS[0m
[25] AI will use Shed Tail to pivot to another mon while in damage stalemate with player rather than hard switching: [32mPASS[0m
[03] Frostbite reduces the special attack by 50 percent: [32mPASS[0m
[26] Pursuit doesn't trigger a switching mon's Emergency Exit: [32mPASS[0m
[20] Knock Off doesn't knock off a Paradox mon's Booster Energy: [32mPASS[0m
[09] AI_FLAG_SMART_MON_CHOICES: Number of hits to KO calculation checks whether incoming damage is zero to avoid an infinite loop: [32mPASS[0m
[22] Rototiller boosts Attack and Special Attack of all Grass types on the field: [32mPASS[0m
[21] Foresight causes moves against the target to ignore positive evasion stat stages: [32mPASS[0m
[13] Eject Button is not triggered after given to player by Picketpocket: [32mPASS[0m
[16] Cotton Down drops speed by one of opposing battler if hit by a damaging move: [32mPASS[0m
[14] Pursuited mon correctly switches out after it got hit and activated ability Tangling Hair - Mirror Armor: [32mPASS[0m
[03] Sleep: Spore affects grass types (Gen1-5): [32mPASS[0m
[08] Shell Trap activates immediately after being hit on turn 2 and attacks both opponents: [32mPASS[0m
[23] Round usages beyond the first one has double base power even if the first attacker fainted: [32mPASS[0m
[26] Pursuited mon correctly switches out after it got hit and activated ability Tangling Hair: [32mPASS[0m
[00] Taunt lasts for 3 turns if target hasn't moved (Gen 5+): [32mPASS[0m
[07] Wake-Up Slap does not cure paralyzed pokemons behind substitutes or get increased power: [32mPASS[0m
[20] Knock Off doesn't knock off Orbs for Primal Reversion from Pokemon that actually use them: [32mPASS[0m
[14] Pursuit attacks a switching foe but fails if user is asleep: [32mPASS[0m
[17] AI uses Z-Moves -- Z-Happy Hour: [32mPASS[0m
[13] Eject Pack will miss timing to switch out user if Emergency Exit was activated on target: [32mPASS[0m
[21] Geomancy only takes 1 turn when holding Power Herb: [32mPASS[0m
[13] TODO: Write Exp. Share (Hold Effect) test titles: [33mTO_DO[0m
[21] Grav Apple lowers the target's Defense by 1 stage: [33mTO_DO[0m
[13] TODO: Write Grip Claw (Hold Effect) test titles: [33mTO_DO[0m
[20] Knock Off knocks a healing berry before it has the chance to activate: [32mPASS[0m
[00] Telekinesis makes the target immune to Ground-type attacks: [32mPASS[0m
[25] Shell Trap activates only if hit by a physical move: [32mPASS[0m
[26] Pursuit attacks switching foes even if not targetting them (Gen 4+): [32mPASS[0m
[07] Sticky Syrup speed reduction is prevented by Clear Amulet: [32mPASS[0m
[13] Kee Berry doesn't trigger if the item hold user used a physical move: [32mPASS[0m
[21] Grudge does not activate for Struggle: [32mPASS[0m
[14] Quash calculates correct turn order if only one Pokémon is left on the opposing side: [32mPASS[0m
[08] Sky Drop: If target was locked into a move that would confuse, the target will be freed and confusion occurs immediately (attacker faints due to target ability): [32mPASS[0m
[03] Drizzle fails if Desolate Land is active: [32mPASS[0m
[16] Damp prevents Explosion-like moves from self: [32mPASS[0m
[25] Smack Down hits airborne pokemon and grounds them: [32mPASS[0m
[20] Last Resort works only when all of the known moves have been used - 3 moves: [32mPASS[0m
[25] TODO: Write Snipe Shot (Move Effect) test titles: [33mTO_DO[0m
[13] Life Orb does not activate if on a confusion hit: [32mPASS[0m
[25] TODO: Write Sp.Atk +1 (Move Effect) test titles: [33mTO_DO[0m
[09] AI will not switch into a partner Pokémon in a 1v2 battle (all bad moves): [32mPASS[0m
[00] Tera Blast changes from Normal-type to the user's Tera Type: [32mPASS[0m
[08] Sky Drop fails if target is in a Semi-Invulnerable state: [32mPASS[0m
[26] Rage volatile persists when using Rage again: [32mPASS[0m
[14] Rage Fist counter will be updated correctly after absorb move: [32mPASS[0m
[14] TODO: Write Rain Dance (Move Effect) test titles: [33mTO_DO[0m
[16] Defiant activates when opposing Syrup Bomb lowers Speed at end of turn: [32mPASS[0m
[25] Spicy Extract Defense loss is prevented by Big Pecks: [32mPASS[0m
[00] Tickle reduces the target's Attack and Defense by 1 stage each: [32mPASS[0m
[20] Leech Seeded targets lose 1/8 of its max HP every turn and give it to the user: [32mPASS[0m
[20] TODO: Write Lock-On/Mind Reader (Move Effect) test titles: [33mTO_DO[0m
[28] Heal Bell does not cure Soundproof partners (Gen 4, Gen 6+): [32mPASS[0m
[13] Maranga Berry doesn't trigger if the item hold user used a special move: [32mPASS[0m
[14] Reflect fails if already active: [32mPASS[0m
[08] Thousand Arrows will ground both targets: [32mPASS[0m
[21] Haze resets stat changes: [32mPASS[0m
[26] Rage Fist base power is increased by 50 even if a damaging move does no damage - Endure: [32mPASS[0m
[09] AI will choose a priority move if it is slower then the target and will be killed: [32mPASS[0m
[23] Thunder, Ice and Fire Fang inflict status 10% of the time: [32mPASS[0m
[16] Desolate Land can be replaced by Delta Stream: [32mPASS[0m
[03] Sunlight multiplies the power of Water-type moves by 0.5x: [32mPASS[0m
[00] Toxic inflicts bad poison: [32mPASS[0m
[16] Confirm behavioural match with other -ate abilities: [33mTO_DO[0m
[00] TODO: Write Transform (Move Effect) test titles: [33mTO_DO[0m
[22] Thunder, Ice and Fire Fang cause the opponent to flinch 10% of the time: [32mPASS[0m
[12] Nature power plays a move correctly in any background: [32mPASS[0m
[25] Thief and Covet steal target's held item: [32mPASS[0m
[28] Hold Hands is blocked by Crafty Shield: [32mPASS[0m
[20] Lunar Dance effect activates even if the the switched Pokémon can't be healed (Gen4-7): [32mPASS[0m
[08] Snatch: If user is affected by Disable the snatched move can still be used: [32mPASS[0m
[14] Reflect Damage: Mirror Coat hits the last opponent that hit the user: [32mPASS[0m
[26] Rapid Spin: Mortal Spin blows away Wrap, hazards and poisons foe: [32mPASS[0m
[29] Damage calculation: Combined pledge move: [32mPASS[0m
[23] Eerie Spell does not reduce PP if the target faints: [32mPASS[0m
[13] Metronome Item doesn't increase damage per hit of multi-hit moves: [32mPASS[0m
[28] Ingrain prevents regular switching out: [32mPASS[0m
[00] Trick fails if either item is Mail: [32mPASS[0m
[20] Magnetic Flux raises Defense and Sp. Defense of all Plus/Minus allies in doubles: [32mPASS[0m
[16] Dragonize doesn't affect Judgment / Techno Blast / Multi-Attack's type: [32mPASS[0m
[13] Mirror Herb does not copy stat increases gained via Mirror Herb: [32mPASS[0m
[26] Reflect Damage: Metal Burst fails if mon that damaged Metal Burst user is no longer on the field (Gen 1-4): [32mPASS[0m
[26] Reflect Damage: Counter can return damage dealt to a substitute (Gen 1): [33mTO_DO[0m
[23] Flame Burst doesn't crash, player to opponent: [32mPASS[0m
[28] Instruct-called moves fail if disabled: [32mPASS[0m
[20] Steel Beam makes the user lose HP even if the opposing mon protected: [32mPASS[0m
[28] Instruct fails if target is in the middle of Bide: [33mTO_DO[0m
[08] Soak/Magic Powder's type change is overwitten if the target changes form: [32mPASS[0m
[12] Axe Kick deals damage half the hp to user if it fails: [32mPASS[0m
[29] Rage builds Attack multiple times when hit multiple times: [32mPASS[0m
[16] Emergency Exit activates when healing from under 50% max-hp and taking residual damage to under 50% max-hp - Burn: [32mPASS[0m
[23] Freeze cannot be inflicted in Sunlight: [32mPASS[0m
[20] Metronome's called powder move fails against Grass Types: [32mPASS[0m
[28] Knock Off doesn't remove item if it's prevented by Sticky Hold: [32mPASS[0m
[25] Spit Up's power raises depending on Stockpile's count: [32mPASS[0m
[26] Reflect Type fails if the target has no types: [32mPASS[0m
[04] Role Play fails if user's ability can't be suppressed: [32mPASS[0m
[23] Plasma Fists type-changing effect is applied after Normalize: [32mPASS[0m
[20] Mist prevents stat reductions from opposing moves: [32mPASS[0m
[20] TODO: Morning Sun recovers 2/2 of the user's max HP in Sunlight while it is morning (Gen2): [33mTO_DO[0m
[16] Flower Gift transforms Cherrim back to normal when its ability is suppressed: [32mPASS[0m
[08] Thief and Covet: Berries that activate on HP thresholds are stolen before they can activate: [32mPASS[0m
[28] Knock Off triggers Unburden: [32mPASS[0m
[25] Substitute's HP cost can trigger a berry: [32mPASS[0m
[29] Rage Fist base power is not lost if user switches out: [32mPASS[0m
[29] TODO: Write Take Down (Move Effect) test titles: [33mTO_DO[0m
[12] Hyperspace Fury fails if used by a Pokémon other than Hoopa Unbound: [32mPASS[0m
[00] Solar Beam and Solar Blade can be used instantly in Sunlight: [32mPASS[0m
[23] Order up does not boosts any stats if Dondozo is not affected by Commander: [32mPASS[0m
[09] AI will not try to lower opposing stats if target is protected by it's ability: [32mPASS[0m
[25] Synchronoise will fail if the corresponding typing mon protects: [32mPASS[0m
[12] Triple Arrows can lower Defense and cause flinch at the time: [32mPASS[0m
[16] Forecast: All Forecast mons revert on the field if Primal Weather is removed due to fainting: [32mPASS[0m
[04] Incinerate destroys Berries and Gems even if the holder has Klutz: [32mPASS[0m
[20] Multi hit Moves hit five times 50 Percent of the time with Loaded Dice: [32mPASS[0m
[14] Reflect Damage: Counter is affected by Protect effects if it was damaged by that battler: [32mPASS[0m
[23] Recharge moves make the user unable to attack for exactly one turn: [32mPASS[0m
[26] Retaliate works with Perish Song (Gen3 Perish Song): [32mPASS[0m
[12] Tanga Berry activates before Bug Bite: [32mPASS[0m
[25] Tar Shot does affect Pokemon that Terastallized after Tar Shot status was applied: [32mPASS[0m
[23] Salt Cure does not get applied if hitting a Substitute: [32mPASS[0m
[29] Reflect Damage: Metal Burst ignores ally Pokémon's attack from Gen 5 onwards: [32mPASS[0m
[20] Sheer Cold doesn't affect Ice-type Pokémon (Gen3-6): [32mPASS[0m
[28] Lash Out damage is only boosted on the turn that Intimidate switches in: [32mPASS[0m
[09] Terapagos reverts to the correct form upon fainting after terastallizing: [32mPASS[0m
[12] Scald should burn a Water-type Pokémon: [32mPASS[0m
[07] Tri Attack can inflict paralysis, burn or freeze: [32mPASS[0m
[08] Sticky Web lowers Speed by 1 in a double battle after Explosion fainting both mons: [32mPASS[0m
[14] Rollout resets if original user is forced to switch out: [32mPASS[0m
[04] Psychic Noise heal block effect is blocked by partners Aroma Veil in doubles: [32mPASS[0m
[26] Revenge doubles in power if False Swipe connected but didn't do any damage: [32mPASS[0m
[23] Thousand Arrows does not ground mons behind substitutes: [32mPASS[0m
[25] Teatime causes the user to consume its Berry, even in the pressence of Unnerve: [32mPASS[0m
[09] Venusaur returns its base Form upon battle end after Mega Evolving: [32mPASS[0m
[29] Refresh does not cure sleep when used by Sleep Talk: [32mPASS[0m
[13] Protective Pads protects from Protect's secondary effects: [32mPASS[0m
[00] Moves with the cantUseTwice flag strike again if fast encore is used: [32mPASS[0m
[08] Stomping Tantrum will deal double damage if user failed a Protect: [32mPASS[0m
[14] Roost's suppression prevents Reflect Type from copying any Flying typing: [32mPASS[0m
[13] If a Pokémon steals a Shell Bell with Thief or Covet, it will recover HP for the use of that move that stole the Shell Bell: [33mTO_DO[0m
[26] Roar fails if replacements fainted: [32mPASS[0m
[22] Dire Claw can inflict poison, paralysis or sleep: [32mPASS[0m
[09] Venusaur can Mega Evolve holding Venusaurite: [32mPASS[0m
[12] Matcha Gotcha inflicts burn 20% of the time: [32mPASS[0m
[28] AI uses Life Dew if it outheals your damage and outspeeds (singles): [32mPASS[0m
[25] Stellar-type Tera Blast is super-effective on Stellar-type Pokemon: [32mPASS[0m
[25] TODO: Write Terrain Pulse (Move Effect) test titles: [33mTO_DO[0m
[23] Thrash confuses the user if it is canceled on turn 3 of 3, Immunity: [32mPASS[0m
[14] Rototiller fails if the only valid target is semi-invulnerable: [32mPASS[0m
[04] Wake-Up Slap gets increased power against sleeping targets: [32mPASS[0m
[07] Thief and Covet: Berries that activate on a Status activate before the item can be stolen: [32mPASS[0m
[12] Eerie Spell's PP reduction is blocked by Shield Dust: [32mPASS[0m
[08] Strength Sap does not fail if target has Contrary and is at +6 Atk: [32mPASS[0m
[28] Magnet Rise rises the user into the air, avoiding Ground-type attacks: [32mPASS[0m
[25] Torment forces Struggle if the only move is prevented: [32mPASS[0m
[14] Axe Kick deals damage half the hp to user if def battler protected: [32mPASS[0m
[26] Roost does not suppress the ungrounded effect of Telekinesis: [32mPASS[0m
[13] Shell Bell recovers 1/8 of HP from after the last hit from all hits of a multi hit move: [32mPASS[0m
[09] Primal Reversion's order is determined by Speed - opponent faster: [32mPASS[0m
[00] Recoil: Flare Blitz still deals recoil damage when boosted by Sheer Force: [32mPASS[0m
[29] Retaliate works with Perish Song: [32mPASS[0m
[08] Stuff Cheeks can be used even if Unnerve is present: [32mPASS[0m
[08] Swagger confuses the target even when at -6 Attack and has Contrary: [33mTO_DO[0m
[28] Steel Beam makes the user lose 1/2 of its Max HP: [32mPASS[0m
[07] Sticky Web raises Speed by 1 for a Pokemon with Contrary: [32mPASS[0m
[00] Freeze is thawed by user's Flame Wheel: [32mPASS[0m
[04] Sticky Syrup is removed when the user switches out: [32mPASS[0m
[12] Headbutt flinches 30% of the time: [32mPASS[0m
[09] Dusk Mane Necrozma can Ultra Burst holding Ultranecrozium Z: [32mPASS[0m
[16] Forecast transforms all Castforms present in weather: [32mPASS[0m
[28] Miracle Eye does not fail if the target is already affected by Miracle Eye (Gen4): [32mPASS[0m
[25] Toxic Spikes inflicts poison on switch in: [32mPASS[0m
[07] Stomping Tantrum will not deal double if it missed: [32mPASS[0m
[09] Dynamax: max move against semi-invulnerable target prints the correct message: [32mPASS[0m
[25] Trick doesn't fail if the user has Sticky Hold: [32mPASS[0m
[08] Synthesis recovers regular amount in sandstorm if holding utility umbrella: [32mPASS[0m
[13] Sticky Barb gets transferred if its holder is hit by a contact move: [32mPASS[0m
[28] Misty Terrain protects grounded battlers from non-volatile status conditions: [32mPASS[0m
[28] TODO: Morning Sun recovers 1/4 of the user's max HP while it is not morning (Gen2): [33mTO_DO[0m
[28] TODO: Write Natural Gift (Move Effect) test titles: [33mTO_DO[0m
[07] Strength Sap does not fail if user is at full hp and target has Clear Body: [32mPASS[0m
[16] Guard Dog raises Attack when intimidated: [32mPASS[0m
[13] White Herb wont have time to activate if Magician steals it: [32mPASS[0m
[23] Semi-invulnerable moves make the user semi-invulnerable turn 1, then strike turn 2: [32mPASS[0m
[28] Nightmare damages sleeping targets at end of turn: [32mPASS[0m
[08] Teleport does not fail if the user is trapped: [32mPASS[0m
[12] Psychic Noise blocks healing moves for 2 turns: [32mPASS[0m
[25] Trick Room doesn't print its ending message twice when used again: [32mPASS[0m
[07] Stuff Cheeks can be used even if Magic Room is active: [32mPASS[0m
[13] White Herb restores stats after Attack was lowered by Intimidate in singles: [32mPASS[0m
[22] Semi-invulnerable moves don't need to charge with Power Herb: [32mPASS[0m
[29] Revival Blessing keeps Mimikyu Busted forms and Eiscue Noice in their current forms: [32mPASS[0m
[09] Dynamax: G-Max One Blow bypasses Max Guard for full damage: [32mPASS[0m
[23] Snatch steals stat-boosting moves from the opponent: [32mPASS[0m
[28] Octolock ends after user that set the lock switches out: [32mPASS[0m
[08] Tera Starstorm targets both opponents in a double battle if used by Terapagos-Stellar: [32mPASS[0m
[16] Hospitality is blocked by Heal Block: [32mPASS[0m
[14] Infernal Parade's power doubles if the target has a status condition: [32mPASS[0m
[00] Frostbite is healed if hit with a thawing move: [32mPASS[0m
[23] Nasty Plot increases the user's Sp. Attack by 2 stages: [32mPASS[0m
[07] Freeze Dry is super effective on water types: [32mPASS[0m
[07] TODO: Synthesis recovers 1/4 of the user's max HP while it is not day (Gen2): [33mTO_DO[0m
[21] Hidden Power always triggers Counter instead of Mirror Coat (Gen 1-3): [32mPASS[0m
[28] Sheer Cold can hit semi-invulnerable mons when the user has No-Guard: [32mPASS[0m
[28] TODO: Write Pain Split (Move Effect) test titles: [33mTO_DO[0m
[25] Solar Beam's power is halved in Hail: [32mPASS[0m
[08] AI prefers to keep its substitute over removing hazards if target is slower: [32mPASS[0m
[23] Spicy Extract bypasses accuracy checks: [32mPASS[0m
[16] Hyper Cutter is ignored by Mold Breaker: [32mPASS[0m
[14] Clear Smog removes stat changes even if it did no damage: [32mPASS[0m
[07] Teatime does not affect Pokémon in the semi-invulnerable turn of a move: [32mPASS[0m
[22] Snatch does not steal non-snatchable moves: [32mPASS[0m
[25] Upper Hand fails if the target is using a status move: [32mPASS[0m
[12] Smelling Salts does not cure paralyzed pokemons behind substitutes or get increased power: [32mPASS[0m
[16] Illusion does not break if indirect damage causes the user to faint: [32mPASS[0m
[08] Toxic Spikes print normal poison for 1 layer: [32mPASS[0m
[21] Misty Terrain will fail if there is one already on the field: [32mPASS[0m
[21] TODO: Morning Sun recovers 2/4 of the user's max HP while it is morning (Gen2): [33mTO_DO[0m
[07] Telekinesis makes the target unable to avoid any attacks made against it: [32mPASS[0m
[12] Syrup Bomb is prevented by Bulletproof: [32mPASS[0m
[23] Stockpile temporarily raises Def and Sp. Def: [32mPASS[0m
[04] Tri Attack cannot paralyze/burn/freeze Pokémon with abilities preventing respective statuses: [32mPASS[0m
[04] (TERA) Soak/Magic Powder's type change overritten if the target Terastalizes: [33mTO_DO[0m
[22] Confide lowers Special Attack: [32mPASS[0m
[25] Weather Ball doubles its power and turns to a Water-type move in Rain: [32mPASS[0m
[07] Tera Starstorm becomes a physical move if the user is Terapagos-Stellar, is Terastallized, and has a higher Attack stat: [32mPASS[0m
[23] Strength Sap lowers Attack by 1 and restores HP based on target's Attack Stat: [32mPASS[0m
[21] Multi hit Moves hit at least four times with Loaded Dice: [32mPASS[0m
[04] Agility increases the user's Speed by 2 stages: [32mPASS[0m
[23] TODO: Write Synchronoise (Move Effect) test titles: [33mTO_DO[0m
[20] Simple Beam fails if target has an ability that can't be overwritten: [32mPASS[0m
[08] Transform fails on transformed target in Gen2+: [32mPASS[0m
[25] Explosion causes the user to faint even if it has no effect: [32mPASS[0m
[09] Dynamax: G-Max Befuddle paralyzes, poisons, or sleeps both opponents: [32mPASS[0m
[22] Thief and Covet don't steal player's held item if opponent is a wild mon: [32mPASS[0m
[04] Spite fails if target has not used any move yet: [32mPASS[0m
[14] Dire Claw cannot poison/paralyze/cause to fall asleep Pokémon with abilities preventing respective statuses: [32mPASS[0m
[28] Parting Shot: Mirror Armor switches the user even if reflected drops fail: [32mPASS[0m
[21] Sheer Cold can be endured by Sturdy: [32mPASS[0m
[13] Rage Candy Bar heals a battler from any primary status: [32mPASS[0m
[07] AI will try to remove hazards if slower then target even with a Substitute because it expects the Sub to be broken: [32mPASS[0m
[20] Psychic Terrain prevents priority status moves before Magic Bounce can bounce them: [32mPASS[0m
[04] Steel Roller will fail if there is no Terrain: [32mPASS[0m
[14] Sappy Seed can seed the target: [32mPASS[0m
[16] Infiltrator bypasses the opponent's Substitute (Gen 6+): [32mPASS[0m
[21] Simple Beam fails if the target already has Simple: [32mPASS[0m
[25] Powder moves are blocked by Grass-type Pokémon (Gen6+): [32mPASS[0m
[12] Wrap can damage the wrapped mon 5 turns (Gen4) or 7 turns (Gen5+) while holding a Grip Claw: [32mPASS[0m
[08] Trump Card doesn't increase in power if its PP is low when called by a different move: [32mPASS[0m
[20] Psychic Terrain doesn't block priority moves that target all opponents: [32mPASS[0m
[08] Flying Press does both Fighting and Flying-type for type effectiveness: [33mTO_DO[0m
[08] TODO: Write Water Sport (Move Effect) test titles: [33mTO_DO[0m
[08] TODO: Write Yawn (Move Effect) test titles: [33mTO_DO[0m
[16] Levitate does not activate if attacked by an opponent with Mold Breaker: [32mPASS[0m
[09] Dynamax: Dynamaxed Pokemon that changes forms does not gain HP unless the new form gains Max HP: [32mPASS[0m
[20] Psych Up does not copy the target's critical hit ratio (Gen5): [32mPASS[0m
[28] Grass and Water Pledge create a swamp on the user's side of the field for four turns: [32mPASS[0m
[13] Max Mushrooms raises battler's Defense stat: [32mPASS[0m
[14] Recharge moves don't timeout when all battlers are recharging (doubles: [32mPASS[0m
[07] Toxic Spikes print bad poison for 2 layers: [32mPASS[0m
[21] Parting Shot: Does not switch if both stats are at minimum (Gen7+): [32mPASS[0m
[12] Shell Trap activates immediately after being hit on turn 1 and attacks both opponents: [32mPASS[0m
[21] TODO: Write Perish Song (Move Effect) test titles: [33mTO_DO[0m
[25] Burn reduces Attack by 50%: [32mPASS[0m
[28] Poltergeist doesn't reveal the target's item if target is immune: [32mPASS[0m
[08] Explosion boosted by Galvanize is correctly blocked by Volt Absorb: [32mPASS[0m
[14] Salt Cure works in double battles: [32mPASS[0m
[13] Items can restore a battler's HP by a percentage: [32mPASS[0m
[20] AI uses Purify to heal an enemy with Guts: [32mPASS[0m
[21] Pledge move combo doesn't trigger on opponent's Pledge move - Electrify: [32mPASS[0m
[28] Powder doesn't prevent a Fire move from thawing its user out: [32mPASS[0m
[14] Secret Power inflicts sleep in Grassy Terrain: [32mPASS[0m
[25] Poison can't bad poison a poison or steel type: [32mPASS[0m
[12] Sky Drop: If target was locked into a move that would confuse, the target will be freed and confusion occurs immediately (attacker faints due to status): [32mPASS[0m
[16] Lightning Rod forces single-target Electric-type moves to target the Pokémon with this Ability.: [32mPASS[0m
[09] Dynamax: Dynamax expires after three turns: [32mPASS[0m
[23] Take Heart cures the user of all status conditions: [32mPASS[0m
[28] Powder damages the target under heavy rain (Gen 6): [32mPASS[0m
[12] Sky Drop fails if target is behind a substitute: [32mPASS[0m
[16] Magic Bounce wont activate if ability user protects: [32mPASS[0m
[04] Sticky Web has correct interactions with Mirror Armor - no one has their Speed lowered if the set upper switched: [32mPASS[0m
[14] Sticky Syrup isn't applied again if the target is already covered: [32mPASS[0m
[20] Pursuit attacks the second switching foe if the first faints from pursuit: [32mPASS[0m
[07] Transform fails when the user is already transformed in Gen5+: [32mPASS[0m
[23] Trick Room does not affect move priority: [32mPASS[0m
[04] Strength Sap fails if Heal Block applies: [32mPASS[0m
[16] Mega Sol doesn't prevent other weather based activations (Aurora Veil): [32mPASS[0m
[20] Quiver Dance increases the user's Sp. Attack, Sp. Defense and Speed by 1 stage each: [32mPASS[0m
[28] Present healing is blocked by Telepathy on an ally target: [32mPASS[0m
[22] Stockpile's Def and Sp. Def boost is lost after using Spit Up or Swallow: [32mPASS[0m
[09] (TERA) Illusion doesn't break upon Terastallizing when illusioned as a mon that doesn't change forms by Terastallizing: [32mPASS[0m
[22] Baton Pass passes Substitutes: [33mTO_DO[0m
[12] Smack Down hitting into an underground pokemon with No Guard does not remove the invulnerable state: [32mPASS[0m
[04] Stuff Cheeks fails if the user's berry is removed before they use the move: [32mPASS[0m
[25] Snowscape fails if Desolate Land or Primordial Sea are active: [32mPASS[0m
[26] Roost, if used by a Mystery/Flying type, treats the user as a Mystery/Mystery type until the end of the turn: [32mPASS[0m
[22] Swagger increases the target's Attack by 2 stages and confuses them: [32mPASS[0m
[09] (TERA) Terastallizing into the Stellar-type provides a one-time 2.0x boost to STAB moves: [32mPASS[0m
[20] Rage Fist number of hits is copied by Transform: [32mPASS[0m
[04] Sucker Punch hits targets that are about to attack: [32mPASS[0m
[08] ignoresTargetAbility moves do ignore target's abilities: [32mPASS[0m
[04] TODO: Synthesis recovers 1/8 of the user's max HP in Rain, Sandstorm, Hail, and Snow while it is not day (Gen2): [33mTO_DO[0m
[21] Pledge move combo doesn't fail if any mon wakes up: [32mPASS[0m
[23] Solar Beam's power is halved in Snow: [32mPASS[0m
[07] Trump Card increases in power if the move that called it has low PP: [32mPASS[0m
[12] Snatch fails when the only slower battler is a fainted ally: [32mPASS[0m
[07] Flying-type Pokémon don't receive STAB on Flying Press: [33mTO_DO[0m
[12] TODO: Write Softboiled (Move Effect) test titles: [33mTO_DO[0m
[22] Take Heart cures sleep when used by Sleep Talk: [32mPASS[0m
[20] Rapid Spin doesn't blow away Wrap, hazards or raise Speed when Sheer Force boosted (Gen 9+): [32mPASS[0m
[13] Revive keeps Mimikyu Busted forms and Eiscue Noice in their current forms: [32mPASS[0m
[09] (TERA) Reflect Type fails if used by a Terastallized Pokemon: [32mPASS[0m
[26] Overheat drops Sp. Atk by 2 stages - singles: [32mPASS[0m
[21] Powder doesn't consume Berry from Fire type Natural Gift but prevents using the move: [32mPASS[0m
[08] Sandstorm doesn't do damage when weather is negated: [32mPASS[0m
[23] Upper Hand succeeds if the target's move is boosted in priority by an Ability: [32mPASS[0m
[22] Teatime causes the user to consume its Berry, ignoring HP requirements, when not used by the Player: [32mPASS[0m
[12] Spicy Extract stat changes will be inverted by Contrary: [32mPASS[0m
[29] Roost, if used by a Flying/Flying type, treats the user as a Normal-type (or Typeless in Gen. 4) until the end of the turn: [32mPASS[0m
[16] Mimicry changes the battler's type based on Terrain: [32mPASS[0m
[13] Draining Kiss recovers 75% of the damage dealt: [32mPASS[0m
[13] Acupressure fails on the user if all of its stats are maximized: [33mTO_DO[0m
[26] Thrash does not confuse the user if it is canceled on turn 1 of 3: [32mPASS[0m
[22] Flying-type Tera Blast does not have its priority boosted by Gale Wings: [32mPASS[0m
[21] Powder doesn't damage target under heavy rain (Gen 7+): [32mPASS[0m
[10] AI values moves above Splash, 101-200: [32mPASS[0m
[20] Reflect applies for 5 turns: [32mPASS[0m
[20] Reflect Damage: Counter cannot return damage dealt to a substitute (Gen 2+): [33mTO_DO[0m
[16] Neutralizing Gas prevents Contrary inverting stat boosts: [32mPASS[0m
[12] Thief and Covet steal target's held item and it's added to Bag in wild battles (Gen 9+): [32mPASS[0m
[13] After You ignores the effects of Quash: [32mPASS[0m
[26] Shed Tail's HP cost doesn't trigger effects that trigger on damage taken: [32mPASS[0m
[26] TODO: Write Shell Smash (Move Effect) test titles: [33mTO_DO[0m
[09] (TERA) Terastallization's 60 BP floor does not apply to multi-hit moves: [32mPASS[0m
[20] Reflect Type succeeds against a Terastallized target and copies its Tera type: [32mPASS[0m
[22] Terrain Boost: Expanding Force hits both foes in Psychic Terrain: [32mPASS[0m
[16] Neutralizing Gas prevents opponent's switch-in ability from activating: [32mPASS[0m
[28] Crafty Shield does not protect against entry hazard moves: [32mPASS[0m
[21] Present with Parental Bond hits twice when damaging, but only once when healing: [32mPASS[0m
[07] Water Sport reduces the damage of Fire Type moves by 50% (Gen3-4) or 67% (Gen5+): [32mPASS[0m
[29] Spectral Thief steals opponents boost before attacking: [32mPASS[0m
[26] Shift Gear increases the user's Speed by 2 stages and Attack by 1 stage: [32mPASS[0m
[12] Sticky Web lowers Speed by 1 on switch-in: [32mPASS[0m
[20] Rest fails if the user is protected by Leaf Guard: [32mPASS[0m
[23] Weather Ball doubles its power and turns to an Ice-type move in Hail and Snow: [32mPASS[0m
[04] Teatime triggers Lightning Rod if it has been affected by Electrify or Plasma Fists, even when not holding a Berry: [32mPASS[0m
[22] Torment allows non-consecutive move uses: [32mPASS[0m
[28] Psychic Terrain protects grounded battlers from priority moves in doubles - Right: [32mPASS[0m
[09] (Z-MOVE) Z-Move power is based on the base move: [32mPASS[0m
[23] Sheer Cold doesn't affect Ice-type Pokémon (Gen7+): [32mPASS[0m
[29] Shed Tail's HP cost can trigger a berry before the user switches out: [32mPASS[0m
[16] Normalize boosts power of affected moves by 20% (Gen7+): [32mPASS[0m
[13] Ally Switch does not update leech seed position: [32mPASS[0m
[26] Sky Drop does not trigger Volt Absorb on it's charge turn: [32mPASS[0m
[07] Being underwater causes the target to take double damage from certain moves: [32mPASS[0m
[28] Psychic Terrain doesn't blocks priority moves that target the user: [32mPASS[0m
[28] TODO: Write Psyshock (Move Effect) test titles: [33mTO_DO[0m
[10] Salac Berry raises Speed by one stage when HP drops to 1/2 or below if holder has Gluttony: [32mPASS[0m
[21] Crafty Shield does not protect against moves that target all battlers: [32mPASS[0m
[26] Sleep Talk deducts power points from itself, not the called move: [32mPASS[0m
[23] Starting sharp steel damages the player's switch-in: [32mPASS[0m
[22] Toxic Spikes fails after 2 layers: [32mPASS[0m
[07] Recoil: Take Down deals 25% of recoil damage to the user: [32mPASS[0m
[14] Wrap can damage the wrapped mon for 4 turns 25% (Gen3-4) or 50% (Gen5+) of the time: [32mPASS[0m
[29] Shell Trap does not trigger when hit into Substitute: [32mPASS[0m
[28] Pursuit doesn't trigger a switching mon's Eject Pack: [32mPASS[0m
[13] Ally Switch does not redirect the target of Snipe Shot: [32mPASS[0m
[10] Throat Spray will not activate if the mon just switched in: [32mPASS[0m
[08] Strong winds block weather-setting moves: [32mPASS[0m
[23] Will-O-Wisp can't burn a fire type: [32mPASS[0m
[22] Trick fails if the target is behind a Substitute: [32mPASS[0m
[26] Smack Down grounds pokemon with Levitate: [32mPASS[0m
[12] Stomping Tantrum will deal double damage if user failed to attack due to paralysis: [32mPASS[0m
[04] Transformed Pokemon cannot change forms in Gen5+: [32mPASS[0m
[04] Accuracy for Triple Kick is checked independently for each hit: [33mTO_DO[0m
[12] Swagger doesn't confuse the target when they have their Attack maxed (Gen2): [33mTO_DO[0m
[13] Aromatic Mist fails in Single Battles: [32mPASS[0m
[13] Assist cannot call a Mimicked move (Gen4 only): [33mTO_DO[0m
[14] Snatch fails if user moves last: [32mPASS[0m
[07] Starting Toxic Spikes poison the opposing switch-in: [32mPASS[0m
[26] Snore fails if user is throat chopped: [32mPASS[0m
[10] Throat Spray activates after both hits of a spread move, even if one foe protects: [32mPASS[0m
[28] Pursuit affected by Electrify fails against target with Volt Absorb: [32mPASS[0m
[23] Freeze has a 20% chance of being thawed: [32mPASS[0m
[04] Skull Bash doesn't need to charge with Power Herb: [32mPASS[0m
[04] Flying Gem doesn't trigger when using Flying Press: [33mTO_DO[0m
[13] Hone Claws increases Attack and Accuracy by one stage each: [32mPASS[0m
[12] Synthesis recovers 2/3 of the user's max HP in Sunlight (Gen3+): [32mPASS[0m
[26] Fake Tears reduces the target's Sp. Defense by 2 stages: [32mPASS[0m
[07] Freeze is thawed by opponent's attack that can burn (Gen 1-2): [32mPASS[0m
[23] Sandstorm deals 1/16 damage per turn: [32mPASS[0m
[04] Venom Drench lowers stats of a poisoned target: [32mPASS[0m
[10] White Herb is correctly displayed: [32mPASS[0m
[12] Teatime fails if no Pokémon is holding a Berry: [32mPASS[0m
[13] Aura Wheel changes type depending on Morpeko's form: [32mPASS[0m
[07] Thunder Wave prints failure when the target already has a different non-volatile status: [32mPASS[0m
[20] Revelation Dance becomes Typeless if its user is Typeless: [32mPASS[0m
[21] Protect: Wide Guard protects self and ally from multi-target moves: [32mPASS[0m
[28] Pursuit doubles in power if attacking while target switches out: [32mPASS[0m
[22] Trick Room does not fail if the chosen AI target has fainted: [32mPASS[0m
[13] Aurora Veil will prevent Protean activation if it fails due to no Snow/Hail: [32mPASS[0m
[10] White Herb restores stats after Attack was lowered by Intimidate in doubles: [32mPASS[0m
[13] Baton Pass doesn't pass Transformations: [33mTO_DO[0m
[16] Opportunist raises Attack only once when partner has Intimidate against Contrary foe in a double battle: [32mPASS[0m
[13] Baton Pass passes confusion status: [33mTO_DO[0m
[12] Teleport forces the Pokémon to switch out in Trainer Battles (Gen 8+): [32mPASS[0m
[07] Confusion damage Breaks Ice Face: [32mPASS[0m
[14] Solar Beam does half damage if Sandstorm is up (Gen3+): [32mPASS[0m
[26] Spicy Extract is prevented by target's ability if it's Attack stat is maxed out: [32mPASS[0m
[04] Wish restores 50% of the user's HP when not switching: [32mPASS[0m
[21] Psychic Terrain doesn't block priority moves that target all battlers: [32mPASS[0m
[12] Tera Starstorm changes from Normal-type to Stellar-type if used by Terapagos-Stellar: [32mPASS[0m
[20] Make It Rain lowers special attack by one stage if second target Protects: [32mPASS[0m
[13] Beak Blast doesn't burn fire types: [32mPASS[0m
[28] Rage Fist base power is increased by 50 even if a damaging move does no damage - False Swipe: [32mPASS[0m
[14] Steel Roller removes Terrain even if user faints during attack execution: [32mPASS[0m
[16] Pickup doesn't grant an item not used that turn: [32mPASS[0m
[22] Solar Blade's power is halved in Snow: [32mPASS[0m
[13] Beat Up doesn't consider Comatose as a status: [32mPASS[0m
[28] Rapid Spin activates after Toxic Debris: [32mPASS[0m
[12] Tidy Up removes hazards and raises Stats: [32mPASS[0m
[04] ignoresTargetAbility allows Pokémon with Battle Armor and Shell Armor to receive critical hits: [32mPASS[0m
[07] Rain multiplies the power of Fire-type moves by 0.5x: [32mPASS[0m
[20] Mind Blown's recoil only happens once, regardless of number of affected targets: [32mPASS[0m
[22] Upper Hand fails if the target moves first: [32mPASS[0m
[14] Stockpile: When stats are moved, only the one's gained by stockpile will be removed: [32mPASS[0m
[16] Pixilate turns a Normal-type move into a Fairy-type move: [32mPASS[0m
[20] Relic Song is prevented by Soundproof: [32mPASS[0m
[26] Sticky Web setter has their speed lowered with Mirror Armor even after Ally Switch (Gen8): [32mPASS[0m
[28] Reflect Damage: Metal Burst hits the last opponent that hit the user: [32mPASS[0m
[28] Reflect Damage: Counter can only counter Normal and Fighting-type moves (Gen 1): [33mTO_DO[0m
[04] Starting Sticky Web lowers Speed on entry: [32mPASS[0m
[13] Belly Drum maximizes the user's Attack stat, even when below 0: [32mPASS[0m
[12] Toxic Spikes are not removed by Poison-type Pokémon affected by Magnet Rise on switch in: [32mPASS[0m
[16] Poison Touch is blocked by Covert Cloak: [32mPASS[0m
[16] Prankster increases the priority of status Z-Moves by 1: [33mTO_DO[0m
[21] Psych Up ignores Spiky Shield and Baneful Bunker but fails against Crafty Shield: [32mPASS[0m
[14] Stomping Tantrum will deal double damage if user flinched on the previous turn: [32mPASS[0m
[04] Freeze is thawed by opponent's attack that can thaw the user (Gen 6+): [32mPASS[0m
[12] Trick removes the user's choice lock if both the target and use are holding choice items from Gen 5 onwards: [32mPASS[0m
[10] Casteliacone heals a battler from any primary status: [32mPASS[0m
[04] Thunder Wave prints already paralyzed message with the right target: [32mPASS[0m
[30] Effect Spore will check if it can inflict status onto attacker, not itself: [32mPASS[0m
[13] Body Press uses physical defense stat of target: [32mPASS[0m
[26] Spit Up and Swallow don't work if used without Stockpile: [32mPASS[0m
[20] Triple Arrows may lower Defense by one stage: [32mPASS[0m
[16] Pressure's effect applies to Imprison and Snatch: [32mPASS[0m
[12] Trick succeeds if only the user has an item: [32mPASS[0m
[23] Strong winds remove Flying-type weaknesses of all battlers - Inverse Battle: [32mPASS[0m
[14] Strength Sap restores more HP if Big Root is held: [32mPASS[0m
[21] Pursuit only attacks a switching foe if foe is alive: [32mPASS[0m
[13] Charge's effect is removed regardless if the next move is Electric or not (Gen 3-8): [32mPASS[0m
[24] AI values moves above Splash, 401-500: [32mPASS[0m
[16] Protosynthesis activates even if the Pokémon is holding an Utility Umbrella: [32mPASS[0m
[12] Electro Shot doesn't need to charge with Power Herb: [32mPASS[0m
[20] Eerie Spell reduces the PP of the target's last move by 3: [32mPASS[0m
[10] Max Mushrooms battler's Sp. Defense stat: [32mPASS[0m
[14] Swagger raises the target's Attack even when protected Own Tempo: [32mPASS[0m
[30] Gulp Missile: triggers even if the user is fainted by opposing mon: [32mPASS[0m
[13] Chloroblast causes the user & the target to faint when below 1/2 of its Max HP: [32mPASS[0m
[22] Weather Ball doesn't double its power and stays a Normal-type move in strong winds: [32mPASS[0m
[21] Rage volatile behavior on miss depends on generation: [32mPASS[0m
[10] Poke Flute does not heal battlers with Soundproof from being asleep: [32mPASS[0m
[14] Synthesis recovers 1/2 of the user's max HP (Gen3+): [32mPASS[0m
[13] Teeter Dance confusion is blocked by Own Tempo: [32mPASS[0m
[13] Conversion fails if all the user's moves share types with the user (Gen 2-5): [33mTO_DO[0m
[30] Harvest doesn't restore a Berry when destroyed by Incinerate: [32mPASS[0m
[04] Sleep prevents the battler from using a move: [32mPASS[0m
[12] Razor Wind successfully KOs both opponents: [32mPASS[0m
[16] Quark Drive doesn't activate for a transformed battler: [32mPASS[0m
[10] Items can restore a partner battler's HP (playerRight to playerLeft): [32mPASS[0m
[13] Core Enforcer immediately ends Neutralizing Gas and reactivates suppressed abilities: [32mPASS[0m
[26] Struggle recoil is subject to standard rounding (Gen 5+): [32mPASS[0m
[20] Headbutt flinches the target if attacker is faster: [32mPASS[0m
[10] Ether restores the PP of one of a battler's moves by 10 : [32mPASS[0m
[22] MinimizeDoubleDamage flag makes moves cause double damage to Minimized targets: [32mPASS[0m
[30] Illusion breaks if the target faints: [32mPASS[0m
[21] Rage Fist base power is increased if Disguise breaks (Gen8+): [32mPASS[0m
[12] Sky Plate doesn't boost Flying Press' power: [32mPASS[0m
[09] (Z-MOVE) 10,000,000 Volt Thunderbolt has an increased critical hit ratio: [32mPASS[0m
[26] Teatime causes the user to consume its Berry, ignoring HP requirements: [32mPASS[0m
[13] Curse applies to the user if used with Protean/Libero: [32mPASS[0m
[04] Sunlight multiplies the power of Fire-type moves by 1.5x: [32mPASS[0m
[10] Revival Herb restores a fainted battler's HP fully: [32mPASS[0m
[24] Absorb fails if Heal Block applies: [32mPASS[0m
[22] Bad poison deals 1/16th cumulative damage per turn: [32mPASS[0m
[30] Innards Out does not trigger after Gastro Acid has been used: [32mPASS[0m
[21] Reflect reduces physical damage: [32mPASS[0m
[26] Stellar-type Tera Blast has 100 BP and a one-time 1.2x boost: [32mPASS[0m
[26] TODO: Write Trick-or-Treat/Forest's Curse (Move Effect) test titles: [33mTO_DO[0m
[24] Acupressure works on the ally if its side is protected by Crafty Shield: [32mPASS[0m
[22] Freeze is thawed by opponent's Fire-type attacks (Gen 3+): [32mPASS[0m
[12] Thunder's accuracy is lowered to 50% in Sunlight: [32mPASS[0m
[16] Rattled boosts speed by 1 when hit by Bug, Dark or Ghost type move: [32mPASS[0m
[09] Mirror Herb copies the stats boosted by Speed Boost: [32mPASS[0m
[09] TODO: Write Everstone (Hold Effect) test titles: [33mTO_DO[0m
[06] Protect: Quick Guard can not fail on consecutive turns (Gen6+): [32mPASS[0m
[24] After You does nothing if the target has already moved: [32mPASS[0m
[30] Intimidate activates when it's no longer affected by Neutralizing Gas - fainted: [32mPASS[0m
[21] Reflect Type fails if the user is Terastallized: [32mPASS[0m
[30] TODO: Write Iron Barbs (Ability) test titles: [33mTO_DO[0m
[20] Order Up is always boosted by Sheer Force: [32mPASS[0m
[26] Torment prevents consecutive move uses: [32mPASS[0m
[26] TODO: Write Toxic Thread (Move Effect) test titles: [33mTO_DO[0m
[12] Surging Strikes hits 3 times with each hit being a critical hit: [32mPASS[0m
[14] Teatime causes all Pokémon to consume their berry: [32mPASS[0m
[21] Rest fails if the user is at full HP: [32mPASS[0m
[20] Smack Down does not ground target if target is immune: [32mPASS[0m
[13] Defog removes Mist and Safeguard from target's side: [32mPASS[0m
[13] Destiny Bond's effect disappears if the user takes a new turn - Sleep: [33mTO_DO[0m
[13] Disabled moves can still be used via Sleep Talk: [33mTO_DO[0m
[30] Leaf Guard prevents status conditions from Flame Orb and Toxic Orb: [32mPASS[0m
[24] Ally switch swaps sky drop targets if being used by partner: [32mPASS[0m
[21] Revelation Dance changes its type depending on the user's 3rd Type if it has no 1st or 2nd type: [32mPASS[0m
[21] TODO: Write Rising Voltage (Move Effect) test titles: [33mTO_DO[0m
[26] Trick fails if an item changes the holder's form: [32mPASS[0m
[30] Liquid Ooze HP loss from Absorb is blocked by Magic Guard: [32mPASS[0m
[28] Reflect Type does not affect any of Arceus' forms: [32mPASS[0m
[22] Paralysis reduces Speed by 50% (Gen 7+) or 75% (Gen 1-6): [32mPASS[0m
[20] Thrash confuses the user after it finishes even if move failed: [32mPASS[0m
[24] Aqua Ring's effect is passed by Baton Pass: [32mPASS[0m
[09] Starf Berry randomly raises the holder's Attack, Defense, Sp. Atk, Sp. Def, or Speed by two stages: [32mPASS[0m
[30] Magic Bounce bounces back status moves before Magic Coat: [32mPASS[0m
[21] Rollout's power doubles after each hit and resest after the 5th hit: [32mPASS[0m
[24] Assist fails if there are no valid moves to choose from: [32mPASS[0m
[24] Assist can call moves with no PP left: [33mTO_DO[0m
[12] SetStartingStatus can start Spikes on the opposing side: [32mPASS[0m
[29] Skill Swap fails if user or target has an ability that can't be swapped: [32mPASS[0m
[26] Solar Blade's power is halved in a Sandstorm: [32mPASS[0m
[30] Magician activates after the last hit of a multi-hit move: [32mPASS[0m
[09] Restore HP Item effects do not miss timing (Held Items): [32mPASS[0m
[21] Roost does not undo other type-changing effects at the end of the turn: [32mPASS[0m
[12] Confusion damage activates Focus Sash: [32mPASS[0m
[28] Freeze Frost restores stat changes when it was succesful: [32mPASS[0m
[26] Upper Hand succeeds if the target is using a priority attacking move and causes it to flinch: [32mPASS[0m
[21] Rototiller fails if there are no valid targets: [32mPASS[0m
[24] Meditate raises Attack by 1 stage: [32mPASS[0m
[24] Autotomize's weight reduction is reset upon switch: [33mTO_DO[0m
[24] Baton Pass passes Power Trick's effect: [33mTO_DO[0m
[20] Semi-invulnerable moves apply a status that won't block certain moves: [32mPASS[0m
[28] Body Slam should paralyze Normal-types: [32mPASS[0m
[24] Baton Pass doesn't pass non-volatile status conditions: [33mTO_DO[0m
[28] TODO: Write Struggle (Secondary Move Effect) test titles: [33mTO_DO[0m
[09] Room Serive decreases the holder's seep by one stage: [32mPASS[0m
[12] Sandstorm deals damage based on turn order: [32mPASS[0m
[21] Barb Barrage inflicts poison: [32mPASS[0m
[20] Sky Drop does no damage to Flying type Pokémon: [32mPASS[0m
[28] Salt Cure is removed when the afflicted Pokémon is switched out: [32mPASS[0m
[29] Explosion causes the user to faint: [32mPASS[0m
[09] Shed Shell allows switching out even when trapped by Mean Look: [32mPASS[0m
[30] Mega Sol ignores Cloud Nine: [32mPASS[0m
[28] Spectral Thief can't steal opponent's boost if target is immune: [32mPASS[0m
[24] Beat Up ignores Choice Band: [32mPASS[0m
[21] Make It Rain lowers special attack by one stage if it hits both targets: [32mPASS[0m
[12] Anticipation still triggers with Strong Winds active - Inverse Battle: [32mPASS[0m
[26] Weather Ball doubles its power and turns to a Fire-type move in Sunlight: [32mPASS[0m
[09] Shell Bell activates if it hits a Substitute: [32mPASS[0m
[29] Recoil: The correct amount of recoil damage is dealt after targets recovery berry proc: [32mPASS[0m
[20] Smack Down does not bring down pokemon that are involved in a Sky Drop: [32mPASS[0m
[09] Salac Berry raises Speed by one stage when HP drops to 1/4 or below if holder has Ripen: [32mPASS[0m
[30] Mirror Armor doesn't lower the stats of an attacking Pokemon behind Substitute: [32mPASS[0m
[24] Belly Drum fails if user's current HP is half or less than half its maximum: [32mPASS[0m
[21] Mind Blown hp loss is prevented by Magic Guard: [32mPASS[0m
[26] Explosion causes the user to faint even if it misses: [32mPASS[0m
[28] Thrash lasts for 2 or 3 turns: [32mPASS[0m
[28] TODO: Write Sketch (Move Effect) test titles: [33mTO_DO[0m
[20] Snatch does not steal a move that was already snatched this turn (Gen 5+): [32mPASS[0m
[29] Starting Toxic Spikes poison the player's switch-in: [32mPASS[0m
[14] Toxic Spikes are removed by grounded Poison-type Pokémon on switch in: [32mPASS[0m
[24] Bide fails if 0 total damage was dealt to the user by a move: [32mPASS[0m
[24] Camouflage changes the type of the user to Fairy if Misty Terrain is active: [33mTO_DO[0m
[20] Eerie Impulse reduces the target's Sp. Attack by 2 stages: [32mPASS[0m
[26] Recoil: Hitting substitutes inflicts recoil: [32mPASS[0m
[21] Relic Song has a 10% chance to put the target to sleep: [32mPASS[0m
[28] Sky Drop fails if the target fainted while it was held on air: [32mPASS[0m
[14] Upper Hand failing will prevent Protean activation: [32mPASS[0m
[20] Spicy Extract will fail if target is in a semi-invulnerability state: [32mPASS[0m
[24] Captivate decreases the target's Sp. Attack if they're opposite gender from the user: [32mPASS[0m
[29] Freeze isn't thawed if opponent is asleep during thawing attack: [32mPASS[0m
[26] Starting Sticky Web lowers Speed on player's entry: [32mPASS[0m
[09] Throat Spray activates on user and bouncer if at least one target if affected by sound move: [32mPASS[0m
[21] Matcha Gatcha can burn both targets: [32mPASS[0m
[24] Chilly Reception switches the user out even if it can't change the weather: [32mPASS[0m
[20] Thief and Covet don't steal target's held item if user is holding an item: [32mPASS[0m
[28] Sleep Talk calls move and that move may be redirected by Storm Drain: [32mPASS[0m
[14] Weather Ball doesn't change type in Sunlight or Rain if user holds Utility Umbrella: [32mPASS[0m
[09] Weakness Policy does not activate if Disguise blocks the damage: [32mPASS[0m
[24] Coaching ignores Substitute: [32mPASS[0m
[20] Spit Up's Stockpile's are romoved if move is absorbed: [32mPASS[0m
[26] Burn deals 1/8th damage (Gen2-6) or 1/16th (Gen1 and Gen7+) per turn: [32mPASS[0m
[21] Lava Plume inflicts burn to all adjacent battlers: [32mPASS[0m
[14] Explosion is blocked by Ability Damp: [32mPASS[0m
[28] Amnesia increases the user's Sp. Defense by 2 stages: [32mPASS[0m
[29] Hail fails if Desolate Land or Primordial Sea are active: [32mPASS[0m
[21] Alluring Voice confuse effect is removed if it is Sheer Force boosted: [32mPASS[0m
[20] Stone Axe fails to set up hazards if user faints: [32mPASS[0m
[24] Conversion 2's type change considers dynamic type moves: [32mPASS[0m
[24] Copycat can copy Bide on all turns: [33mTO_DO[0m
[30] Moxie/Chilling Neigh does not trigger if Pokemon faint to indirect damage or damage from other Pokemon: [32mPASS[0m
[28] Toxic Spikes: Only three layers can be set up: [32mPASS[0m
[26] Poison deals 1/8th damage per turn: [32mPASS[0m
[24] Items lost to Corrosive Gas cannot be restored by Recycle: [32mPASS[0m
[14] Thousand Arrows does neutral damage to non-grounded Flying types regardless of other typings: [32mPASS[0m
[21] Dire Claw cannot poison/paralyze poison/electric types respectively: [32mPASS[0m
[30] Normalize doesn't change Tera Blast's type when Terastallized: [32mPASS[0m
[28] Stealth Rock damages the correct Pokémon when Eject Button is triggered in double battle: [32mPASS[0m
[26] Hail damage rounds properly when maxHP < 16: [32mPASS[0m
[24] Decorate raises the target's Attack and Sp. Attack by 2 stages each: [32mPASS[0m
[21] Freezing Glare should freeze Psychic-types: [32mPASS[0m
[28] Sticky Web is placed on the correct side after Memento: [32mPASS[0m
[30] Normalize affects status moves: [32mPASS[0m
[21] Plasma Fists turns normal type dynamax-moves into electric type moves: [32mPASS[0m
[28] Stockpile's count can go up only to 3: [32mPASS[0m
[26] Snow multiplies the defense of Ice-types by 1.5x: [32mPASS[0m
[24] Defog removes Toxic Spikes from target's side: [32mPASS[0m
[09] Lumiose Galette heals a battler from any primary status: [32mPASS[0m
[24] Destiny Bond's effect bypasses Magic Guard: [33mTO_DO[0m
[21] Order Up is boosted by Sheer Force without removing the stat boosting effect: [32mPASS[0m
[30] Overcoat blocks damage from hail: [32mPASS[0m
[14] Terrain started after the one which started the battle lasts only 5 turns: [32mPASS[0m
[21] Recharge moves don't timeout when all battlers are recharging: [32mPASS[0m
[28] Stone Axe can set up pointed stones only once: [32mPASS[0m
[24] Destiny Bond doesn't fail if used sequentially (Gen2-6): [32mPASS[0m
[24] Disable prevents the target from using a random move (Gen 1): [33mTO_DO[0m
[14] Thunder Wave prints an avoided attack message when it misses: [32mPASS[0m
[30] Parental Bond only triggers Dragon Tail's target switch out on the second hit: [32mPASS[0m
[21] Salt Cure residual damage does not inflict any damage against Magic Guard: [32mPASS[0m
[28] Struggle can hit ghost types: [32mPASS[0m
[09] Max Mushrooms raises battler's Speed stat: [32mPASS[0m
[30] Pickpocket can steal the attacker's Air Balloon: [32mPASS[0m
[24] Dragon Darts fails to strike the second target if first target fainted and Follow Me was active: [32mPASS[0m
[28] Substitute creates a Substitute at the cost of 1/4 users maximum HP: [32mPASS[0m
[21] Smack Down does not ground mons through Protect: [32mPASS[0m
[28] Synchronoise will fail if there is no corresponding typing on the field: [32mPASS[0m
[30] Pickup triggers based on Speed order: [32mPASS[0m
[24] Dream Eater works if the target is behind a Substitute (Gen 5+): [32mPASS[0m
[09] X Attack sharply raises battler's Attack stat: [32mPASS[0m
[14] Confusion self hit does not consume Gems: [32mPASS[0m
[21] Petal Dance does not lock mons that copy the move with Dancer: [32mPASS[0m
[09] Max Ether restores the PP of one of a battler's moves fully: [32mPASS[0m
[30] Pixilate doesn't affect Terrain Pulse's type: [32mPASS[0m
[24] Echoed Voice's power is increased even if it's blocked by Protect: [32mPASS[0m
[24] Electro Ball considers speed modifiers: [33mTO_DO[0m
[21] Power Herb semi-invulnerable moves do not keep the user untargetable that turn: [32mPASS[0m
[28] Tar Shot doubles the effectiveness of Fire-type moves used on the target: [32mPASS[0m
[21] Shell Side Arm can be countered if it is physical: [32mPASS[0m
[09] Max Honey restores a fainted battler's HP fully: [32mPASS[0m
[16] Multi-target moves hit correct battlers after Seed Sower is triggered: [32mPASS[0m
[24] Embargo doesn't block a held item's form-changing effect, but it does block its other effects: [32mPASS[0m
[21] Shell Trap does not activate if battler faints before being able to activate it: [32mPASS[0m
[30] Poison Point inflicts poison on contact: [32mPASS[0m
[24] Endure takes precedence over Sturdy (Gen 5+): [32mPASS[0m
[28] Tera Blast becomes a physical move if the user is Terastallized and has a higher Attack stat: [32mPASS[0m
[24] Facade doubles in power when the user is Paralyzed and Poisoned: [33mTO_DO[0m
[16] If a Substitute is hit, Toxic Debris does not set Toxic Spikes: [32mPASS[0m
[16] TODO: Write Triage (Ability) test titles: [33mTO_DO[0m
[24] Fell Stinger doesn't raise user's Attack if it doesn't faint target: [32mPASS[0m
[30] Prankster-affected moves that target all Pokémon are successful regardless of the presence of Dark-type Pokémon: [32mPASS[0m
[21] Sky Drop: If target was locked into a move that would confuse, the target will be freed and confusion occurs immediately: [32mPASS[0m
[20] Strength Sap lowers Attack by 1 and restores HP based on target's Attack Stat and stat Change: [32mPASS[0m
[16] Unburden doubles speed once user uses item: [32mPASS[0m
[16] TODO: Write Victory Star (Ability) test titles: [33mTO_DO[0m
[16] TODO: Write Wandering Spirit (Ability) test titles: [33mTO_DO[0m
[28] Toxic can't bad poison a poison or steel type: [32mPASS[0m
[16] TODO: Write Well-Baked Body (Ability) test titles: [33mTO_DO[0m
[24] Final Gambit does not faint user if attacker fails to attack: [32mPASS[0m
[24] Super Fang doesn't hit Ghost-type Pokémon (Gen 2+): [33mTO_DO[0m
[24] Flail has 100 power when HP is greater or equal than 10.4% (Gen2-3): [33mTO_DO[0m
[30] Primordial Sea blocks damaging Fire-type moves and prints the message only once with moves hitting multiple targets: [32mPASS[0m
[16] Wind Rider raises Attack by one stage if switched into Tailwind on its side of the field: [32mPASS[0m
[24] Fling doesn't reveal the user's item if it failed to use the move: [32mPASS[0m
[30] Protosynthesis boosts the highest stat: [32mPASS[0m
[28] Trick fails if either battler holds a Mega Stone: [32mPASS[0m
[20] Razor Wind needs a charging turn: [32mPASS[0m
[30] Quark Drive ability pop up activates only once during the duration of electric terrain: [32mPASS[0m
[30] (DYNAMAX) Refrigerate turns Max Strike into Max Hailstorm when not used by Gigantamax Lapras: [33mTO_DO[0m
[24] Fling fails if Pokémon holds no item: [32mPASS[0m
[16] Imposter doesn't apply the heroic transformation message when copying Palafin: [32mPASS[0m
[28] Solar Blade's power is halved in Rain: [32mPASS[0m
[20] AI won't use Upper Hand unless it has seen a priority move: [32mPASS[0m
[24] Focus Punch doesn't use PP when losing focus (Gen 5+): [32mPASS[0m
[24] Baton Pass passes Foresight's effect (Gen 2): [33mTO_DO[0m
[30] Rivalry doesn't modify power if the attacker is genderless: [32mPASS[0m
[20] Blizzard bypasses accuracy checks in Hail and Snow: [32mPASS[0m
[28] Uproar status prevents any battler from falling asleep: [32mPASS[0m
[24] Foresight removes Ghost's type immunity to Normal and Fighting types: [32mPASS[0m
[30] Sheer Force doesn't boost Fishious Rend: [32mPASS[0m
[20] Thunder Wave doesn't affect Electric types (Gen6+): [32mPASS[0m
[24] Fury Cutter's base power resets if the chain has been broken: [32mPASS[0m
[28] Moves with the cantUseTwice flag can alternate between each other: [32mPASS[0m
[21] Hypnosis inflicts 1-3 turns of sleep: [32mPASS[0m
[16] AI does not switch in into invalid Pokemon: [32mPASS[0m
[30] Sheer Force doesn't boost Gyro Ball: [32mPASS[0m
[30] TODO: Write Simple (Ability) test titles: [33mTO_DO[0m
[28] Explosion causes the user & the target to faint: [32mPASS[0m
[24] Future Sight doesn't ignore Wonder Guard (Gen 5+): [32mPASS[0m
[28] Recoil: No recoil is taken if the move is blocked by Disguise: [32mPASS[0m
[24] Glaive Rush status last until the the user's next turn: [32mPASS[0m
[21] Strength Sap works exactly the same when attacker is behind substitute: [32mPASS[0m
[24] Gravity causes all battlers to become grounded: [33mTO_DO[0m
[21] Swagger raises the target's Attack even if they're already confused: [33mTO_DO[0m
[28] Starting Toxic Spikes badly poison the player's switch-in: [32mPASS[0m
[16] AI's Explosion scoring handles multiple move effects and the Explosion defense config: [32mPASS[0m
[24] Grudge does not deplete PP of a Z-Move: [32mPASS[0m
[20] Sandstorm multiplies the special defense of Rock-types by 1.5x (Gen4+): [32mPASS[0m
[30] Snow Cloak increases evasion during hail: [32mPASS[0m
[28] Freeze isn't thawed if opponent is asleep during thawing attack when using Scald: [32mPASS[0m
[16] AI will choose either Rock Tomb or Bulldoze if Stat drop effect will activate and they kill with the same number of hits: [32mPASS[0m
[13] Dragon Cheer increases critical hit ratio by 2 on Dragon types: [32mPASS[0m
[21] Tailwind applies for 3 turns (Gen4) or 4 turns (Gen5+): [32mPASS[0m
[30] Stalwart ignores redirection from Follow-Me: [32mPASS[0m
[24] Aromatherapy cures inactive Soundproof Pokemon regardless of config: [32mPASS[0m
[28] Hail deals damage based on turn order: [32mPASS[0m
[21] Teleport fails to switch out when there is no Pokémon to switch in (Gen 8+): [32mPASS[0m
[02] Effect Spore causes poison 3.3% (Gen3), 10% (Gen4) and 9% (Gen5+) of the time: [32mPASS[0m
[21] Terrain Boost: Rising Voltage doubles in power if target is grounded: [32mPASS[0m
[16] AI prefers moves which deal more damage instead of moves which are super-effective but deal less damage: [32mPASS[0m
[13] TODO: Write Poison (Move Effect) test titles: [33mTO_DO[0m
[02] Gulp Missile: Power Herb does not prevent Cramaront from transforming: [32mPASS[0m
[13] Accuracy for Population Bomb is checked independently for each hit: [32mPASS[0m
[21] Torment works even if the target's last move failed: [32mPASS[0m
[02] Harvest restores a Berry even after being switched out and back in: [32mPASS[0m
[30] Static triggers 1/3 times (Gen3) or 30% (Gen4+) of the time: [32mPASS[0m
[13] Powder fails if target is already affected by Powder: [32mPASS[0m
[13] TODO: Write Power Swap (Move Effect) test titles: [33mTO_DO[0m
[28] Strong winds don't reduce Synthesis, Morning Sun or Moonlight recovery: [32mPASS[0m
[16] AI will not further increase Attack / Sp. Atk stat if it knows it faints to target: AI slower: [32mPASS[0m
[21] Toxic Spikes inflicts poison on subsequent switch ins: [32mPASS[0m
[13] Protect: Protective Pads protects from secondary effects: [32mPASS[0m
[21] Trick can be used against targets with an active form change that doesn't require items: [32mPASS[0m
[21] TODO: Write Trick Room (Move Effect) test titles: [33mTO_DO[0m
[16] AI prioritizes Pursuit if it would KO opponent: [32mPASS[0m
[30] Synchronize will trigger on both targets: [32mPASS[0m
[21] Electro Shot needs a charging Turn: [32mPASS[0m
[21] Flying Press under Normalize does both Normal and Flying-type for type effectiveness: [33mTO_DO[0m
[30] Tangling Hair does not cause Rocky Helmet miss activation: [32mPASS[0m
[21] Upper Hand is boosted by Sheer Force: [32mPASS[0m
[16] AI sees increased base power of Body Press after Defense is boosted: [32mPASS[0m
[30] Tera Shell makes all hits of multi-hit moves against Terapagos not very effective: [32mPASS[0m
[30] Toxic Chain does not trigger if attack is blocked by Substitute: [32mPASS[0m
[02] Hydration cures non-volatile Status conditions if it is raining: [32mPASS[0m
[30] Trace copies opponent's Intimidate and triggers it immediately: [32mPASS[0m
[30] Unburden speed boost is removed after regaining an item with Symbiosis: [32mPASS[0m
[02] Autotomize applies before Light Metal and Heavy Metal when determining Heat Crash power: [32mPASS[0m
[16] Choiced Pokémon won't switch out if they can still affect one opposing Pokémon in doubles (reversed): [32mPASS[0m
[02] Magician does not activate with Fling: [32mPASS[0m
[21] Weather Ball doesn't double its power in Sunlight or Rain if Cloud Nine/Air Lock is on the field: [32mPASS[0m
[30] Unnerve prevents opposing Pokémon from eating their own berries: [32mPASS[0m
[21] Freeze is thawed by opponent's Fire-type attacks even if Sheer Force affected (Gen 3+): [32mPASS[0m
[30] Water Compaction does not affect damage taken from Water type moves: [32mPASS[0m
[02] Synthesis, Morning Sun and Moonlight recover 2/3 of the user's max HP if user has Mega Sol: [32mPASS[0m
[21] Paralysis has a 25% chance of skipping the turn: [32mPASS[0m
[21] Strong winds prevent Weakness Policy from activating on Flying-type weaknesses: [32mPASS[0m
[01] Effect Spore causes paralysis 3.3% (Gen3) and 10% (Gen4+) of the time: [32mPASS[0m
[16] Battler 3 has Battler 1 AI flags set correctly (doubles): [32mPASS[0m
[01] Gulp Missile: Transformed Cramorant deal 1/4 of damage opposing mon if hit by a damaging move, Gulping also lowers defense: [32mPASS[0m
[01] Harvest restores a Berry consumed by Fling: [32mPASS[0m
[30] Wonder Guard activates when targeted by moves not super effective against it: [32mPASS[0m
[17] AI values moves above Splash, 601-700: [32mPASS[0m
[01] Hydration doesn't cure status conditions if Cloud Nine/Air Lock is on the field: [32mPASS[0m
[30] AI uses Wide Guard against Earthquake when opponent would take poison damage: [32mPASS[0m
[02] Mummy doesn't replace abilities that can't be suppressed: [32mPASS[0m
[16] AI skips Trick/Bestow when items are missing or target already holds one: [32mPASS[0m
[30] AI sees increased base power of Flail: [32mPASS[0m
[01] Ice Face is not restored if Eiscue changes into Noice Face form while there's already hail or snow: [32mPASS[0m
[30] Choiced Pokémon only consider their own status moves when determining if they should switch: [32mPASS[0m
[02] Protean/Libero does not change the user's type when using Struggle: [32mPASS[0m
[17] Acupressure will target self if both side allies fainted: [32mPASS[0m
[16] AI_FLAG_PREDICT_SWITCH: AI would switch out in Pursuit scenario: [32mPASS[0m
[01] Innards Out includes mid-move Sitrus Berry recovery in accumulated multihit total: [32mPASS[0m
[02] Quark Drive boosts the highest stat: [32mPASS[0m
[30] AI prefers to Fake Out the opponent vulnerable to flinching.: [32mPASS[0m
[17] After You doesn't fail if the turn order remains the same after After You (Gen8+): [32mPASS[0m
[02] Refrigerate doesn't affect Terrain Pulse's type: [32mPASS[0m
[02] TODO: Write RKS System (Ability) test titles: [33mTO_DO[0m
[30] AI uses Helping Hand if the ally does notably more damage: [33mKNOWN_FAILING[0m
test/battle/ai/ai_doubles.c:1168: Unmatched EXPECT_MOVE Helping Hand, got Mud-Slap
[01] Intimidate activates when it's no longer effected by Neutralizing Gas - switching out: [32mPASS[0m
[17] Ally switch updates last used moves for Mimic: [32mPASS[0m
[30] AI prioritizes Skill Swapping Contrary to allied mons that would benefit from it: [32mPASS[0m
[02] Sand Spit sets up sandstorm for 5 turns when hit: [32mPASS[0m
[01] Rough Skin and Iron Barbs cause the attacker to take damage when using a contact move: [32mPASS[0m
[17] Ally Switch changes the position of battlers: [32mPASS[0m
[01] Light Metal doesn't affect Heavy Ball's multiplier: [32mPASS[0m
[16] AI_FLAG_SEQUENCE_SWITCHING: Roar and Dragon Tail still force switch to random party member: [32mPASS[0m
[02] Schooling switches Level 20+ Wishiwashi's form when HP is 25-percent or less at the end of the turn: [32mPASS[0m
[17] Aromatic Mist raises Sp. Defense of a target ally by 1 stage: [32mPASS[0m
[17] Assist can call moves that are blocked to its partners: [33mTO_DO[0m
[30] AI treats an ally's redirection ability appropriately (gen 4): [32mPASS[0m
[16] AI_FLAG_SMART_SWITCHING: AI will consider player's endure effects when evaluating Bad Odds 1v1: [32mPASS[0m
[02] Sheer Force doesn't boost Aura Wheel: [32mPASS[0m
[17] Growl lowers Attack by 1 stage: [32mPASS[0m
[01] Magic Bounce bounces back moves hitting foes field: [32mPASS[0m
[17] Autotomize doesn't affect Heavy Ball's multiplier: [33mTO_DO[0m
[17] Baton Pass passes Sappy Seed's effect: [33mTO_DO[0m
[17] Baton Pass doesn't pass ability changes: [33mTO_DO[0m
[30] AI does not penalize Protect if its ally switches instead of triggering Weakness Policy: [32mPASS[0m
[02] Sheer Force doesn't boost Water Spout: [32mPASS[0m
[01] Mega Sol ignores Sandstorm's solarbeam power reduction, and its rock defense boost: [32mPASS[0m
[16] AI_FLAG_SMART_SWITCHING: AI will switch out if Encore'd into neutral move with good switchin 50% of the time (Gen 5+): [32mPASS[0m
[17] Beak Blast burns only when contact moves are used: [32mPASS[0m
[30] AI does not use Spicy Extract if its ally would not benefit: [32mPASS[0m
[16] AI_FLAG_SMART_SWITCHING: AI will switch out if it has been infatuated: [32mPASS[0m
[17] Bestow transfers its held item to the target: [32mPASS[0m
[01] Mirror Armor does not reflect Sticky Web stat drops (Gen9+) / reflects onto Sticky Web setter (Gen 8): [32mPASS[0m
[01] TODO: Write Multitype (Ability) test titles: [33mTO_DO[0m
[16] AI_FLAG_SMART_MON_CHOICES: Mid-battle switches prioritize offensive options after Eject Pack: [32mPASS[0m
[17] Bolt Beak's base power is doubled if it attacks before the target: [32mPASS[0m
[02] Slow Start lasts five turns and resets after switching out: [32mPASS[0m
[16] AI_FLAG_SMART_MON_CHOICES: Move data does not spill over between switch-in candidates: [32mPASS[0m
[01] Neutralizing Gas is active until the last Dragon Darts hit even if Neutralizing Gas is no longer on the field: [32mPASS[0m
[17] Charge's effect is removed if the user fails using an Electric move (Gen 9+): [32mPASS[0m
[02] Solar Power increases a Sp. Attack by x1.5 in Sun: [32mPASS[0m
[17] Chloroblast causes the user to faint when below 1/2 of its Max HP: [32mPASS[0m
[01] Neutralizing Gas ignores multipliers from target's ally's ability: [32mPASS[0m
[02] Stamina activates for every hit of a multi hit move: [32mPASS[0m
[17] Conversion 2 fails if last hit by a Stellar-type move (Gen 1-4): [32mPASS[0m
[17] Conversion changes the user's types randomly to one of the user's move (Gen 2-5): [33mTO_DO[0m
[02] Steadfast doesn't activate if the user wasn't flinched: [32mPASS[0m
[17] Core Enforcer suppresses the ability of targets that have already acted that are behind Substitutes: [32mPASS[0m
[01] Oblivious cured infatuation should not persist toxic counter after switching: [32mPASS[0m
[17] Curse lowers Speed, raises Attack, and raises Defense when used by non-Ghost-types: [32mPASS[0m
[02] Stench does not stack with King's Rock: [32mPASS[0m
[01] Opportunist and Mirror Herb stack stat increases: [32mPASS[0m
[16] AI partner will not switch into a player Pokémon (2v1): [32mPASS[0m
[01] Overgrow boosts Grass-type moves in a pinch: [32mPASS[0m
[02] Sword of Ruin's Defense reduction is ignored by Gastro Acid: [32mPASS[0m
[01] Pickpocket does not prevent King's Rock or Razor Fang flinches: [32mPASS[0m
[02] Synchronize does not inflict status on a target with status immunity ability: [32mPASS[0m
[02] TODO: Write Telepathy (Ability) test titles: [33mTO_DO[0m
[01] Pickup restores an item that has been Flinged: [32mPASS[0m
[02] Tera Shift can't be suppressed by Neutralizing Gas: [32mPASS[0m
[01] Pixilate changes Tera Blast's type when not Terastallized: [32mPASS[0m
[02] Toxic Chain can inflict bad poison on both foes: [32mPASS[0m
[01] Poison Puppeteer confuses target (not user) after Flame Body also triggers: [32mPASS[0m
[16] 12v12: AI can use all 6 party slots in a 12v12 (battler 2): [32mPASS[0m
[16] AI uses Dynamax -- Max Moves are scored based on max move effects, not base effects: [33mKNOWN_FAILING[0m
test/battle/ai/gimmick_dynamax.c:24: Unmatched EXPECT_MOVE Explosion, got Scratch
[16] TODO: AI uses Z-Moves -- Z-Haze: [33mTO_DO[0m
[30] AI steals Utility Umbrella to handle sun and Dry Skin but keeps its own weather perks: [32mPASS[0m
[01] Power Construct switches Zygarde's form when HP is below half: [32mPASS[0m
[01] TODO: Write Propeller Tail (Ability) test titles: [33mTO_DO[0m
[01] TODO: Write Punk Rock (Ability) test titles: [33mTO_DO[0m
[02] Trace will copy an opponent's ability after obtaining it via Skill Swap even if it Traced a different ability before: [32mPASS[0m
[24] Hidden Power's type is determined by IVs: [32mPASS[0m
[17] Defog removes everything it can: [32mPASS[0m
[17] Destiny Bond always fails if it was successfully used the previous turn (Gen 7+): [33mTO_DO[0m
[02] Unburden doesn't activate when item is removed in Embargo: [32mPASS[0m
[02] TODO: Write Unseen Fist (Ability) test titles: [33mTO_DO[0m
[02] TODO: Write Vital Spirit (Ability) test titles: [33mTO_DO[0m
[17] (DYNAMAX) Dynamaxed Pokemon are not affected by Destiny Bond: [32mPASS[0m
[17] Disable fails if the last move used was Struggle (Gen 2+): [33mTO_DO[0m
[02] Water Veil lets Rawst and Lum Berries cure Mold Breaker burns first: [32mPASS[0m
[17] Dragon Cheer fails in a single battle: [32mPASS[0m
[02] TODO: Write Wonder Skin (Ability) test titles: [33mTO_DO[0m
[01] Quark Drive boosts either Attack or Special Attack, not both: [32mPASS[0m
[02] Zero to Hero transforms Palafin when it switches out: [32mPASS[0m
[24] If Salt Cure faints the target no status will be applied: [32mPASS[0m
[02] AI will not try to withstand hit with absorbing move if it will still be KO'd: [32mPASS[0m
[24] Smack Down does not ground mons behind substitutes: [32mPASS[0m
[24] Thrash confuses the user if it is canceled on turn 3 of 3, Protect: [32mPASS[0m
[02] AI is encouraged to use pivot moves if it outspeeds and should switch: [32mPASS[0m
[01] Schooling switches Level 20+ Wishiwashi's form when HP is over 25-percent before the first turn: [32mPASS[0m
[17] Dragon Darts strikes an opponent twice if electrified and the other one has Volt Absorb: [32mPASS[0m
[17] Encore fails if target has not used any move yet: [32mPASS[0m
[17] Endure doesn't protect against Future Sight (Gen 2-4): [33mTO_DO[0m
[02] AI sees opposing drain ability: [32mPASS[0m
[17] Sweet Scent lowers evasion by 1 stage (Gen 6+): [33mTO_DO[0m
[17] Fairy Lock does not prevent switch out via Dragon Tail: [33mTO_DO[0m
[17] Final Gambit doesn't trigger the user's Sturdy: [33mTO_DO[0m
[01] Sheer Force doesn't boost Present: [32mPASS[0m
[24] Shed Tail creates a Substitute with 1/4 of user maximum health: [32mPASS[0m
[17] Fake Out fails if it's called via Instruct: [32mPASS[0m
[17] Flail has 200 power when HP is less than 3.1% (Gen4+): [33mTO_DO[0m
[17] Flatter raises the target's Sp. Atk even if they're already confused: [33mTO_DO[0m
[02] AI_FLAG_SMART_SWITCHING: AI considers Focus Sash when determining if it should switch out: [32mPASS[0m
[24] Shell Trap does not activate if attacker's Sheer Force applied: [32mPASS[0m
[01] Slow Start halves Body Press damage: [32mPASS[0m
[17] Fling - Item is lost even when there is no target: [32mPASS[0m
[01] Solar Power doesn't increases a Sp. Attack if Cloud Nine/Air Lock is on the field: [32mPASS[0m
[02] AI will choose Thunderbolt then Surf 2/3 times if the opposing mon has Volt Absorb: [32mPASS[0m
[24] Sleep Talk called move target will be random: [32mPASS[0m
[01] Stamina is not activated by users own Substitute: [32mPASS[0m
[02] HasMoveThatChangesKOThreshold - AI should not see self-targeted speed drops as preventing setup moves in 2hko cases: [32mPASS[0m
[01] Steadfast doesn't activate if the user has already moved: [32mPASS[0m
[24] Tail Glow drastically raises Special Attack: [32mPASS[0m
[31] Effect Spore causes sleep 3.3% (Gen3), 10% (Gen4) and 11% (Gen5+) of the time: [32mPASS[0m
[02] AI uses Tailwind to trigger Wind Power (Single): [32mPASS[0m
[01] Stench only triggers if target takes damage: [32mPASS[0m
[01] TODO: Write Suction Cups (Ability) test titles: [33mTO_DO[0m
[31] Gulp Missile: Cramorant in Gorging paralyzes the target if hit by a damaging move: [32mPASS[0m
[24] Thief and Covet steal player's held item if opponent is a trainer: [32mPASS[0m
[02] AI sees increased base power of Spit Up: [32mPASS[0m
[31] Harvest only works once per turn: [32mPASS[0m
[02] AI sees increased base power of Wake Up Slap: [32mPASS[0m
[31] Hunger Switch switches Morpeko's forms at the end of the turn: [32mPASS[0m
[24] Swallow heals HP depending on Stockpile's count: [32mPASS[0m
[24] Substitute's HP cost doesn't trigger effects that trigger on damage taken: [32mPASS[0m
[02] AI_FLAG_DOUBLE_ACE_POKEMON: sends out Ace mons when no other options remain mid-battle: [32mPASS[0m
[31] Illusion can only imitate Normal Form terapagos: [32mPASS[0m
[31] Innards Out does not trigger when Core Enforcer suppresses it after target has acted: [32mPASS[0m
[24] Synchronoise will fail for a typeless user even if a target is typeless: [32mPASS[0m
[02] AI uses Power Split to improve its stats: [32mPASS[0m
[24] Take Heart increases Sp. Atk and Sp. Def by one stage: [32mPASS[0m
[24] Teatime causes the user to consume its Berry, even under the effects of Magic Room: [32mPASS[0m
[02] AI recognizes Volt Absorb received from Trace: [32mPASS[0m
[24] Stellar-type Tera Blast activates a Stellar-type Pokemon's Weakness Policy: [32mPASS[0m
[31] Intimidate activates when it's no longer affected by Neutralizing Gas - opponent caused switches: [32mPASS[0m
[01] Supreme Overlord's boost caps at a 1.5x multipler: [32mPASS[0m
[24] Terrain Boost: Expanding Force's power increases by 50% if the user is affected by Psychic Terrain: [32mPASS[0m
[01] Symbiosis transfers its item after Gem consumption, but before move execution (Gen6): [32mPASS[0m
[31] Liquid Ooze does not cause Dream Eater users to lose HP instead of heal (Gen 3-4): [32mPASS[0m
[01] Synchronize does not trigger when holder inflicts status with its own move: [32mPASS[0m
[01] TODO: Write Technician (Ability) test titles: [33mTO_DO[0m
[24] Toxic Spikes inflicts bad poison on switch in: [32mPASS[0m
[31] Magic Bounce can't reflect back Stealth Rock from a semi-invulnerable posistion even with No Guard: [32mPASS[0m
[24] Trick fails against Sticky Hold: [32mPASS[0m
[01] Tera Shift activates before Neutralizing Gas regardless of Speed: [32mPASS[0m
[31] Magician does not activate with Future Sight or Doom Desire: [32mPASS[0m
[24] Trick Room reverses move order for 5 turns including the turn it is used: [32mPASS[0m
[01] Trace doesn't try to reactivate if activation was prevented by Ability Shield: [32mPASS[0m
[01] Unburden speed boost is removed after regaining an item with Recycle: [32mPASS[0m
[24] Solar Blade's power is halved in Hail: [32mPASS[0m
[31] Mega Sol doesn't trigger the foe's Leaf Guard: [32mPASS[0m
[24] Upper Hand fails if the target is not using a priority move: [32mPASS[0m
[01] Unseen Fist ignores Protect when user has Protective Pads, but not with Punching Glove: [32mPASS[0m
[31] Mirror Armor lowers the Attack of Pokemon with Intimidate: [32mPASS[0m
[01] Water Compaction raises Defense 2 stages when hit by a water type move: [32mPASS[0m
[24] Weather Ball doubles its power and turns to a Rock-type move in a Sandstorm: [32mPASS[0m
[01] Wind Power sets up Charge for only one attack when hit by a wind move: [32mPASS[0m
[24] Explosion causes everyone to faint in a double battle: [32mPASS[0m
[24] Sheer Cold does affect Ice-type Pokémon (Gen3-6): [32mPASS[0m
[01] Zero to Hero can't be suppressed by Neutralizing Gas: [32mPASS[0m
[24] Starting Stealth Rock damages the player's switch-in: [32mPASS[0m
[17] Focus Energy increases the user's critical hit ratio by 1 stage (Gen 1-2) or 2 stages (Gen 3+): [32mPASS[0m
[24] Will-O-Wisp burns target: [32mPASS[0m
[01] AI can use Acupressure on its ally: [32mPASS[0m
[01] AI is encouraged to use pivot moves if it is outsped, survives a hit, and should switch: [32mPASS[0m
[02] AI sees corresponding absorbing abilities on partners: [32mPASS[0m
[31] Moxie/Chilling Neigh raises Attack by one stage after directly causing a Pokemon to faint: [32mPASS[0m
[31] Normalize doesn't affect Hidden Power's type: [32mPASS[0m
[17] Quash is not affected by dynamic speed: [32mPASS[0m
[01] AI will not set up Weather if it wont have any affect: [32mPASS[0m
[02] AI will not switch thinking all moves are bad when one opponent has fainted (multi): [32mPASS[0m
[31] Normalize turns a move into a Normal-type move: [32mPASS[0m
[17] Rage Fist doesn't get increased power if Substitute is hit: [32mPASS[0m
[01] AI will choose Scratch over Power-up Punch with Contrary: [32mPASS[0m
[24] Frostbite is healed when the user uses a thawing move: [32mPASS[0m
[31] Overcoat blocks damage from sandstorm: [32mPASS[0m
[02] AI opponents do not steal their partner pokemon in multi battle to delay using their ace: [32mPASS[0m
[17] Rapid Spin and Mortal Spin remove Leech Seed: [32mPASS[0m
[01] AI prefers moves with the best possible score, chosen randomly if tied: [32mPASS[0m
[31] Parental Bond Snore strikes twice while asleep: [32mPASS[0m
[01] AI_IsMoveEffectInPlus - AI should not see secondary effect of Sheer Force boosted moves as beneficial: [32mPASS[0m
[31] Pickpocket activates after an Item was knocked off: [32mPASS[0m
[31] Pickup restores an item that was used by Natural Gift: [32mPASS[0m
[17] Reflect Damage: Mirror Coat ignores ally Pokémon's attack from Gen 5 onwards: [32mPASS[0m
[02] AI_FLAG_PP_STALL_PREVENTION: AI will stop using moves that has hit into immunities due to switches sometimes: [32mPASS[0m
[31] Pixilate doesn't change Tera Blast's type when Terastallized: [32mPASS[0m
[01] AI will incentivise multiple best damage moves in cases of damage ties and KOs: [32mPASS[0m
[17] Rest fails if the user is protected by Shields Down: [32mPASS[0m
[01] AI uses Wide Guard against Earthquake when opponent would die of poison: [32mPASS[0m
[31] Poison Puppeteer does not leak confusion to second target: [32mPASS[0m
[09] Z-Moves animations work: [32mPASS[0m
[17] Revelation Dance becomes Normal type if used by a Typeless Pokemon due to Roost: [32mPASS[0m
[31] Power Construct does not switch Zygarde's form if end-turn healing brings it above half HP: [32mPASS[0m
[17] Rollout's base power resets if the chain has been broken: [32mPASS[0m
[31] Primordial Sea blocks damaging Fire-type moves: [32mPASS[0m
[01] AI can choose Counter or Mirror Coat if the predicted move split is correct and user doesn't faint: [32mPASS[0m
[17] Roost's effect is lifted after Grassy Terrain's healing: [32mPASS[0m
[31] Psychic Surge creates Psychic Terrain when entering the battle: [32mPASS[0m
[17] Rototiller doesn't affect Pokémon that are semi-invulnerable: [32mPASS[0m
[02] AI_FLAG_SMART_MON_CHOICES: AI considers both meeting and exceeding KO thresholds correctly: [32mPASS[0m
[09] AI prefers Entrainment'ing good abilities onto partner with bad ability: [32mPASS[0m
[09] Fairy Lock does not prevent switch out via Whirlwind: [33mTO_DO[0m
[09] Final Gambit triggers the target's Focus Band: [33mTO_DO[0m
[17] Axe Kick confuses the target: [32mPASS[0m
[17] Infernal Parade inflicts burn: [32mPASS[0m
[02] AI_FLAG_SMART_SWITCHING: AI will not cycle Intimidate in doubles when both targets are special attackers: [32mPASS[0m
[31] Quark Drive retains its boosted stat after Neutralizing Gas briefly suppresses it: [32mPASS[0m
[31] Refrigerate doesn't affect Max Strike's type: [33mTO_DO[0m
[01] Choiced Pokémon will only see choiced moves when considering switching with ShouldSwitchIfHasBadOdds: [32mPASS[0m
[17] Mind Blown is blocked by Damp: [32mPASS[0m
[09] AI will Fake Out either opponent if one has a slower Fake Out: [32mPASS[0m
[17] Relic Song is blocked by Throat Chop: [32mPASS[0m
[09] Fling - Item is lost when target protects itself: [32mPASS[0m
[02] Switch AI: AI will switch out if badly statused with >= 50% HP remaining and has Natural Cure and a good switchin 66% of the time: [32mPASS[0m
[31] Rivalry decreases power by x0.75 towards Pokémon of different gender: [32mPASS[0m
[02] AI_FLAG_SMART_SWITCHING: AI will trap player using Trace if player has a trapper: [32mPASS[0m
[31] Sheer Force doesn't boost Bolt Beak: [32mPASS[0m
[02] AI will switch out if it has no moves that affect either of the player's battlers: [32mPASS[0m
[01] AI uses Trick Room with both battlers on the turn it expires in line with the double Trick Room config: [32mPASS[0m
[31] Sheer Force doesn't boost Round: [32mPASS[0m
[31] TODO: Write Skill Link (Ability) test titles: [33mTO_DO[0m
[31] Snow Cloak prevents damage from hail: [32mPASS[0m
[01] AI will choose Earthquake if it kills one opposing mon and a partner it believes is about to die: [32mPASS[0m
[31] Solar Power doesn't cause the Pokémon to lose 1/8 max HP if Cloud Nine/Air Lock is on the field: [32mPASS[0m
[02] AI will not revive a partner's party member with Revival Blessing: [32mPASS[0m
[01] AI will not use Protect if its right ally is about to trigger Justified with Beat Up: [32mPASS[0m
[02] AI sees Parental Bond killing through sturdy: [32mPASS[0m
[31] Spicy Spray burns the attacker even if the attacker has Sheer Force: [32mPASS[0m
[31] Static inflicts paralysis on contact: [32mPASS[0m
[31] Sturdy prevents OHKOs (Gen5+): [32mPASS[0m
[17] Triple Arrows has an increased critical hit ratio: [32mPASS[0m
[31] Swift Swim doubles speed if it's raining: [32mPASS[0m
[01] AI will choose Bulldoze if it triggers its ally's ability but will not KO the ally needlessly: [32mPASS[0m
[17] Strength Sap will restore hp if target has Contrary and is at +6 Atk: [33mTO_DO[0m
[31] Symbiosis does not transfer its item after an ally's Eject Pack activates: [32mPASS[0m
[17] Stuff Cheeks forces Struggle if it's the only move is blocked: [32mPASS[0m
[17] Swagger raises the target's Attack even when protected by Safeguard: [33mTO_DO[0m
[01] AI_FLAG_PREDICT_SWITCH | AI_FLAG_PREDICT_INCOMING_MON: AI will score against predicted incoming mon when switch predicted: [32mPASS[0m
[17] Tailwind affects the partner on the same turn it's used (Gen8+): [32mPASS[0m
[31] Synchronize does not trigger from Toxic Orb or Flame Orb: [32mPASS[0m
[17] Teatime causes other Pokemon to consume their Berry even if the user doesn't have a Berry as its held item, when not used by the Player: [32mPASS[0m
[17] Teleport fails in Trainer Battles (Gen 1-7): [32mPASS[0m
[31] Tera Shell makes all moves against Terapagos not very effective when at full HP: [32mPASS[0m
[17] Terrain Boost: Psyblade power increases by 50% regardless if user is grounded or not: [32mPASS[0m
[31] Trace can activate if it couldn't copy opponent's ability even with an Ability Shield: [32mPASS[0m
[31] Unburden speed boost is removed after regaining an item with Thief: [32mPASS[0m
[17] Tidy Up raises Attack and Speed by one: [32mPASS[0m
[02] Protect: AI avoids Protect vs Unseen Fist contact (Single): [32mPASS[0m
[31] Unseen Fist continues bypassing protect effects after being replaced during a multi-strike move: [32mPASS[0m
[01] AI_FLAG_SEQUENCE_SWITCHING: AI will always switch after a KO in exactly party order: [32mPASS[0m
[31] Vital Spirit prevents sleep: [32mPASS[0m
[17] Toxic Spikes do not affect Steel-types: [32mPASS[0m
[02] Ganlon Berry raises Defense by one stage when HP drops to 1/2 or below if holder has Gluttony: [32mPASS[0m
[17] Trick does not remove the user's choice lock if both the target and use are holding choice items before Gen 5: [32mPASS[0m
[01] AI prefers to set up a powerful Status over fainting a target: [32mPASS[0m
[31] Water Compaction raises Defense 2 stages on each hit of a multi-hit Water type move: [32mPASS[0m
[17] Trick swaps held items: [32mPASS[0m
[02] Eject Button is not triggered after High Jump Kick crash damage: [32mPASS[0m
[01] AI_FLAG_SMART_MON_CHOICES: AI sees volate changes on switchin when doing switching calcs: [32mPASS[0m
[17] Electro Shot doesn't need to charge when it's raining: [32mPASS[0m
[17] Razor Wind doesn't need to charge with Power Herb: [32mPASS[0m
[17] Upper Hand fails if the target has attempted to act even if previously successful: [32mPASS[0m
[31] Wind Power activates correctly for every battler with the ability when hit by a 2/3 target move: [32mPASS[0m
[17] Weather Ball does not double its power in Sunlight or Rain if user holds Utility Umbrella: [32mPASS[0m
[09] Focus Energy multiplies crit chance by 4 with gen 1 crit chance: [32mPASS[0m
[17] MinimizeDoubleDamage flag allows moves to skip accuracy checks towards Minimized targets: [33mTO_DO[0m
[31] Bolt Beak damage will be correctly seen by AI (singles): [32mPASS[0m
[01] AI_FLAG_RANDOMIZE_SWITCHIN: AI will consider all mons that meet the specified threshold (damage): [32mPASS[0m
[17] Three strike count turns a move into a 3-hit move: [32mPASS[0m
[02] Eject Pack: Only the fastest Eject Pack will activate after an ability stat drop: [32mPASS[0m
[01] AI_FLAG_SMART_MON_CHOICES: AI sees Echoed Voice damage correctly: [32mPASS[0m
[02] Life Orb activates if damage was inflicted by a dancer move through the dancer ability: [32mPASS[0m
[31] AI will prioritize non-self-sacrificing moves if they have the same hits to KO: [32mPASS[0m
[01] Switch AI: Palafin hard switches when slower even with Flip Turn (Doubles): [32mPASS[0m
[09] Quash-affected targets move from fastest to slowest (Gen 8+) or from first affected battler to last (Gen 7-): [32mPASS[0m
[01] Switch AI: AI won't switch in ace mon after U-Turn if other options available: [32mPASS[0m
[01] Switch AI: AI will switch out if it has <= 66% HP remaining and has Regenerator and a good switchin 50% of the time: [32mPASS[0m
[09] Move Raging Bull changes it's type depending on the Tauros Form: [32mPASS[0m
[15] Move Animations work 2: [32mPASS[0m
[17] SetStartingStatus starts a chosen terrain at the beginning of battle and lasts infinitely long if it's defined as such: [32mPASS[0m
[09] Reflect Damage: Counter will do twice as much damage received from the opponent: [32mPASS[0m
[17] Anticipation still triggers with Strong Winds active: [32mPASS[0m
[01] AI_FLAG_SMART_SWITCHING: AI will switch out if mon would be OKHO'd and they have a good switchin 50% of the time: [32mPASS[0m
[31] AI chooses the safest option to faint the target, taking into account accuracy and move effect: [32mPASS[0m
[09] Rest fails if the user is protected by Electric/Misty Terrain: [32mPASS[0m
[01] AI will not switch out if it's moves can still affect one of the player's battlers: [32mPASS[0m
[09] Revival Blessing revives a chosen fainted party member for the player: [32mPASS[0m
[31] AI chooses moves with secondary effect that have a 100% chance to trigger: [32mPASS[0m
[09] Role Play copies target's ability: [32mPASS[0m
[09] Roost does not suppress the ungrounded effect of Levitate: [32mPASS[0m
[18] AI will not use a status move if partner already chose Helping Hand: [32mPASS[0m
[31] Choiced Pokémon will only see choiced moves when considering switching with FindMonThatAbsorbsMove: [32mPASS[0m
[01] AI partner will not switch mid-turn into a player Pokémon (2v1): [32mPASS[0m
[09] AI uses Rototiller: [32mPASS[0m
[09] Axe Kick still deals crash damage when boosted by Sheer Force: [32mPASS[0m
[02] Lucky Punch increases critical hit ratio by 2 stages for Chansey: [32mPASS[0m
[31] AI uses Helping Hand if it's about to die: [32mPASS[0m
[09] Mind Blown makes the user lose HP even if the opposing mon protected: [32mPASS[0m
[02] Ether won't work if the selected move has all its PP: [33mTO_DO[0m
[09] Mind Blown makes the user lose 1/2 of its Max HP: [32mPASS[0m
[09] Triple Arrows's flinching is prevented by Inner Focus: [32mPASS[0m
[02] Revive does reset abilities: [32mPASS[0m
[02] Poke Balls can't be thrown when there's no space in the Pokemon Storage System: [33mTO_DO[0m
[09] Bug Bite ignores Unnerve: [32mPASS[0m
[02] Absorb recovers 50% of the damage dealt to a Substitute: [32mPASS[0m
[02] Acrobatics doubles in power if the user has no held item: [32mPASS[0m
[13] Protect: Wide Guard can not fail on consecutive turns (Gen6+): [32mPASS[0m
[16] AI values moves above Splash, 701-800: [32mPASS[0m
[18] Weather Ball doesn't change type in Sunlight or Rain if Cloud Nine/Air Lock is on the field: [32mPASS[0m
[31] AI sees random rolls correctly: [32mPASS[0m
[18] Two strike count turns a move into a 2-hit move: [32mPASS[0m
[31] AI uses Spicy Extract if its ally holds Clear Amulet and has a physical move: [32mPASS[0m
[18] Bad poison cumulative damage resets on switch: [32mPASS[0m
[02] Ally Switch does not update Healing Wish/Lunar Dance recovery position: [32mPASS[0m
[02] Assurance doubles in power if the target has been damaged in the same turn - Crash: [33mTO_DO[0m
[18] Freeze is thawed by opponent's Weather Ball when it becomes Fire-type: [32mPASS[0m
[01] Protect: AI avoids Protect vs Unseen Fist contact (Doubles): [32mPASS[0m
[09] Bug Bite eats the target's berry and immediately gains its effect: [32mPASS[0m
[02] Attract bypasses Substitute: [32mPASS[0m
[02] Aurora Veil's damage reduction is ignored by Critical Hits: [33mTO_DO[0m
[02] Autotomize increases Speed by 2 stages: [33mTO_DO[0m
[02] Baton Pass passes Ingrain's effect: [33mTO_DO[0m
[02] Beak Blast fails if it's forced by Encore after choosing a different move: [33mTO_DO[0m
[18] Thunder Wave doesn't print an effectiveness message: [32mPASS[0m
[09] Snatch does not steal moves that cannot be snatched: [32mPASS[0m
[09] Soak/Magic Powder changes the target's type to pure Water/Psychic: [33mTO_DO[0m
[01] Ganlon Berry raises Defense by one stage when HP drops to 1/4 or below if holder has Ripen: [32mPASS[0m
[09] Spicy Extract against Clear Amulet and Contrary raises Defense only: [32mPASS[0m
[02] Beat Up's damage considers Huge Power and Choice Band (Gen5+): [32mPASS[0m
[02] Body Press's damage is NOT influenced by any other Defense besides stat stages: [33mTO_DO[0m
[01] Eject Button activates after Wandering Spirit: [32mPASS[0m
[02] Attract fails when used by a genderless Pokémon: [32mPASS[0m
[02] TODO: Write Celebrate (Move Effect) test titles: [33mTO_DO[0m
[18] Confusion adds a 50/33% chance to hit self with 40 power: [32mPASS[0m
[09] Thief and Covet can't steal target's held item if user faints before: [32mPASS[0m
[09] Sticky Web can only be set up 1 time: [32mPASS[0m
[02] Chloroblast is not affected by Reckless: [32mPASS[0m
[09] Stomping Tantrum will not deal double damage if target protects: [32mPASS[0m
[01] Eject Pack: Only the fastest Eject Pack will activate after a move stat drop: [32mPASS[0m
[02] (TERA) Conversion fails if used by a Terastallized Pokemon: [32mPASS[0m
[02] Copycat fails if the last move used is a Z-Move: [33mTO_DO[0m
[09] Strength Sap will not drain users hp due to Liquid Ooze if user is Magic Guard protected: [32mPASS[0m
[01] Gem boost is only applied once: [32mPASS[0m
[09] Stuff Cheeks raises Defense by 2 stages after consuming the berry and gaining its effect: [32mPASS[0m
[09] Swagger confuses the target even when they have their Attack maxed (Gen3+): [33mTO_DO[0m
[01] Jaboca Berry causes the attacker to lose 1/8 of its max HP if a physical move was used: [32mPASS[0m
[01] TODO: Write Lucky Egg (Hold Effect) test titles: [33mTO_DO[0m
[02] Court Change used by the player swaps Mist, Safeguard, Aurora Veil, Reflect, Light Screen, Tailwind: [32mPASS[0m
[11] Move Animations work 3: [32mPASS[0m
[01] Mental Herb cures Heal Block volatile status (Gen 5+): [32mPASS[0m
[01] TODO: Write Plates (Hold Effect) test titles: [33mTO_DO[0m
[01] TODO: Write Quick Powder (Hold Effect) test titles: [33mTO_DO[0m
[31] AI gifts Utility Umbrella only when it removes the foe's weather benefit: [32mPASS[0m
[09] Synthesis recovers 1/4 of the user's max HP in Rain, Sandstorm, Hail, and Snow (Gen3+): [32mPASS[0m
[01] Red Card is consumed after dragged out replacement has its Speed lowered by Sticky Web: [32mPASS[0m
[02] Defense Curl doubles the power of Rollout even if stat couldn't be changed: [32mPASS[0m
[09] Tidy Up removes Substitute: [32mPASS[0m
[31] Retaliate sees damage correctly for post ko switch in: [32mPASS[0m
[01] Red Card activates after the last hit of a multi-hit move: [32mPASS[0m
[01] Sitrus Berry restores HP before Shields Down form change: [32mPASS[0m
[09] Toxic Spikes inflicts poison on switch in after Primal Reversed mon fainted: [32mPASS[0m
[01] Ring Target removes a holder's type immunity: [32mPASS[0m
[09] Transform fails on semi-invulnerable target in Gen2+: [32mPASS[0m
[01] Safety Goggles block powder and spore moves: [32mPASS[0m
[02] Defog doesn't remove Reflect or Light Screen from the user's side: [32mPASS[0m
[09] Trick succeeds if only the target has an item: [32mPASS[0m
[02] Disable lasts 4 turns (Gen 5+): [33mTO_DO[0m
[01] Shell Bell restores 1/8 HP of damage dealt: [32mPASS[0m
[02] Doodle gives the target's ability to user and ally: [32mPASS[0m
[01] Apicot Berry raises Sp. Def by one stage when HP drops to 1/4 or below if holder has Ripen: [32mPASS[0m
[31] AI_FLAG_RANDOMIZE_SWITCHIN: AI will consider all mons that meet the specified threshold (type matchup effective move): [32mPASS[0m
[02] Dragon Darts strikes an opponent twice if the other one is fainted: [32mPASS[0m
[09] Trump Card increases in power if its PP is low: [32mPASS[0m
[31] AI_FLAG_SMART_MON_CHOICES: AI will properly consider immunities when determining switchin type matchup: [32mPASS[0m
[09] Explosion does not trigger Destiny Bond: [32mPASS[0m
[02] Electric Terrain lasts for 5 turns: [32mPASS[0m
[01] Grassy Seed raises the holder's Defense on Grassy Terrain: [32mPASS[0m
[02] Embargo disables the effect of the Memory items on the move Multi Attack: [32mPASS[0m
[02] Endeavor fails to change HP if the target has less HP than the user: [32mPASS[0m
[02] Entrainment fails on Dynamaxed Pokémon: [33mTO_DO[0m
[31] Switch AI: Palafin hard switches into absorb abilities instead of Flip Turn (Single): [32mPASS[0m
[02] Burn Up fails if the user isn't a Fire-type: [32mPASS[0m
[02] Final Gambit fails in Tera Raids: [33mTO_DO[0m
[31] AI_FLAG_SMART_SWITCHING: AI will switch out to cycle Intimidate when facing a physical attacker: [32mPASS[0m
[09] ignoresTargetAbility moves do not ignore the attacker's own ability: [32mPASS[0m
[02] AI will not Fake Out a target that its ally has slow KO on when seeing fast KO: [32mPASS[0m
[02] Flail can get a Critical Hit (Gen3+): [33mTO_DO[0m
[02] Flatter confuses the target even when they have their Sp. Atk maxed: [33mTO_DO[0m
[31] Switch AI: AI will switch out if it can't deal damage to a mon with Wonder Guard: [32mPASS[0m
[09] Sandstorm damage rounds properly when maxHP < 16: [32mPASS[0m
[02] Fling's berry effects are blocked by Shield Dust: [32mPASS[0m
[02] Focus Punch losing focus is considered as the last move used (Gen 3-4): [33mTO_DO[0m
[09] Strong winds don't affect Stealth Rock's damage: [32mPASS[0m
[31] When AI switches out due to having no move that affects the player, AI will send in a mon that can hit the player, even if not ideal: [32mPASS[0m
[02] Spotlight redirects single target moves used by the opposing side to Spotlight's target: [32mPASS[0m
[01] Full Heal, Heal Powder and Local Specialties heal a battler from being confused: [32mPASS[0m
[01] Elixir can be used if at least one move is missing PP in any slot: [33mTO_DO[0m
[02] Fury Cutter's base power resets if original user is forced to switch out: [32mPASS[0m
[31] AI partner will not switch into a player Pokémon after fainting (multi): [32mPASS[0m
[01] Revive does not grant a mon its pre-death status condition: [32mPASS[0m
[01] Poke Balls can't be thrown when an opposing wild battler is in a semi-invulnerable state: [33mTO_DO[0m
[02] Future Sight is affected by Beads of Ruin on the original slot: [32mPASS[0m
[01] Absorb does not drain any HP if user does 0 damage: [32mPASS[0m
[02] Baton Pass passes Gastro Acid's effect: [32mPASS[0m
[02] Grassy Glide's priority increases by 1 when the user is affected by Grassy Terrain: [33mTO_DO[0m
[01] Acrobatics still doubles in power when Flying Gem is consumed: [32mPASS[0m
[02] Grudge's effect doesn't trigger on indirect damage - Leech Seed: [32mPASS[0m
[02] Guard Swap switches the user's Defense and Sp. Def stat stages with the target: [33mTO_DO[0m
[01] Ally Switch updates attract battler: [32mPASS[0m
[02] Healing Wish effect activates even if the the switched Pokémon can't be healed (Gen4-7): [32mPASS[0m
[02] TODO: Write Heart Swap (Move Effect) test titles: [33mTO_DO[0m
[02] Hit Escape: U-Turn switches user out and target activates Pickpocket before replacement enters: [32mPASS[0m
[01] Ally Switch doesn't make self-targeting status moves fail: [32mPASS[0m
[02] Hit Escape: U-turn does not switch the user out if no replacements: [32mPASS[0m
[01] Aqua Ring fails if already active: [32mPASS[0m
[31] Protect: AI avoids Protect vs moves that ignore protection (Doubles): [32mPASS[0m
[01] Assist can call moves in unhatched Eggs (Gen5 only): [33mTO_DO[0m
[01] Assurance doubles in power if the target has been damaged in the same turn - Confusion: [33mTO_DO[0m
[01] Attract fails if the target is already infatuated: [32mPASS[0m
[01] Aurora Veil's damage reduction doesn't stack with Reflect or Light Screen: [33mTO_DO[0m
[02] Ice Spinner can be chosen by AI regardless if there is a terrain or not: [32mPASS[0m
[31] Dynamax: Dynamaxed Pokemon are immune to Instruct: [32mPASS[0m
[01] Autotomize decreases weight by 100kg (220 lbs.) each time it's used: [32mPASS[0m
[01] Baton Pass passes Magnet Rise's effect: [33mTO_DO[0m
[01] Bulletproof is immune to Beak Blast but not to the burn it causes: [33mTO_DO[0m
[02] Instruct-called move doesn't fail if tormented: [32mPASS[0m
[31] Dynamax: Dynamaxed Pokemon are not immune to Knock Off: [32mPASS[0m
[01] Beat Up lists each party member's name: [32mPASS[0m
[31] Dynamax: Dynamaxed Pokemon cannot be hit by weight-based moves: [32mPASS[0m
[02] Ion Deluge works the same way as always when used by a mon with Lightning Rod / Motor Drive: [32mPASS[0m
[01] AI: Belch has nonzero score after eating a berry: [32mPASS[0m
[30] AI will not choose to switch out Dondozo with Commander Tatsugiri: [32mPASS[0m
[02] Knock Off does not remove items through Substitute even if it breaks it: [32mPASS[0m
[01] Bestow doesn't fail if the user has Sticky Hold: [32mPASS[0m
[02] Last Resort works with Sleep Talk: [32mPASS[0m
[01] Bide deals twice the taken damage over two turns: [32mPASS[0m
[01] Attract fails if both the user and the target are genderless: [32mPASS[0m
[01] Ceaseless Edge sets up hazards after hitting the target: [32mPASS[0m
[01] Chloroblast has recoil if the target is behind a Substitute: [32mPASS[0m
[30] (Z-MOVE) Z-Nature Power transforms into different Z-Moves based on the current terrain: [32mPASS[0m
[01] Coaching bypasses Protect: [32mPASS[0m
[01] Conversion 2's type change considers Inverse Battles: [33mTO_DO[0m
[01] Copycat can only copy charging moves after it has been executed (Gen 4): [33mTO_DO[0m
[30] Air Balloon pops before it can be stolen by Thief: [32mPASS[0m
[02] Last Respects power is multiplied by the amount of fainted mon in the user's side - Player: [32mPASS[0m
[30] Berserk Gene does not cause an infinite loop: [32mPASS[0m
[02] Magic Coat fails if user moves last: [32mPASS[0m
[02] TODO: Write Magnitude (Move Effect) test titles: [33mTO_DO[0m
[01] Court Change used by the opponent swaps Mist, Safeguard, Aurora Veil, Reflect, Light Screen, Tailwind: [32mPASS[0m
[01] Defense Curl doubles the power of Rollout and Ice Ball: [33mTO_DO[0m
[02] Me First can be selected under Taunt in Gen5+: [32mPASS[0m
[02] TODO: Moonlight recovers 2/4 of the user's max HP while it is night or evening (Gen2): [33mTO_DO[0m
[30] Big Root increases the damage restored from Leech Seed, Ingrain and Aqua Ring: [32mPASS[0m
[02] Mud Sport reduces the damage of Electric Type moves by 50% (Gen3-4) or 67% (Gen5+): [32mPASS[0m
[02] No Retreat does not cause a freeze if a stat changing move is used afterwards: [32mPASS[0m
[01] Defog removes Stealth Rock and Sticky Web from target's side: [32mPASS[0m
[01] Destiny Bond's effect bypasses Focus Sash: [33mTO_DO[0m
[01] Disable's timer only counts down when trying to use a move (Gen 1-2): [33mTO_DO[0m
[01] Doodle can't copy a banned ability: [32mPASS[0m
[30] Covert Cloak does or does not block Sparkling Aria depending on number of targets hit: [32mPASS[0m
[31] (TERA) All type indicators function correctly - Opponent: [32mPASS[0m
[02] Octolock reduction is prevented by Clear Body, White Smoke and Full Metal Body: [32mPASS[0m
[01] Dragon Darts checks the unchosen target for accuracy: [32mPASS[0m
[30] Chesto and Lum Berries don't trigger if the holder has Comatose: [32mPASS[0m
[30] TODO: Write Damp Rock (Hold Effect) test titles: [33mTO_DO[0m
[30] TODO: Write Douse, Shock, Burn and Chill Drive (Hold Effect) test titles: [33mTO_DO[0m
[01] Dream Eater fails on awake targets: [32mPASS[0m
[02] Parting Shot: Soundproof and Good as Gold block Parting Shot: [32mPASS[0m
[30] Eject Pack does not activate if mon is switched in due to Eject Button: [32mPASS[0m
[31] Booster Energy will activate Protosynthesis after harsh sunlight ends: [32mPASS[0m
[01] Echoed Voice's power is multiplied for every consecutive turn used, capped at 5: [32mPASS[0m
[30] Enigma Berry recovers 25% of HP if hit by super effective move: [32mPASS[0m
[30] TODO: Write Soothe Bell (Hold Effect) test titles: [33mTO_DO[0m
[02] Pledge move combo fails if ally fails to act - Frozen Both Left Faster: [32mPASS[0m
[31] Clear Amulet prevents Intimidate: [32mPASS[0m
[01] Embargo can be reflected by Magic Coat: [32mPASS[0m
[02] The base power of a combined pledge move effect is 150: [32mPASS[0m
[30] Ground-type moves do neutral damage to non-grounded Flying types holding Iron Ball regardless of other typings (Gen5+): [32mPASS[0m
[01] Encore randomly chooses an opponent target (Gen 2-4): [32mPASS[0m
[02] Fire and Grass Pledge summons Sea Of Fire for four turns that damages the opponent: [32mPASS[0m
[31] Covert Cloak does not block self-targeting effects, primary or secondary: [32mPASS[0m
[31] TODO: Write Deep Sea Scale (Hold Effect) test titles: [33mTO_DO[0m
[01] Encore forces consecutive move uses for 3 turns: Encore used before move (Gen5+): [32mPASS[0m
[31] Eject Button activates and the attacker takes Life Orb recoil before replacement comes out: [32mPASS[0m
[01] Burn Up doesn't thaw the user if it fails due to the user not being Fire-type: [33mTO_DO[0m
[02] Poltergeist fails if the target isn't holding an item: [32mPASS[0m
[01] Fillet Away cuts the user's HP in half: [32mPASS[0m
[02] Powder blocks the target's Fire type moves and deals 25% of maximum HP to target: [32mPASS[0m
[01] First Impression can only be used on the user's first turn: [32mPASS[0m
[01] Flail's damage doesn't vary by a random factor (Gen2): [33mTO_DO[0m
[01] Flatter confuses the target even when at -6 Sp. Atk and has Contrary: [33mTO_DO[0m
[02] Protect may fail if used consecutively - 2nd time has 1/2 or 1/3 odds: [32mPASS[0m
[01] Fling's berry effects are blocked by Covert Cloak: [32mPASS[0m
[01] Focus Punch losing focus is not considered as the last move used (Gen 5+): [33mTO_DO[0m
[31] Eject Pack: Only the fastest Eject Pack will activate after intimidate (switch in after 2 mons fainted): [32mPASS[0m
[31] Gem is consumed if the move type is changed: [32mPASS[0m
[02] Protect: Baneful Bunker doesn't poison attacker when charging a two turn move: [32mPASS[0m
[31] Jaboca Berry is triggered even if berry user faints: [32mPASS[0m
[01] Focus Punch activates only if not damaged: [32mPASS[0m
[01] Frustration's power increases the lower friendship of the user is: [33mTO_DO[0m
[02] Psychic Terrain lasts for 5 turns: [32mPASS[0m
[02] TODO: Write Psycho Shift (Move Effect) test titles: [33mTO_DO[0m
[31] Leftovers does nothing if max HP: [32mPASS[0m
[02] TODO: Write Punishment (Move Effect) test titles: [33mTO_DO[0m
[31] TODO: Write Light Clay (Hold Effect) test titles: [33mTO_DO[0m
[01] Toxic Chain can inflict bad poison from Future Sight if the user is still on the field: [32mPASS[0m
[31] Mental Herb cures Taunt volatile status (Gen 5+): [32mPASS[0m
[02] Pursuit user faints to Life Orb and target still switches out: [32mPASS[0m
[01] Baton Pass removes Gastro Acid if its ability cannot be surpressed: [32mPASS[0m
[01] Dynamax: Grassy Glide's priority doesn't increase for the Max Move it becomes: [33mTO_DO[0m
[31] Metronome Item gradually boosts power of consecutively used moves by 20%, up to 100%: [32mPASS[0m
[31] TODO: Write Muscle Band (Hold Effect) test titles: [33mTO_DO[0m
[02] Pursuit user mega evolves before attacking a switching foe and others mega evolve after switch: [32mPASS[0m
[01] Grudge's effect doesn't trigger on indirect damage - Future Sight: [32mPASS[0m
[31] Quick Claw activates 20% of the time: [32mPASS[0m
[01] Guard Split averages users and targets Def and Sp. Def stats: [32mPASS[0m
[31] Weakness berries do not activate unless a move is super effective: [32mPASS[0m
[02] Pursuit doesn't attack a foe using Teleport / Baton Pass to switch out: [32mPASS[0m
[31] Ring Target lets Ground-type moves hit Flying-type holders: [32mPASS[0m
[31] Safety Goggles blocks damage from Hail: [32mPASS[0m
[31] Shell Bell doesn't restore HP for damage dealt by a foreseen move: [32mPASS[0m
[02] Rage Fist maximum base power is 350: [32mPASS[0m
[01] Healing Wish effect activates only if the switched Pokémon can be healed (Gen8+): [32mPASS[0m
[31] Petaya Berry raises the holder's Sp. Atk by one stage when HP drops to 1/4 or below: [32mPASS[0m
[01] Hit Escape: U-turn does not switch the user out if replacements fainted: [32mPASS[0m
[01] Ice Spinner will remove terrain if target is behind a Substitute: [32mPASS[0m
[31] Throat Spray activates when a sound move is used: [32mPASS[0m
[02] Recoil if miss: Jump Kick's recoil happens after Spiky Shield damage and Pokemon can faint from either of these: [32mPASS[0m
[01] Ingrain can be used under Heal Block but will not heal the user: [32mPASS[0m
[01] Instruct-called status moves don't fail if holding Assault Vest: [32mPASS[0m
[02] Rest doesn't fail if the user is protected by Flower Veil: [32mPASS[0m
[31] Zoom Lens boosts accuracy when the target has already moved this turn: [32mPASS[0m
[01] Ion Deluge makes Normal type moves Electric type: [32mPASS[0m
[31] Awakening heals a battler from being asleep: [32mPASS[0m
[01] Knock Off doesn't knock off other form-change hold items from Pokemon that actually use them: [32mPASS[0m
[02] Retaliate doubles in base power the turn after an ally faints (opponent): [32mPASS[0m
[31] Antidote heals a battler from being poisoned: [32mPASS[0m
[31] Poke Toy lets the player escape from a wild battle even if an ability forbid them to: [32mPASS[0m
[01] Knock Off does not remove items through Protect: [32mPASS[0m
[01] AI uses Last Resort - 2 moves: [32mPASS[0m
[31] Full Restore resets Toxic Counter: [32mPASS[0m
[02] Revival Blessing correctly updates battler absent flags: [32mPASS[0m
[30] Light Ball doubles Pikachu's Special Attack: [32mPASS[0m
[02] Roar switches the target with a random non-battler, non-fainted replacement: [32mPASS[0m
[30] Ally Switch increases the Protect-like moves counter (Gen9+): [32mPASS[0m
[02] Round usages beyond the first one has double base power: [32mPASS[0m
[30] Aqua Ring restores 30% more HP when holding Big Root: [32mPASS[0m
[30] Assist randomly calls a move from any party member: [33mTO_DO[0m
[31] Full Restore heals a battler from any primary status: [32mPASS[0m
[30] Attract fails when used on a genderless Pokémon: [32mPASS[0m
[02] Hurricane's accuracy is lowered to 50% in Sunlight: [32mPASS[0m
[30] Aurora Veil doesn't reduce damage done by moves that do direct damage: [33mTO_DO[0m
[01] Last Respects power is multiplied by the amount of fainted mon in the user's side - Opponent: [32mPASS[0m
[30] Autotomize's weight reduction cannot be Baton Passed: [33mTO_DO[0m
[30] Baton Pass passes Minimize's evasion but not the weakness to stomping moves: [33mTO_DO[0m
[30] Baton Pass switches out the user: [33mTO_DO[0m
[31] Absorb does not drain any HP if the move is blocked by Disguise: [32mPASS[0m
[02] Toxic Thread still lowers speed if the target can't be Poisoned: [32mPASS[0m
[30] Beat Up's base power is the same for each strike: [32mPASS[0m
[01] Magic Coat fails when the only slower battler is a fainted ally: [32mPASS[0m
[31] Sand Attack lowers Accuracy by 1 stage: [32mPASS[0m
[01] Magnitude message is printed before failing because of Levitate: [32mPASS[0m
[30] Belch can still be used after switching out: [32mPASS[0m
[01] Me First deducts power points from itself, not the copied move: [32mPASS[0m
[30] Bestow fails if the target is behind a Substitute (Gen 6+): [32mPASS[0m
[31] Ally Switch doesn't increase the Protect-like moves counter (Gen5-8): [32mPASS[0m
[01] Miracle Eye removes Dark-type immunity to Psychic-type moves: [32mPASS[0m
[01] TODO: Moonlight recovers 2/2 of the user's max HP in Sunlight while it is night or evening (Gen2): [33mTO_DO[0m
[31] Aqua Ring recovers 1/16th HP at end of turn: [32mPASS[0m
[31] Assist can be used by wild Pokémon in Wild Double Battles, even if the partner faints: [33mTO_DO[0m
[31] Assurance doubles in power if the target has been damaged in the same turn - Rocky Helmet: [33mTO_DO[0m
[01] Morning Sun recovers 1/2 of the user's max HP (Gen3+): [32mPASS[0m
[30] Bide hits the last Pokémon that attacked the user, even allies: [32mPASS[0m
[31] Attract fails when used on a Pokémon of the same gender: [32mPASS[0m
[31] Aurora Veil doesn't reduce confusion damage: [33mTO_DO[0m
[30] Camouflage changes the type of the user based on battle environment: [33mTO_DO[0m
[31] Autotomize cannot decrease weight below 0.1kg (0.2 lbs): [33mTO_DO[0m
[31] Baton Pass doesn't pass Mimic's learnt move: [33mTO_DO[0m
[01] Natural Gift does not remove berry if user is ejected out: [32mPASS[0m
[31] Baton Pass used after Memento works correctly: [32mPASS[0m
[30] Ceaseless Edge can set up to 3 layers of Spikes: [32mPASS[0m
[01] No Retreat won't fail if user is prevented from escaping: [32mPASS[0m
[31] Beat Up's damage doesn't consider STAB: [32mPASS[0m
[01] Octolock Defense reduction is prevented by Big Pecks: [32mPASS[0m
[10] Move Animations work 4: [32mPASS[0m
[30] Chilly Reception switches the user out, even if the weather does not change: [32mPASS[0m
[01] OHKO moves can can be endured by Sturdy: [32mPASS[0m
[31] Belch cannot be used if the user has not eaten a berry: [32mPASS[0m
[30] Coaching fails if all allies are is semi-invulnerable: [32mPASS[0m
[02] Brick Break, Psychic Fangs, and Raging Bull don't remove Light Screen, Reflect and Aurora Veil if it misses: [32mPASS[0m
[31] Bide fails if no damage has been dealt to the user: [32mPASS[0m
[30] Conversion 2's type change considers Struggle to be Normal type (Gen 1-4): [32mPASS[0m
[30] Copycat cannot copy Bide's final turn (Gen 4): [33mTO_DO[0m
[02] Poison cannot be inflicted on Poison and Steel-type Pokémon: [32mPASS[0m
[02] Secret Power lowers Sp. Atk in Misty Terrain: [32mPASS[0m
[31] Captivate decreases the target's Sp. Attack if they're opposite gender from the user - Doubles: [32mPASS[0m
[01] Parting Shot: Stat drop prevention by abilities/items switches (Gen6): [32mPASS[0m
[02] Sticky Syrup is not reflected by Mirror Armor: [32mPASS[0m
[31] Chilly Reception sets up snow and switches the user out: [32mPASS[0m
[02] Jaw Lock traps both opponents: [32mPASS[0m
[01] Pledge moves can not be redirected by absorbing abilities: [32mPASS[0m
[30] Court Change used by the player swaps G-Max Vine Lash, G-Max Wildfire, G-Max Cannonade: [32mPASS[0m
[31] Coaching bypasses Crafty Shield: [32mPASS[0m
[02] Shell Side Arm can be mirror coated if it is special: [32mPASS[0m
[01] Sea Of Fire deals 1/8th damage per turn: [32mPASS[0m
[31] Conversion 2 randomly changes the type of the user to a type that resists the last move that hit the user (Gen 1-4): [32mPASS[0m
[31] Copycat can only copy recharging moves after it has been executed (Gen 4): [33mTO_DO[0m
[01] Poltergeist reveals the target's item before dealing damage: [32mPASS[0m
[02] Shell Trap activates immediately after being hit on turn 3 and attacks both opponents: [32mPASS[0m
[01] Powder fails if the target has Overcoat (Gen6+): [32mPASS[0m
[02] Sky Drop does not mistake a replacement using Fly for its original target: [32mPASS[0m
[01] Powder blocks the target's Fire type moves and consumes PP: [32mPASS[0m
[30] Defog removes Reflect and Light Screen from target's side: [32mPASS[0m
[02] Sky Drop fails on targets heavier or equal than 200kg: [32mPASS[0m
[30] Baton Pass doesn't pass Disable's effect: [33mTO_DO[0m
[31] Court Change used by the player swaps G-Max Steelsurge: [32mPASS[0m
[31] Defense Curl's effect cannot be stacked: [33mTO_DO[0m
[02] Sleep Talk fails if no moves work: [32mPASS[0m
[30] Doodle fails if partner has a banned Ability: [32mPASS[0m
[02] Snatch: If the snatched move would be blocked by Heal Block, the snatched move will fail: [32mPASS[0m
[02] Soak/Magic Powder fails if the target is already Water/Psychic: [33mTO_DO[0m
[30] Dragon Darts strikes will be both redirected to Follow Me user: [32mPASS[0m
[30] Dream Eater works on targets with Comatose: [32mPASS[0m
[02] Speed Swap doesn't swap user and target's speed modifiers: [32mPASS[0m
[30] Echoed Voice's power increase is reset when no battler uses it successfully during a turn: [32mPASS[0m
[30] Embargo doesn't prevent the usage of Z-Moves: [33mTO_DO[0m
[30] Embargo blocks an affected Pokémon's trainer from using items: [33mKNOWN_FAILING[0m
test/battle/move_effect/embargo.c:44: EXPECT_EQ(21, 1) failed
[02] Steel Roller wont be chosen by AI if there is no terrain on the field: [32mPASS[0m
[31] Defog removes Stealth Rock and Sticky Web from user's side (Gen 6+): [32mPASS[0m
[31] Disable's timer counts down regardless of the action (Gen 3+): [33mTO_DO[0m
[30] Encore overrides the chosen move if it occurs first: [32mPASS[0m
[31] Doodle fails if user has a banned Ability: [32mPASS[0m
[30] Endure does not prevent multiple hits and stat changes occur at the end of the turn: [32mPASS[0m
[02] Stomping Tantrum will not deal double damage if spread moved failed one target: [32mPASS[0m
[01] Protect may fail if used consecutively - 3rd time has 1/4 or 1/9 odds: [32mPASS[0m
[02] Strength Sap fails if move missed: [32mPASS[0m
[30] Burn Up user loses its Fire-type if enemy faints: [32mPASS[0m
[02] AI uses Stuff Cheeks: [32mPASS[0m
[30] Fillet Away's HP cost doesn't trigger effects that trigger on damage taken: [32mPASS[0m
[31] Dragon Darts strikes the other opponent twice if the chosen target misses: [32mPASS[0m
[02] Sucker Punch hits targets using Me First: [32mPASS[0m
[02] TODO: Synthesis recovers 2/2 of the user's max HP in Sunlight while it is day (Gen2): [33mTO_DO[0m
[31] Echoed Voice's power does not change until the end of the turn: [32mPASS[0m
[01] Protect: Burning Bulwark burns Pokémon for moves making contact: [32mPASS[0m
[30] Final Gambit faints user and target: [32mPASS[0m
[30] Super Fang does 50% damage to the target's current HP: [33mTO_DO[0m
[30] Flail has 40 power when HP is greater or equal than 35.4% (Gen2-3): [33mTO_DO[0m
[02] Taunt lasts for 2 turns (Gen 3): [32mPASS[0m
[01] Psychic Terrain protects grounded battlers from priority moves: [32mPASS[0m
[01] TODO: Write Psywave (Move Effect) test titles: [33mTO_DO[0m
[31] Embargo doesn't prevent Primal Reversion: [32mPASS[0m
[30] Fling deals damage based on a TM's move power if reusable or fails if breakable: [32mPASS[0m
[02] Telekinesis ends after 3 turns: [32mPASS[0m
[31] Embargo blocks the effect of an affected Pokémon's held item: [32mPASS[0m
[02] Tera Starstorm remains Normal-type if used by Pokemon other than Terapagos: [32mPASS[0m
[30] Flower Shield raises the defense of all Grass-type Pokémon: [32mPASS[0m
[30] Focus Punch will use the selected move's priority when being Encored into Focus Punch: [33mTO_DO[0m
[01] Pursuit user switches out due to Red Card and partner's switch is cancelled if switching to same Pokémon: [32mPASS[0m
[31] Encore has no effect if no previous move: [32mPASS[0m
[31] Endure allows the user to survive any attack with 1 HP left: [33mTO_DO[0m
[31] (TERA) Burn Up user does not lose their Fire type if they've Terastallized into Fire type: [33mTO_DO[0m
[02] Tidy Up raises Attack and Speed by one after clearing hazards on opposing field: [32mPASS[0m
[31] Fillet Away fails if user's current HP is half or less than half its maximum: [32mPASS[0m
[02] Toxic Spikes: Only two layers can be set up: [32mPASS[0m
[01] Pursuit user terastalizes before attacking a switching foe and gets the damage boost from the tera type: [32mPASS[0m
[30] Focus Punch activates when Focus Band/Focus Sash blocks OHKO move: [32mPASS[0m
[30] Frustration does 1 damage at max Friendship (Gen3+): [33mTO_DO[0m
[30] Fusion Flare and Fusion Bolt double in power if the other move was immediately used in the same turn: [33mTO_DO[0m
[02] Transform returns the user to normal at the end of the battle after fainting: [32mPASS[0m
[01] Rage volatile is cleared when using a different move: [32mPASS[0m
[31] Final Gambit faints the user, and the target receives damage equal to the user's HP: [32mPASS[0m
[31] Flail has 20 power when HP is greater or equal than 67.2% (Gen4+): [33mTO_DO[0m
[02] Trick fails if both battlers have no held item: [32mPASS[0m
[02] Accuracy for Triple Kick is only checked for the first hit with Loaded Dice: [33mTO_DO[0m
[30] Future Sight is not boosted by Life Orb is original user if not on the field: [32mPASS[0m
[31] Fling deals damage based on items fling power: [32mPASS[0m
[31] Baton Pass passes Focus Energy's effect: [33mTO_DO[0m
[31] Focus Punch's initial message is not considered as using the move for Zoom Lens: [33mTO_DO[0m
[02] Sky Attack doesn't need to charge with Power Herb: [32mPASS[0m
[02] Flying Press triggers Chople Berry, even when it wouldn't be super effective with regular Fighting-type moves: [33mTO_DO[0m
[30] If Glaive Rush is successful moves targeted at the user do not check accuracy: [32mPASS[0m
[31] Focus Punch activation is based on Speed: [32mPASS[0m
[31] Follow Me does not redirect Future Sight/Doom Desire (Gen 6+): [33mTO_DO[0m
[31] Foresight causes all moves against the target to ignore evasion stat changes (Gen 3): [33mTO_DO[0m
[31] Frustration does 0 damage at max Friendship (Gen2): [33mTO_DO[0m
[02] Venom Drench lowers stats of a poisoned target - Doubles: [32mPASS[0m
[01] Rage Fist hit counter does not wrap after 32 hits: [32mPASS[0m
[30] Sparkly Swirl cures the entire party: [32mPASS[0m
[02] Wish restores 50% of the recipient's HP when switching (Gen3-4): [32mPASS[0m
[31] Toxic Chain does not trigger from Future Sight if the user is not on the field: [32mPASS[0m
[01] Recoil if miss: Jump Kick recoil happens after Spiky Shield damage: [32mPASS[0m
[30] Heal Pulse can heal partner: [32mPASS[0m
[30] TODO: Write Pollen Puff (Move Effect) test titles: [33mTO_DO[0m
[01] Reflect Damage: Mirror Coat works when surviving OHKO move with Disguise: [32mPASS[0m
[01] Reflect Damage: Counter deals 1 damage when the attack received is blocked by Disguise: [32mPASS[0m
[30] Hit Escape: U-turn switches the user out if Wimp Out fails to activate: [32mPASS[0m
[01] TODO: Write Rest (Move Effect) test titles: [33mTO_DO[0m
[31] Future Sight uses Sp. Atk stat of the original user without modifiers: [32mPASS[0m
[30] Hydro Steam is affected by Utility Umbrella: [32mPASS[0m
[31] Growth increases Attack and Sp. Atk by 1 stage or 2 stages under Sun (Gen 5+): [32mPASS[0m
[31] TODO: Write Heal Block (Move Effect) test titles: [33mTO_DO[0m
[31] Heal Pulse heals the target by 1/2 of it's maxHP: [32mPASS[0m
[30] Instruct fails if move is banned by Instruct: [32mPASS[0m
[31] Hit Escape: U-turn will switch if the target is behind a Substitute: [32mPASS[0m
[30] Knock Off does not activate if user faints: [32mPASS[0m
[31] Hit Escape: U-turn does not switch the user out if Wimp Out activates: [32mPASS[0m
[30] Knock Off does not prevent targets from receiving another item in Gen 5+: [32mPASS[0m
[31] Hydro Steam deals 1.5x damage under both Sunlight and Rain: [32mPASS[0m
[31] Instruct fails if target hasn't made a move: [32mPASS[0m
[31] Knock Off doesn't knock off begin-battle form-change hold items from Pokemon that actually use them: [32mPASS[0m
[02] criticalHitStage set to 1 increases critical hits occur at a 1/8 rate (Gen 2+) or x8 times more likely (Gen 1): [32mPASS[0m
[31] Recycle cannot recover an item removed by Knock Off: [32mPASS[0m
[31] AI uses Last Resort - 4 moves: [32mPASS[0m
[31] Last Respects does not count an opposing partner Trainer's fainted Pokemon in a multi battle: [32mPASS[0m
[31] Lock-On: When locked on target faints, the volatile will be removed: [32mPASS[0m
[31] Magic Coat activates on the fastest opposing mon for hazard setting moves (raw speed): [32mPASS[0m
[01] Retaliate works with passive damage: [32mPASS[0m
[31] Mean Look: user Baton Pass releases target (Gen 5+): [32mPASS[0m
[01] Toxic Thread still lowers speed if the target is already Poisoned: [32mPASS[0m
[31] Miracle Eye causes moves against the target to ignore positive evasion stat stages: [32mPASS[0m
[31] Natural Gift removes the berry if user missed: [32mPASS[0m
[31] Noble Roar reduces the target's Attack and Sp. Attack by 1 stage each: [32mPASS[0m
[30] Lash Out damage is boosted if the user's stats are dropped the turn it is used: [32mPASS[0m
[31] Octolock will not decrease Defense and Sp. Def further then minus six: [32mPASS[0m
[31] OHKO moves fail by level before checking Sturdy: [32mPASS[0m
[31] Parting Shot: Flower Veil prevents stat drops and switches (Gen6): [32mPASS[0m
[30] Sea Of Fire does not damage Fire-types or Magic Guard Pokemon: [32mPASS[0m
[31] Parting Shot: Magic Coat bounces it and switches the target out and original user doesn't switch out: [32mPASS[0m
[31] Pledge move combo doesn't trigger on opponent's Pledge move - Volt Absorb: [32mPASS[0m
[30] Powder prevents Protean/Libero from changing its user to Fire type: [32mPASS[0m
[31] Pledge move combo fails if ally fails to act - Paralyzed Both Left Faster: [32mPASS[0m
[30] Present healing through Wonder Guard is still considered to have affected the target: [32mPASS[0m
[01] Brick Break, Psychic Fangs, and Raging Bull can remove Light Screen, Reflect and Aurora Veil on users side: [32mPASS[0m
[30] Crafty Shield does not protect against status moves used on the user's side: [32mPASS[0m
[31] Pledge moves get same attack type bonus from partner: [32mPASS[0m
[01] Pay Day Scatters coins around after it hits - singles: [32mPASS[0m
[31] Poltergeist doesn't reveal the target's item if user fails to use the move: [32mPASS[0m
[01] Sparkling Aria cures burns from all Pokemon on the field and behind substitutes: [32mPASS[0m
[01] Secret Power doesn't inflict secondary effects when user fainted: [33mTO_DO[0m
[31] Powder still blocks the target's Fire type moves even if it was given Overcoat: [32mPASS[0m
[01] Sticky Syrup stat drop is prevented by Mist: [32mPASS[0m
[31] Powder doesn't damage target if it has Magic Guard: [32mPASS[0m
[01] Throat Chop prevents the usage of sound moves: [32mPASS[0m
[31] Protect doesn't fail if used consecutively if broken by Feint: [32mPASS[0m
[31] Protect: Burning Bulwark doesn't burn attacker when charging a two turn move: [32mPASS[0m
[01] Shell Side Arm does not change category mid-turn: [32mPASS[0m
[31] Psychic Terrain protects grounded battlers from priority moves in doubles - Left: [32mPASS[0m
[01] Shell Trap targets correctly if one of the opponents has fainted: [32mPASS[0m
[31] Psychic Terrain increases power of Psychic-type moves by 30/50 percent: [32mPASS[0m
[01] Sky Drop does not mistake a replacement being held by another battler's Sky Drop for its original target: [32mPASS[0m
[31] Pursuit doesn't trigger a switching mon's Eject Button: [32mPASS[0m
[01] Sky Drop cancels targets two turn moves: [32mPASS[0m
[31] Pursuit affected by Electrify fails against immune target: [32mPASS[0m
[01] Sleep Talk can still use moves with no PP: [32mPASS[0m
[31] Pursuit doesn't attack switching foe if user already acted that turn: [32mPASS[0m
[01] Snatch: If a sound move is snatched while under Throat Chop, the move can not be used: [32mPASS[0m
[01] Soak/Magic Powder fails if the target has Multitype or RKS System: [33mTO_DO[0m
[31] Rage does not build Attack from status moves: [32mPASS[0m
[31] Rage Fist base power is not increased if a substitute was hit: [32mPASS[0m
[01] Speed Down: Cotton Spore does not fail if it is blocked by one target: [32mPASS[0m
[01] Steel Roller will remove terrain if target is behind a Substitute: [32mPASS[0m
[31] Recoil if miss: Disguise doesn't prevent crash damage from Jump Kick into ghost types: [32mPASS[0m
[31] Reflect Damage: Counter works when surviving OHKO move with Disguise: [32mPASS[0m
[31] Refresh does not cure the user of Freeze: [32mPASS[0m
[31] Roar fails if no replacements: [32mPASS[0m
[01] Sticky Web has correct interactions with Mirror Armor - no one has their Speed lowered if the set upper fainted: [32mPASS[0m
[31] Roost does not suppress the ungrounded effect of Magnet Rise: [32mPASS[0m
[01] TODO: Write Stored Power (Move Effect) test titles: [33mTO_DO[0m
[01] Struggle deals recoil 1/4 of damage dealt (Gen 2-3): [33mTO_DO[0m
[01] Sucker Punch doesn't hit targets that has already moved: [32mPASS[0m
[01] TODO: Synthesis recovers 2/8 of the user's max HP in Rain, Sandstorm, Hail, and Snow while it is day (Gen2): [33mTO_DO[0m
[31] Roost suppresses the user's Flying-typing this turn, then restores it at the end of the turn: [32mPASS[0m
[31] Round still preserves the turn order outside of the other Round users moving immediately with switch: [32mPASS[0m
[31] Hurricane can hit airborne targets (Fly, Bounce): [32mPASS[0m
[31] Mind Blown causes the user & the target to faint when below 1/2 of its Max HP: [32mPASS[0m
[31] Toxic Thread fails if speed can't be lowered due to Clear Body and status can't be inflicted: [32mPASS[0m
[31] Brick Break, Psychic Fangs, and Raging Bull remove screens in the following order - Reflect, Light Screen, Aurora Veil: [32mPASS[0m
[30] Protect: Recoil damage is not applied if target was protected: [32mPASS[0m
[31] Ember cannot burn a Fire-type Pokémon: [32mPASS[0m
[31] Clanging Scales lowers defense by one stage if it hits both targets: [32mPASS[0m
[01] Taunt lasts for 3-5 turns (Gen 4): [32mPASS[0m
[31] Eerie Spell's PP reduction is blocked by Covert Cloak: [32mPASS[0m
[01] Flying Press under Electrify does both Electric and Flying-type for type effectiveness: [33mTO_DO[0m
[30] Alluring Voice confuses the target if the target raised a stat this turn: [32mPASS[0m
[31] Flame Burst Substitute: [32mPASS[0m
[01] Uproar status causes sleeping Pokémon to wake up before they move except those with Soundproof (Gen 3-4): [32mPASS[0m
[30] Flame Burst doesn't crash, opponent to player: [32mPASS[0m
[31] Incinerate destroys Oran Berry before it can restore HP: [32mPASS[0m
[01] Wish heals the user at the end of the next turn: [32mPASS[0m
[30] Incinerate destroys Rowap Berry before it can damage the attacker: [32mPASS[0m
[31] Ion Duldge turns normal moves into electric for the remainder of the current turn: [32mPASS[0m
[30] Plasma Fists turns normal moves into electric for the remainder of the current turn: [32mPASS[0m
[31] Thunder Shock inflicts paralysis: [32mPASS[0m
[31] Baddy Bad can still damage the target when Reflect is already set up: [33mTO_DO[0m
[01] Struggle will be used if slow Encore is used on moves with the cantUseTwice flag: [32mPASS[0m
[31] Salt Cure inflicts 1/8 of the target's maximum HP as damage per turn: [32mPASS[0m
[01] Recoil: Flare Blitz deals 33% of recoil damage to the user and can burn target: [32mPASS[0m
[30] Thunder Shock cannot paralyze an Electric-type (Gen6+): [32mPASS[0m
[31] Steath Rock: Rock from G-Max Stonesurge are set up before any ability activation: [32mPASS[0m
[01] Starting sharp steel damages the opposing switch-in: [32mPASS[0m
[01] Freeze is thawed by opponent's attack that can thaw the user if not Sheer Force affected (Gen 6+): [32mPASS[0m
[30] Salt Cure inflicts 1/4 to Water/Steel types of their maximum HP as damage per turn: [32mPASS[0m
[31] Throat Chop usage when target is already prevented from using sound moves doesn't reset timer: [32mPASS[0m
[30] Throat Chop usage causes Uproar to end at the end of the turn: [32mPASS[0m
[31] Shed Tail creates a Substitute at the cost of 1/2 users maximum HP and switches the user out: [32mPASS[0m
[01] Frostbite deals 1/8th damage (Gen1-6) or 1/16th (Gen7+) per turn: [32mPASS[0m
[30] Shed Tail fails if the user doesn't have enough HP: [32mPASS[0m
[01] Hail deals 1/16 damage per turn: [32mPASS[0m
[31] Encore fails if target has active Shell Trap waiting: [32mPASS[0m
[30] Shell Trap fails if an other -3 or lower priority Move is used: [32mPASS[0m
[31] Skill Swap only swaps user's ability with target's ability: [32mPASS[0m
[30] Skill Swap doesn't display ability popups when swapping with an ally: [32mPASS[0m
[31] Sky Drop fails if the targe is in a semi-invulnerable state: [32mPASS[0m
[31] Sleep Talk fails if user is taunted: [32mPASS[0m
[30] Sky Drop will be canceled if it is electrified and holding a target with Volt Absorb: [32mPASS[0m
[31] Smack Down grounds flying type pokemon: [32mPASS[0m
[30] Sleep Talk calls move and that move may be redirected by Lightning Rod: [32mPASS[0m
[30] TODO: Write Sp.Def +1 (Move Effect) test titles: [33mTO_DO[0m
[31] Snore fails if not asleep: [32mPASS[0m
[01] Strong winds prevent other weather abilities: [32mPASS[0m
[31] Spikes damage on subsequent switch ins: [32mPASS[0m
[31] Stealth Rock damages the correct Pokémon when Eject Button is triggered: [32mPASS[0m
[31] Sticky Web is placed on the correct side after Explosion: [32mPASS[0m
[31] Stomping Tantrum will deal double damage if hit into an immunity ability: [32mPASS[0m
[31] Stone Axe sets up hazards after hitting the target: [32mPASS[0m
[31] Struggle deals recoil 1/4 of user's hp (Gen 4+): [32mPASS[0m
[31] Taunt lasts for 4 turns if target already moved (Gen 5+): [32mPASS[0m
[31] Baton Pass passes Telekinesis' effect: [33mTO_DO[0m
[30] Spikes do not damage airborne Pokemon: [32mPASS[0m
[30] Trick fails if either item is a Z-Crystal: [32mPASS[0m
[30] Solar Beam's power is halved in Rain: [32mPASS[0m
[30] Uproar status causes sleeping Pokémon to wake up immediately after damage is dealt on the first turn (Gen 5+): [32mPASS[0m
[30] Wish is blocked by Heal Block: [32mPASS[0m
[31] Tera Blast has correct effectiveness for every Tera Type: [32mPASS[0m
[30] Moves with the cantUseTwice flag alternate with Struggle if it is the only usable move left: [32mPASS[0m
[30] Recoil: Flare Blitz is absorbed by Flash Fire and no recoil damage is dealt: [32mPASS[0m
[31] Strong winds can be replaced by Desolate Land: [32mPASS[0m
[31] Sunny Day fails if Primordial Sea is active: [32mPASS[0m
[30] SetStartingStatus can start Spikes on the player side: [32mPASS[0m
[30] Sleep: Spore doesn't affect grass types (Gen6+): [32mPASS[0m
[30] Hail damage does not affect Ice-type Pokémon: [32mPASS[0m
[30] Strong winds can be replaced by Primordial Sea: [32mPASS[0m
[30] Strong winds remove Flying-type weaknesses of all battlers: [32mPASS[0m
[16] Move Animations work 1: [32mPASS[0m

- Tests [33mKNOWN_FAILING[0m:   13
- Tests [33mTO_DO[0m:           595
- Tests [32mEXPECT_FAILING[0m:  8
- Tests [32mPASSED[0m:          4931
- Tests [34mTOTAL[0m:           5547

